placa,label_date,default_flag,reason
0116YXA,2025-07-17,1,low_coverage_active
0603561C,2025-07-27,0,stable
060374K,2025-07-27,0,stable
060381K,2025-07-31,0,stable
060820K,2025-07-31,1,stable|noise
060845K,2025-07-31,0,stable
060863K,2025-07-23,0,stable
060874K,2025-07-31,0,stable
061238K,2025-04-09,0,stable
061288K,2025-07-31,0,stable
061706K,2025-02-12,1,low_coverage_active
061802K,2025-02-24,1,low_coverage_active
061803K,2025-02-03,1,low_coverage_active
061899K,2025-06-18,1,low_coverage_active
0NXA9936,2025-06-24,1,low_coverage_active
1050,2024-11-01,1,low_coverage_active
109327,2025-07-26,1,low_coverage_active
109456,2024-08-31,1,low_coverage_active|noise
11G896,2025-07-29,1,low_coverage_active
120053K,2025-01-17,0,stable
120370K,2024-06-29,0,stable
120466K,2025-01-24,1,low_coverage_active
120768K,2025-05-16,1,low_coverage_active
121368K,2024-11-07,1,low_coverage_active
121440K,2024-12-20,0,stable
122409K,2024-04-12,0,stable
122432K,2023-12-13,0,stable
1247JGE,2024-10-31,1,low_coverage_active|noise
1260079,2025-03-06,1,low_coverage_active
1387JGE,2025-07-05,1,low_coverage_active
1416JFHA,2024-02-15,1,low_coverage_active
1507EDM016,2025-07-08,0,stable
1507MDF049,2024-03-17,1,low_coverage_active
1511MDF034,2024-01-28,1,low_coverage_active
1512EDM010,2025-05-21,1,low_coverage_active
1602MDF050,2024-02-06,1,low_coverage_active
1603MDF019,2025-02-11,1,low_coverage_active
1610MDF004,2024-09-18,1,low_coverage_active
1610MDF123,2024-05-13,1,low_coverage_active
1611MDF003,2025-07-31,1,low_coverage_active
1612MDF009,2024-02-27,1,low_coverage_active
1701MDF078,2025-01-15,1,low_coverage_active
1701MDF118,2024-12-27,1,low_coverage_active
1703MDF193,2023-09-25,1,low_coverage_active
1704EDM001,2025-07-30,1,low_coverage_active
1704MDF094,2024-11-10,1,low_coverage_active
1705MDF058,2024-09-03,1,low_coverage_active
1706MDF121,2024-04-19,1,low_coverage_active
1708MDF054,2025-07-10,1,low_coverage_active
1710MDF045,2024-10-05,1,low_coverage_active
1711MDF017,2023-11-21,1,low_coverage_active
1711MDF033,2024-03-07,1,low_coverage_active|noise
1711MDF126,2025-02-20,1,low_coverage_active
1712MDF018,2024-06-08,1,low_coverage_active
1712MDF125,2024-04-04,1,low_coverage_active
1712MDF126,2024-10-26,1,low_coverage_active
1712MDF131,2024-08-19,0,stable
1712MDF162,2023-10-18,1,low_coverage_active
1800827,2025-07-18,1,low_coverage_active
1801MDF009,2025-04-15,1,low_coverage_active
1802709,2025-02-03,1,low_coverage_active
1802MDF002,2025-03-03,1,low_coverage_active
1802MDF053,2025-03-21,1,low_coverage_active
1802MDF058,2025-07-27,1,low_coverage_active
1803342,2025-04-19,1,low_coverage_active
1804272,2024-08-15,1,low_coverage_active
1804501,2023-11-11,1,low_coverage_active
1804586,2025-04-30,1,low_coverage_active
1912VLL28,2025-01-28,1,low_coverage_active|noise
2000012,2024-07-19,1,low_coverage_active
2000578,2025-05-02,1,low_coverage_active
2000705,2025-06-18,1,low_coverage_active
203ZCT,2025-07-30,1,low_coverage_active
225C,2025-07-31,0,stable
2617JGE,2024-01-06,1,low_coverage_active|noise
2900JGE,2024-12-30,1,low_coverage_active
299TLA,2024-12-31,1,low_coverage_active
305,2024-09-04,1,low_coverage_active
308C,2025-07-31,0,stable
320C,2025-01-30,0,stable
329VBS,2025-07-31,1,low_coverage_active
330C,2024-11-03,0,stable
370,2024-09-11,1,low_coverage_active
3866GMK,2025-06-14,1,low_coverage_active
4000009,2025-06-03,1,low_coverage_active|noise
400TL078,2024-09-28,1,stable|noise
400TL310,2025-07-10,1,low_coverage_active
400TL319,2025-07-31,0,stable
403TL113,2025-05-19,1,low_coverage_active
403TL167,2024-07-01,1,low_coverage_active
403TL180,2025-04-01,0,stable
404TL087,2025-07-31,0,stable
405TL020,2024-07-11,1,low_coverage_active
405TL302,2024-01-24,1,low_coverage_active
40AU2X,2024-11-27,0,stable
417,2024-09-04,1,low_coverage_active
418,2024-12-23,1,low_coverage_active
418C,2025-01-04,1,stable|noise
44VLB,2024-12-27,1,low_coverage_active
457C,2025-07-22,0,stable
45BB9X,2025-07-10,0,stable
460TL122,2025-02-18,0,stable
467TL118,2024-07-24,1,low_coverage_active
475TL188,2025-07-31,0,stable
500ZDU,2024-05-20,1,low_coverage_active
5480JES,2025-07-30,1,low_coverage_active
54AM8P,2025-01-14,0,stable
583371,2025-07-23,0,stable
60F708,2025-07-06,1,low_coverage_active|noise
62AL5N,2025-02-12,0,stable
634333,2025-07-31,0,stable
640NZ022M,2024-09-23,1,low_coverage_active
69AY8K,2024-03-25,1,low_coverage_active
6CS4E9,2025-04-03,0,stable
6CS4L60,2025-07-21,0,stable
6CS5F50,2025-07-14,0,stable
6CS8F90,2025-03-25,0,stable
6CSL90,2025-04-22,0,stable
701TL011C,2025-07-31,0,stable
705TL005M,2025-07-31,0,stable
710TL023M,2025-07-22,1,low_coverage_active
710TL065M,2025-06-30,1,low_coverage_active
71BA4V,2025-07-25,1,stable|noise
741601J,2024-04-25,1,low_coverage_active
744733J,2025-07-13,1,stable|noise
747276J,2024-12-10,1,low_coverage_active
752895J,2025-05-22,0,stable
753233J,2025-07-28,0,stable
754292J,2025-05-17,0,stable
756963J,2025-07-16,0,stable
757306J,2024-09-06,1,low_coverage_active
7681JFL,2025-07-01,1,low_coverage_active
770517J,2025-07-27,0,stable
770529J,2025-07-31,0,stable
770680J,2025-07-25,0,stable
770778J,2025-07-25,1,low_coverage_active|noise
770792J,2025-07-04,0,stable
770804J,2025-07-31,0,stable
770957J,2025-07-30,0,stable
770973J,2025-07-31,1,stable|noise
772,2025-04-23,1,low_coverage_active
807703J,2024-11-14,0,stable
8162,2025-07-30,1,low_coverage_active
8163JES,2025-06-11,1,low_coverage_active
837757J,2025-03-24,0,stable
838745J,2025-07-31,0,stable
838850J,2025-07-30,0,stable
845NA083C,2024-03-03,1,low_coverage_active
845NA116C,2024-07-22,1,low_coverage_active
852EC085,2025-07-31,1,stable|noise
867004J,2025-07-23,0,stable
88107,2023-09-25,1,low_coverage_active
8E9003481,2025-04-14,0,stable
902246,2024-11-23,0,stable
9026746,2025-07-31,0,stable
906068,2025-07-31,0,stable
906301,2025-04-04,0,stable
91171,2024-08-06,1,low_coverage_active
9312JES,2025-07-31,1,low_coverage_active
94AL6N,2024-02-09,0,stable
9RK9096968,2025-07-31,0,stable
A00001A,2022-07-07,0,stable
A00002A,2022-12-27,0,stable
A00007A,2021-11-26,1,stable|noise
A00012,2024-11-30,1,low_coverage_active
A00016A,2021-08-30,1,low_coverage_active
A00022A,2024-07-11,0,stable
A00027A,2023-11-02,0,stable
A00038A,2020-05-11,0,stable
A00039A,2021-06-13,0,stable
A00042A,2023-06-22,0,stable
A00053A,2019-10-05,0,stable
A0005J,2025-06-19,1,low_coverage_active
A00065A,2019-05-20,0,stable
A00068A,2019-03-05,0,stable
A00070A,2019-09-05,1,stable|noise
A00079A,2022-08-12,0,stable
A00082A,2025-07-31,0,stable
A00091A,2020-10-13,1,low_coverage_active
A00095A,2019-05-16,0,stable
A00096A,2019-06-21,0,stable
A00115A,2025-01-23,0,stable
A00136A,2020-02-17,0,stable
A00137A,2020-01-17,0,stable
A00147A,2021-11-30,0,stable
A00148A,2020-06-23,0,stable
A00150A,2022-09-08,0,stable
A00158A,2024-08-27,1,stable|noise
A0016D,2025-07-18,1,low_coverage_active
A00172A,2024-04-17,0,stable
A00178A,2019-01-16,0,stable
A00180A,2020-08-11,0,stable
A00188A,2020-07-07,0,stable
A00191A,2019-05-22,0,stable
A00196A,2022-06-11,1,low_coverage_active
A00200A,2024-03-27,0,stable
A00201A,2024-04-25,1,low_coverage_active
A00212A,2019-02-05,0,stable
A00213A,2019-02-05,0,stable
A00214A,2022-04-15,0,stable
A00215A,2021-02-20,0,stable
A00217A,2021-09-13,0,stable
A0022K,2025-03-16,1,low_coverage_active
A00232A,2021-09-13,1,low_coverage_active
A00234A,2019-09-23,1,stable|noise
A00241A,2023-05-16,0,stable
A00242A,2022-05-17,0,stable
A00252A,2022-11-01,0,stable
A00253A,2022-08-18,0,stable
A00275A,2023-11-21,0,stable
A00276A,2023-01-13,0,stable
A0028N,2025-06-18,1,low_coverage_active
A00291A,2025-06-24,0,stable
A00296A,2024-07-09,0,stable
A00300A,2021-07-30,0,stable
A00301A,2019-08-24,0,stable
A0030N,2025-07-27,1,low_coverage_active
A00316A,2019-05-08,0,stable
A00317A,2022-05-30,0,stable
A00329A,2022-03-01,1,low_coverage_active
A00334A,2020-06-08,0,stable
A00367A,2019-03-08,1,low_coverage_active
A00368A,2022-02-02,0,stable
A00383A,2021-08-03,0,stable
A0050B,2025-07-30,1,low_coverage_active
A005JMD,2025-07-31,1,low_coverage_active
A00770A,2021-03-23,1,stable|noise
A00772A,2019-10-17,0,stable
A00774A,2020-02-10,0,stable
A00786A,2021-02-09,0,stable
A00789A,2022-08-08,0,stable
A00790A,2023-03-07,0,stable
A00796A,2022-05-13,0,stable
A00798A,2022-12-27,0,stable
A00800A,2020-09-17,0,stable
A00819A,2025-07-31,1,low_coverage_active
A00865A,2021-04-23,0,stable
A00889A,2024-10-20,0,stable
A00895A,2023-04-05,1,stable|noise
A00896A,2020-10-06,1,low_coverage_active
A00897A,2020-04-02,0,stable
A0089L,2025-06-06,1,low_coverage_active
A00926A,2025-02-21,0,stable
A00943A,2020-10-31,0,stable
A00947A,2023-09-25,0,stable
A00977A,2023-07-04,0,stable
A00982A,2023-06-11,0,stable
A00983A,2023-01-10,1,low_coverage_active
A01009A,2020-05-08,0,stable
A01034A,2025-07-29,0,stable
A0103J,2025-07-25,1,low_coverage_active
A01121A,2021-11-08,1,low_coverage_active
A01129A,2021-01-24,0,stable
A01133A,2021-05-11,1,low_coverage_active
A01146A,2020-03-18,1,low_coverage_active
A01155A,2023-02-03,0,stable
A01156A,2020-03-05,0,stable
A01159A,2023-01-31,0,stable
A01164A,2022-08-22,1,low_coverage_active|noise
A01202A,2019-01-28,1,low_coverage_active
A01216A,2021-03-07,1,low_coverage_active
A01247A,2019-09-07,0,stable
A01249A,2021-02-11,1,low_coverage_active
A01259A,2024-07-18,1,low_coverage_active
A01278A,2020-01-18,0,stable
A01327A,2020-04-08,0,stable
A01332A,2023-03-22,0,stable
A0148G,2025-04-13,1,low_coverage_active
A01703A,2019-10-11,0,stable
A01710A,2025-07-11,1,stable|noise
A01722A,2022-05-10,1,stable|noise
A01726A,2022-10-19,0,stable
A01738A,2022-02-26,1,stable|noise
A01747A,2022-02-18,0,stable
A01860A,2025-07-31,0,stable
A01867A,2023-03-30,1,low_coverage_active
A01901A,2020-04-13,0,stable
A01905A,2025-02-18,0,stable
A01906A,2019-12-20,0,stable
A01913A,2025-07-12,0,stable
A01914A,2023-12-31,1,stable|noise
A01929A,2025-07-31,0,stable
A01931A,2024-06-02,0,stable
A01937A,2023-08-02,0,stable
A01960A,2024-04-12,0,stable
A01973A,2023-04-06,0,stable
A02013A,2025-07-31,1,stable|noise
A02014A,2021-10-19,0,stable
A02015A,2021-08-18,0,stable
A02018A,2020-10-13,0,stable
A02033A,2025-03-23,1,low_coverage_active
A02035A,2021-10-15,1,stable|noise
A02062A,2021-11-10,0,stable
A02076A,2025-07-31,1,stable|noise
A02084A,2020-12-03,1,low_coverage_active
A02209A,2022-09-19,0,stable
A02212A,2025-07-31,0,stable
A02218A,2023-04-19,0,stable
A02226A,2021-10-22,0,stable
A02231A,2023-07-01,0,stable
A02233A,2023-08-15,0,stable
A02255A,2023-04-01,0,stable
A02262A,2023-05-28,1,low_coverage_active
A02294A,2025-07-31,0,stable
A02303A,2025-07-29,1,low_coverage_active
A02321A,2020-10-21,0,stable
A02325A,2024-03-04,0,stable
A02336A,2023-09-25,0,stable
A02350A,2024-03-05,0,stable
A02361A,2025-05-15,0,stable
A02362A,2025-07-30,0,stable
A0240L,2025-02-15,1,low_coverage_active
A02414A,2025-07-31,0,stable
A02415A,2025-07-31,0,stable
A02425A,2025-07-31,0,stable
A02446A,2023-10-11,0,stable
A02457A,2024-03-05,0,stable
A02465A,2025-07-31,0,stable
A02468A,2024-03-05,0,stable
A0278C,2023-09-13,1,low_coverage_active
A0282D,2025-05-16,1,low_coverage_active
A02902A,2025-07-31,0,stable
A02925A,2025-07-31,0,stable
A02939A,2025-07-31,0,stable
A0316B,2024-10-29,1,low_coverage_active
A0339H,2025-03-26,1,low_coverage_active
A0348J,2025-04-20,1,low_coverage_active
A0363B,2023-12-01,1,low_coverage_active
A036JLC,2024-04-21,1,low_coverage_active
A03782E,2025-07-26,0,stable
A03782R,2025-03-27,0,stable
A03787E,2025-05-05,1,low_coverage_active
A037JLC,2025-05-20,1,low_coverage_active
A03851A,2025-05-06,0,stable
A03864A,2023-08-16,0,stable
A03898A,2025-07-31,1,low_coverage_active
A0393A,2025-06-12,1,low_coverage_active|noise
A03951A,2025-07-30,0,stable
A03952A,2025-07-31,1,stable|noise
A03956A,2025-07-29,0,stable
A03961A,2025-07-31,0,stable
A03962A,2025-07-31,0,stable
A03966A,2025-07-31,0,stable
A03970A,2025-07-31,0,stable
A03972A,2025-07-31,0,stable
A03974A,2025-07-31,0,stable
A03975A,2025-05-19,0,stable
A03977A,2025-07-31,0,stable
A03978A,2025-07-31,0,stable
A03981A,2025-07-31,1,stable|noise
A03982A,2025-07-31,0,stable
A03983A,2025-07-31,0,stable
A03985A,2025-07-31,0,stable
A03986A,2025-07-31,0,stable
A03987A,2025-07-31,0,stable
A03988A,2025-07-31,0,stable
A03989A,2025-07-31,0,stable
A03990A,2025-07-31,0,stable
A03991A,2025-07-31,0,stable
A03992A,2025-07-30,0,stable
A03993A,2025-07-31,0,stable
A04123A,2025-07-23,1,low_coverage_active
A04126A,2025-07-19,1,low_coverage_active
A04128A,2025-07-31,1,stable|noise
A04151A,2025-07-30,0,stable
A04205A,2025-07-31,0,stable
A04206A,2025-06-16,0,stable
A04210A,2024-04-07,0,stable
A04213A,2025-07-31,0,stable
A04214A,2025-07-30,0,stable
A04229A,2025-07-31,0,stable
A04230A,2025-07-31,0,stable
A04231A,2025-07-31,0,stable
A04232A,2024-05-18,0,stable
A04233A,2025-07-31,0,stable
A04243A,2025-07-31,0,stable
A04247A,2025-07-31,0,stable
A04248A,2025-07-31,0,stable
A04249A,2025-07-31,0,stable
A04250A,2025-07-31,0,stable
A04251A,2025-07-30,0,stable
A04254A,2025-07-30,1,low_coverage_active
A04255A,2025-07-26,0,stable
A04305A,2025-07-11,1,low_coverage_active
A04344A,2025-07-31,0,stable
A04351A,2025-07-31,0,stable
A04353A,2025-07-31,0,stable
A04363A,2025-07-31,0,stable
A04427A,2025-07-30,0,stable
A04428A,2025-07-31,0,stable
A04429A,2025-07-26,0,stable
A04440A,2025-07-31,1,low_coverage_active
A04501A,2025-07-31,0,stable
A04502A,2025-07-31,0,stable
A04504A,2025-07-31,1,stable|noise
A04509A,2025-07-31,0,stable
A04511A,2025-06-02,0,stable
A04512A,2025-07-31,0,stable
A04513A,2024-09-13,0,stable
A04516A,2025-07-31,0,stable
A04521A,2025-07-31,0,stable
A04522A,2024-12-09,0,stable
A04523A,2025-07-31,0,stable
A04525A,2025-07-31,0,stable
A04526A,2025-04-14,0,stable
A04527A,2025-07-31,0,stable
A04533A,2025-07-31,0,stable
A04538A,2025-07-31,0,stable
A04549A,2025-07-31,0,stable
A04552A,2025-07-31,0,stable
A04554A,2025-07-31,0,stable
A04559A,2025-07-31,0,stable
A04565A,2025-07-31,1,stable|noise
A04566A,2025-07-31,0,stable
A04568A,2025-07-31,1,stable|noise
A04573A,2025-07-31,0,stable
A04584A,2025-07-31,0,stable
A04588A,2025-07-08,0,stable
A04591A,2025-07-31,0,stable
A04592A,2025-07-31,0,stable
A04596A,2025-07-31,0,stable
A04600A,2025-07-31,1,low_coverage_active|noise
A04610A,2025-07-06,1,low_coverage_active|noise
A04626A,2025-07-27,1,stable|noise
A0465C,2024-03-01,1,low_coverage_active
A04661A,2025-07-31,0,stable
A04664E,2025-07-29,0,stable
A0466L,2025-07-31,1,low_coverage_active
A04671A,2025-07-31,1,stable|noise
A04673A,2025-07-31,0,stable
A04675A,2025-07-31,0,stable
A04678A,2025-07-31,0,stable
A04680A,2025-07-31,0,stable
A04684A,2025-01-10,0,stable
A04685A,2024-07-05,1,stable|noise
A04686A,2025-07-31,0,stable
A04688A,2025-07-31,0,stable
A04689A,2025-07-31,0,stable
A04691A,2024-11-15,0,stable
A04692A,2025-07-31,0,stable
A04693A,2025-07-31,0,stable
A04695A,2025-07-31,0,stable
A04697A,2025-07-31,0,stable
A04704A,2025-07-31,0,stable
A04706A,2025-07-31,0,stable
A04708A,2025-07-31,0,stable
A04724E,2025-07-13,0,stable
A04725A,2025-07-31,0,stable
A04732A,2025-07-12,1,stable|noise
A04743A,2025-07-31,0,stable
A0478C,2025-07-30,1,low_coverage_active|noise
A05001A,2025-07-31,0,stable
A05011A,2025-07-31,0,stable
A05012A,2025-07-31,0,stable
A05016A,2025-07-31,1,stable|noise
A05018A,2025-07-30,0,stable
A05022A,2025-07-31,0,stable
A05024A,2025-07-30,0,stable
A05026A,2025-07-31,0,stable
A05028A,2025-07-31,0,stable
A05072E,2025-07-31,0,stable
A05109A,2025-07-31,0,stable
A05113A,2025-07-31,0,stable
A05115A,2025-07-31,0,stable
A05128A,2025-07-31,0,stable
A05142A,2025-07-31,0,stable
A05151A,2025-07-31,0,stable
A05155A,2025-07-31,0,stable
A05157A,2025-07-31,0,stable
A05159A,2025-07-31,0,stable
A05160A,2025-05-31,0,stable
A05163A,2025-07-03,0,stable
A05164A,2025-07-31,0,stable
A05165A,2025-07-31,0,stable
A05166A,2025-07-31,0,stable
A05169A,2025-07-31,0,stable
A05175A,2025-07-26,0,stable
A05176A,2025-07-31,0,stable
A05177A,2025-07-28,0,stable
A05188A,2025-07-31,0,stable
A05197A,2025-07-31,0,stable
A05206A,2025-07-31,0,stable
A05207A,2025-07-31,0,stable
A05211A,2025-07-31,0,stable
A05214A,2025-07-31,1,stable|noise
A05219A,2025-07-31,0,stable
A05220A,2025-07-31,0,stable
A05225A,2025-07-31,0,stable
A05226A,2025-07-31,0,stable
A05228A,2025-07-31,0,stable
A05229A,2025-07-31,0,stable
A05234A,2025-07-31,0,stable
A05238A,2025-05-27,0,stable
A05247A,2025-07-31,0,stable
A05253A,2025-07-31,0,stable
A05255A,2025-07-31,0,stable
A05258A,2025-07-31,0,stable
A05274A,2025-07-31,0,stable
A05278A,2025-07-29,0,stable
A05286A,2025-07-25,0,stable
A0528N,2025-07-30,1,low_coverage_active
A05290A,2025-07-31,0,stable
A05292A,2025-07-31,0,stable
A05296A,2025-07-31,1,low_coverage_active
A05354A,2025-07-31,0,stable
A05355A,2025-07-31,0,stable
A05356A,2025-07-31,0,stable
A05366E,2025-07-31,0,stable
A0537H,2024-11-18,1,low_coverage_active
A05408A,2025-07-31,0,stable
A05409A,2025-07-31,1,stable|noise
A05410A,2025-07-31,0,stable
A05432A,2025-07-30,1,stable|noise
A05501A,2025-07-31,0,stable
A05502A,2025-07-31,0,stable
A05503A,2025-07-31,0,stable
A05504A,2025-07-31,0,stable
A05505A,2025-07-31,0,stable
A05506A,2025-07-31,1,stable|noise
A05507A,2025-07-31,0,stable
A05508A,2025-07-31,0,stable
A05509A,2025-07-31,1,low_coverage_active
A0576E,2025-07-31,1,low_coverage_active
A0582H,2024-11-03,1,low_coverage_active
A0604A,2024-05-21,1,low_coverage_active
A0623N,2025-07-31,1,low_coverage_active
A064,2024-09-04,1,low_coverage_active
A0646E,2025-07-31,1,low_coverage_active
A0682K,2024-03-06,1,low_coverage_active
A0689J,2025-07-31,1,low_coverage_active
A0748J,2025-07-18,1,low_coverage_active
A0772M,2024-09-14,1,low_coverage_active
A0776D,2025-06-27,1,low_coverage_active
A0802E,2025-07-02,1,low_coverage_active
A0813B,2024-08-04,1,low_coverage_active|noise
A0814M,2025-01-16,1,low_coverage_active
A0855A,2024-12-22,1,low_coverage_active
A0858A,2024-08-22,1,low_coverage_active
A0921D,2025-06-19,1,low_coverage_active
A0945H,2023-11-09,1,low_coverage_active
A1016L,2024-11-18,1,low_coverage_active
A1022C,2025-07-15,1,low_coverage_active
A1024C,2025-07-31,1,low_coverage_active
A1113L,2024-03-11,1,low_coverage_active
A1118K,2025-04-14,1,low_coverage_active
A1123C,2025-05-20,1,low_coverage_active
A114JLB,2025-07-26,1,low_coverage_active
A1155G,2025-07-31,1,low_coverage_active|noise
A1178C,2025-07-30,1,low_coverage_active
A1185K,2025-07-19,1,low_coverage_active
A1291M,2025-04-01,1,low_coverage_active
A1297B,2024-08-10,1,low_coverage_active
A1343H,2024-10-03,1,low_coverage_active
A1343HA,2025-02-23,1,low_coverage_active
A13857,2024-09-07,1,low_coverage_active|noise
A145AA,2020-02-11,1,low_coverage_active
A1506D,2025-07-27,1,low_coverage_active
A154JMF,2025-07-31,1,low_coverage_active
A1656L,2024-03-09,1,low_coverage_active
A1669G,2024-02-11,1,low_coverage_active
A1693J,2023-12-30,1,low_coverage_active|noise
A1724E,2025-06-06,1,low_coverage_active
A1725K,2024-10-10,1,low_coverage_active
A1776H,2025-07-31,1,low_coverage_active
A177JMK,2025-07-08,1,low_coverage_active
A1805G,2025-05-17,1,low_coverage_active
A1830K,2025-07-20,1,low_coverage_active
A1844K,2025-07-28,1,low_coverage_active|noise
A1861G,2025-07-01,1,low_coverage_active
A1908B,2025-03-14,1,low_coverage_active
A191JMD,2024-09-05,1,low_coverage_active
A1921M,2025-07-17,1,low_coverage_active
A1930N,2024-08-20,1,low_coverage_active
A1939N,2025-03-10,1,low_coverage_active
A19BNE,2025-07-29,1,low_coverage_active
A2000N,2025-07-31,1,low_coverage_active
A2025H,2024-08-18,1,low_coverage_active
A2044N,2023-12-24,1,low_coverage_active
A2059C,2025-04-11,1,low_coverage_active
A2082M,2024-03-08,1,low_coverage_active
A2092L,2025-07-27,1,low_coverage_active
A2101H,2024-08-16,1,low_coverage_active
A2118G,2025-03-31,1,low_coverage_active
A2164D,2024-10-17,1,low_coverage_active
A2175A,2025-06-10,1,low_coverage_active
A2175D,2025-02-27,1,low_coverage_active
A2203E,2025-05-16,1,low_coverage_active
A222JMG,2025-01-25,1,low_coverage_active
A2235C,2025-05-06,1,low_coverage_active
A22603,2025-07-27,1,low_coverage_active|noise
A23232E,2025-07-31,0,stable
A23276E,2024-07-19,1,low_coverage_active
A23350E,2024-10-09,0,stable
A23443E,2025-07-31,0,stable
A23685E,2024-03-24,1,stable|noise
A23726E,2024-11-26,0,stable
A23757E,2025-02-12,0,stable
A2381G,2025-03-27,1,low_coverage_active
A24207E,2025-07-31,0,stable
A24320E,2025-07-30,0,stable
A24333E,2024-10-25,0,stable
A24346E,2025-03-30,0,stable
A24472E,2024-10-26,0,stable
A24473E,2025-04-09,0,stable
A24616E,2025-07-29,0,stable
A24630E,2025-06-16,0,stable
A2464C,2025-07-25,1,low_coverage_active
A24654E,2025-07-30,0,stable
A2473G,2025-04-24,1,low_coverage_active
A24761E,2025-07-31,0,stable
A24766E,2023-11-20,1,low_coverage_active
A24778E,2024-10-29,0,stable
A2488M,2025-05-28,1,low_coverage_active
A2490E,2025-07-20,1,low_coverage_active
A25096E,2025-07-31,0,stable
A25097E,2023-11-23,1,low_coverage_active
A25250E,2024-10-21,1,low_coverage_active
A2525C,2025-07-31,1,low_coverage_active
A25271E,2025-07-24,0,stable
A2539C,2025-07-13,1,low_coverage_active|noise
A25907,2025-01-27,1,low_coverage_active
A2591J,2024-10-29,1,low_coverage_active
A25924E,2025-07-31,0,stable
A25990E,2025-03-27,0,stable
A26052E,2025-02-07,0,stable
A26057E,2025-07-30,1,low_coverage_active
A26082E,2025-07-31,0,stable
A26145,2025-07-17,1,low_coverage_active|noise
A26160E,2024-08-30,1,low_coverage_active
A26364E,2024-10-17,1,low_coverage_active
A26374E,2025-04-09,1,low_coverage_active
A2657C,2025-07-21,1,low_coverage_active
A26614E,2025-04-13,1,stable|noise
A266JME,2025-07-31,1,low_coverage_active
A26706E,2025-07-10,1,stable|noise
A2674M,2025-07-18,1,low_coverage_active
A2705K,2025-01-04,1,low_coverage_active
A274JMF,2025-07-27,1,low_coverage_active
A27513E,2024-06-17,0,stable
A27549E,2025-02-20,0,stable
A2757H,2024-06-24,1,low_coverage_active
A2761B,2025-07-23,1,low_coverage_active
A278JMF,2024-12-20,1,low_coverage_active|noise
A27973E,2025-05-12,0,stable
A2797B,2024-09-15,1,low_coverage_active
A2810C,2024-12-20,1,low_coverage_active
A28124E,2025-06-05,1,stable|noise
A281JTS,2025-06-29,1,low_coverage_active
A2835L,2025-07-30,1,low_coverage_active
A2841C,2025-07-30,1,low_coverage_active|noise
A28535E,2025-07-30,0,stable
A28624E,2025-02-24,0,stable
A2862L,2025-07-31,1,low_coverage_active
A2889E,2025-05-29,1,low_coverage_active
A29015E,2025-07-30,0,stable
A2901C,2024-02-12,1,low_coverage_active
A29057E,2024-09-05,0,stable
A29081,2024-11-11,1,low_coverage_active
A29124E,2024-06-05,0,stable
A2945E,2024-11-20,1,low_coverage_active
A29465E,2025-07-30,0,stable
A29517E,2024-01-01,1,low_coverage_active
A2961J,2025-07-31,1,low_coverage_active
A2967L,2025-03-30,1,low_coverage_active|noise
A2988C,2025-06-08,1,low_coverage_active
A29998E,2025-07-30,0,stable
A3043J,2024-12-18,1,low_coverage_active
A30514E,2025-07-30,0,stable
A3083D,2023-12-03,1,low_coverage_active
A3086D,2025-07-17,1,low_coverage_active
A3151A,2025-07-11,1,low_coverage_active
A3155K,2025-07-30,1,low_coverage_active
A3187E,2023-12-10,1,low_coverage_active
A32194E,2025-06-28,0,stable
A3315E,2023-09-27,1,low_coverage_active
A3315J,2024-04-21,1,low_coverage_active
A3319E,2025-07-29,1,low_coverage_active
A3330M,2025-07-20,1,low_coverage_active
A3358A,2025-07-19,1,low_coverage_active
A3392G,2025-07-14,1,low_coverage_active
A346JMC,2025-07-31,1,low_coverage_active|noise
A3472C,2023-10-15,1,low_coverage_active
A3486H,2024-05-06,1,low_coverage_active|noise
A3487H,2025-07-12,1,low_coverage_active
A3496J,2024-07-10,0,stable
A3512J,2025-07-20,1,low_coverage_active
A3513J,2025-06-07,1,low_coverage_active
A3524H,2025-07-23,1,low_coverage_active
A3606J,2025-06-26,1,low_coverage_active
A3612C,2025-07-26,1,low_coverage_active
A3625B,2025-07-30,1,low_coverage_active
A3697K,2024-06-05,1,low_coverage_active
A3730M,2025-07-14,1,low_coverage_active
A3750L,2025-07-15,1,low_coverage_active
A3757E,2025-07-19,1,low_coverage_active
A3816H,2025-07-13,1,low_coverage_active
A3820J,2024-06-19,1,low_coverage_active
A3859D,2025-05-28,1,low_coverage_active
A3861B,2025-02-09,1,low_coverage_active
A3864B,2025-06-23,1,low_coverage_active
A3873M,2024-04-02,1,low_coverage_active
A3889A,2025-01-12,1,low_coverage_active
A3917B,2025-07-30,1,low_coverage_active
A3929L,2025-07-11,1,low_coverage_active
A399JMB,2025-07-31,1,low_coverage_active
A4056C,2025-07-15,1,low_coverage_active
A40958,2024-06-02,1,low_coverage_active
A4096M,2025-07-23,1,low_coverage_active
A4114B,2024-09-25,1,low_coverage_active
A4147E,2025-06-17,1,low_coverage_active
A4171D,2024-07-18,1,low_coverage_active
A4172C,2024-02-27,1,low_coverage_active
A4174H,2025-05-04,1,low_coverage_active
A4177K,2025-07-20,1,low_coverage_active
A4193A,2024-06-05,1,low_coverage_active
A4223B,2025-07-31,1,low_coverage_active
A4250B,2025-07-31,1,low_coverage_active
A4267D,2025-07-16,1,low_coverage_active
A4272L,2023-12-31,1,low_coverage_active
A4307J,2025-07-30,1,low_coverage_active
A4342L,2025-07-15,1,low_coverage_active
A4385LA,2024-01-11,1,low_coverage_active
A4404M,2025-07-27,1,low_coverage_active|noise
A4434C,2025-07-27,1,low_coverage_active
A4488G,2023-12-23,1,low_coverage_active
A4521C,2025-04-02,1,low_coverage_active|noise
A4531G,2025-05-30,1,low_coverage_active
A4533K,2024-10-07,1,low_coverage_active|noise
A4538J,2025-06-13,1,low_coverage_active
A4584C,2025-07-29,1,low_coverage_active
A4609G,2024-01-11,1,low_coverage_active
A4614H,2024-02-13,1,low_coverage_active|noise
A4620M,2025-04-18,1,low_coverage_active
A46353,2024-11-08,1,low_coverage_active
A4649L,2024-04-01,1,low_coverage_active|noise
A465JME,2025-02-22,1,low_coverage_active
A4680C,2024-09-20,1,low_coverage_active
A4756A,2025-07-28,1,low_coverage_active
A4766C,2025-03-06,1,low_coverage_active
A4777J,2025-07-08,1,low_coverage_active
A4792J,2025-07-14,1,low_coverage_active|noise
A4821E,2024-05-30,1,low_coverage_active
A4826H,2025-07-30,1,low_coverage_active
A4863E,2025-04-22,1,low_coverage_active|noise
A4898K,2025-04-08,1,low_coverage_active
A4913C,2024-02-20,1,low_coverage_active
A4925J,2025-06-23,1,low_coverage_active
A4981E,2025-06-24,1,low_coverage_active
A5007M,2025-04-18,1,low_coverage_active
A5026G,2025-06-26,1,low_coverage_active
A5037G,2025-04-29,1,low_coverage_active
A5070M,2024-04-19,1,low_coverage_active
A516JME,2024-03-10,1,low_coverage_active
A5176E,2025-07-27,1,low_coverage_active
A5208G,2025-04-10,1,low_coverage_active
A5213A,2025-01-27,1,low_coverage_active
A5253L,2024-05-18,1,low_coverage_active
A5263L,2024-10-11,1,low_coverage_active
A5272H,2025-07-31,1,low_coverage_active|noise
A52753,2025-07-21,1,low_coverage_active
A5282B,2023-09-22,1,low_coverage_active
A5301H,2024-01-22,1,low_coverage_active
A5352E,2025-06-10,1,low_coverage_active|noise
A5376K,2025-07-31,1,low_coverage_active
A5387E,2024-09-24,1,low_coverage_active
A5425L,2024-05-25,1,low_coverage_active|noise
A5460L,2024-08-25,1,low_coverage_active
A546JMF,2025-07-29,1,low_coverage_active|noise
A555JMA,2025-07-31,1,low_coverage_active
A559JMC,2024-04-25,1,low_coverage_active
A5616D,2025-04-18,1,low_coverage_active
A5651M,2024-09-14,1,low_coverage_active
A5685J,2024-11-22,1,low_coverage_active
A5709B,2025-07-31,1,low_coverage_active
A5739D,2025-01-21,1,low_coverage_active|noise
A5775E,2025-04-07,1,low_coverage_active
A579JMD,2025-07-28,1,low_coverage_active
A5818G,2024-11-16,1,low_coverage_active
A5829B,2024-12-15,1,low_coverage_active
A582JLA,2025-07-07,1,low_coverage_active
A5872H,2025-02-09,1,low_coverage_active
A5947G,2025-01-25,1,low_coverage_active
A5948A,2025-04-16,0,stable
A5956L,2025-04-22,1,low_coverage_active
A596JLA,2025-07-31,1,low_coverage_active
A5993L,2024-05-10,1,low_coverage_active
A59BEB,2024-07-25,1,low_coverage_active
A6041C,2025-05-03,1,low_coverage_active
A6058C,2024-05-28,1,low_coverage_active
A6060E,2024-12-04,1,low_coverage_active
A6069L,2025-07-23,1,low_coverage_active
A6076H,2025-05-27,1,low_coverage_active
A6086J,2025-01-24,1,low_coverage_active
A6086L,2025-04-06,1,low_coverage_active|noise
A6090C,2025-04-20,1,low_coverage_active|noise
A6107K,2024-04-01,1,low_coverage_active
A6140E,2025-07-30,1,low_coverage_active|noise
A6164B,2025-07-30,1,low_coverage_active
A6175M,2025-01-03,1,low_coverage_active
A6181H,2025-07-29,1,low_coverage_active
A6187A,2025-07-29,1,low_coverage_active
A6251M,2025-04-09,1,low_coverage_active
A6274A,2025-07-30,1,low_coverage_active
A6274J,2024-08-05,1,low_coverage_active
A6275M,2025-04-26,1,low_coverage_active
A6277E,2024-07-28,1,low_coverage_active
A6293D,2025-01-25,1,low_coverage_active
A6316G,2025-07-27,1,low_coverage_active
A6317D,2025-07-31,1,low_coverage_active
A6323E,2024-12-20,1,low_coverage_active
A6354C,2024-01-13,1,low_coverage_active|noise
A6360C,2025-07-30,1,low_coverage_active|noise
A6397J,2025-07-28,1,low_coverage_active
A6505B,2025-07-29,1,low_coverage_active
A6506B,2024-07-20,1,low_coverage_active
A6525L,2025-07-25,1,low_coverage_active
A6617J,2025-07-31,1,low_coverage_active
A67282,2025-01-30,1,low_coverage_active
A6741B,2025-07-23,1,low_coverage_active
A674JMD,2025-07-31,1,low_coverage_active
A6784G,2025-07-14,1,low_coverage_active|noise
A6814G,2025-07-12,1,low_coverage_active
A6814L,2025-04-12,1,low_coverage_active
A6839B,2025-07-27,1,low_coverage_active
A6859J,2025-07-30,1,low_coverage_active
A6867C,2025-07-31,1,low_coverage_active|noise
A6869D,2024-04-07,1,low_coverage_active
A6899H,2025-01-26,1,low_coverage_active
A6907D,2024-05-08,1,low_coverage_active
A6918G,2025-04-23,1,low_coverage_active
A6932H,2025-05-05,1,low_coverage_active
A6934H,2025-02-10,1,low_coverage_active
A6954H,2025-07-06,1,low_coverage_active
A696JMA,2024-03-04,1,low_coverage_active
A7010H,2025-07-21,1,low_coverage_active
A7049M,2024-08-04,1,low_coverage_active
A7077E,2025-06-16,1,low_coverage_active
A7138G,2025-07-31,1,low_coverage_active
A7145D,2024-10-07,1,low_coverage_active
A7145G,2025-07-26,1,low_coverage_active
A7164E,2025-07-26,1,low_coverage_active|noise
A7212G,2024-02-07,1,low_coverage_active
A7276E,2024-02-23,1,low_coverage_active
A7279E,2023-12-18,1,low_coverage_active
A7284B,2025-01-03,1,low_coverage_active|noise
A728JMF,2025-07-31,1,low_coverage_active
A7315E,2024-02-04,1,low_coverage_active
A7360E,2025-07-30,1,low_coverage_active
A7371K,2025-07-24,1,low_coverage_active
A7515C,2025-07-17,1,low_coverage_active
A7563G,2024-07-11,1,low_coverage_active
A7606J,2025-07-08,1,low_coverage_active
A7642C,2025-06-20,1,low_coverage_active
A7653C,2024-02-08,1,low_coverage_active
A77157D,2025-07-31,0,stable
A77254D,2025-07-30,0,stable
A77281D,2025-07-27,0,stable
A7734B,2025-04-23,1,low_coverage_active
A77364D,2025-07-31,0,stable
A7738C,2025-07-31,1,low_coverage_active
A7739H,2024-12-14,1,low_coverage_active
A77404D,2025-07-31,0,stable
A77407D,2025-07-31,0,stable
A7742G,2025-07-31,1,low_coverage_active
A77506D,2025-07-08,0,stable
A77507D,2025-07-31,0,stable
A77510D,2025-06-12,1,low_coverage_active
A77524D,2025-07-29,0,stable
A77525D,2025-07-31,1,stable|noise
A77526D,2025-07-31,1,low_coverage_active
A77634D,2025-07-28,0,stable
A77636D,2025-04-21,1,stable|noise
A77637D,2025-07-24,1,low_coverage_active
A77638D,2025-04-08,0,stable
A77639D,2025-07-27,0,stable
A77647D,2025-07-26,0,stable
A7764J,2024-12-01,1,low_coverage_active
A7778M,2025-07-12,1,low_coverage_active
A7831H,2025-07-01,1,low_coverage_active
A7833A,2025-06-22,1,low_coverage_active
A7861A,2025-06-12,1,low_coverage_active
A7861D,2024-12-30,1,low_coverage_active
A7874H,2025-07-30,1,low_coverage_active
A7876M,2025-07-14,1,low_coverage_active
A7878L,2025-03-01,1,low_coverage_active
A7886M,2025-07-27,1,low_coverage_active
A8046M,2025-07-28,1,low_coverage_active
A8077A,2024-04-27,1,low_coverage_active
A8143L,2025-07-30,1,low_coverage_active
A8204H,2025-03-02,1,low_coverage_active
A83112D,2025-01-04,0,stable
A83155D,2024-11-18,1,low_coverage_active
A831JMD,2025-07-17,1,low_coverage_active
A8322M,2023-11-20,1,low_coverage_active|noise
A83338D,2025-07-31,0,stable
A8340B,2025-07-06,1,low_coverage_active
A83496D,2025-07-31,0,stable
A83527D,2025-04-15,0,stable
A835JMF,2025-07-30,1,low_coverage_active
A83828D,2025-07-23,0,stable
A8395L,2025-07-07,1,low_coverage_active
A8402L,2025-07-20,1,low_coverage_active
A84113D,2025-07-31,1,stable|noise
A84130D,2025-07-30,0,stable
A84209D,2025-07-31,0,stable
A84390D,2025-07-20,0,stable
A8446C,2025-07-31,1,low_coverage_active
A84663D,2025-07-31,0,stable
A84780D,2025-07-26,1,low_coverage_active
A84782D,2025-07-31,0,stable
A84826D,2025-07-30,0,stable
A8482M,2025-02-19,1,low_coverage_active
A84873D,2025-04-11,0,stable
A85090D,2025-07-28,0,stable
A85212D,2025-07-16,1,low_coverage_active
A8523D,2025-07-30,1,low_coverage_active
A85266D,2025-05-29,1,stable|noise
A8527J,2025-07-30,1,low_coverage_active
A85421D,2025-06-01,0,stable
A85424D,2025-07-26,0,stable
A85439D,2025-07-31,1,stable|noise
A85444D,2025-07-31,0,stable
A85470D,2025-07-31,0,stable
A85593D,2025-07-30,0,stable
A85595D,2025-07-31,0,stable
A85596D,2025-06-12,0,stable
A85597D,2025-07-31,0,stable
A8570D,2024-08-29,1,low_coverage_active
A8584C,2025-07-30,1,low_coverage_active
A85853D,2025-07-31,1,low_coverage_active
A8601E,2024-12-16,1,low_coverage_active
A8610B,2023-09-13,1,low_coverage_active
A8624L,2025-07-29,1,low_coverage_active
A8675A,2025-01-13,1,low_coverage_active
A8691L,2025-07-31,1,low_coverage_active
A8695B,2024-06-07,1,low_coverage_active
A8731E,2024-02-23,1,low_coverage_active
A8801K,2024-09-23,1,low_coverage_active
A88211,2024-10-19,1,low_coverage_active
A8912B,2025-07-27,1,low_coverage_active
A8944C,2025-07-20,1,low_coverage_active
A9007G,2024-08-10,1,low_coverage_active
A9053B,2024-12-01,1,low_coverage_active
A9054A,2024-10-22,1,low_coverage_active
A9088G,2025-04-14,1,low_coverage_active
A9094E,2024-11-10,1,low_coverage_active
A9119G,2024-06-29,1,low_coverage_active
A9130A,2025-07-22,1,low_coverage_active
A9254H,2024-02-21,1,low_coverage_active
A9255J,2025-07-30,1,low_coverage_active
A9293J,2024-08-09,1,low_coverage_active
A929JMF,2025-07-31,1,low_coverage_active
A931JMD,2024-08-20,1,low_coverage_active
A9341M,2025-07-31,1,low_coverage_active
A9358L,2023-12-06,1,low_coverage_active
A93980,2025-06-05,1,low_coverage_active
A9412C,2025-07-30,1,low_coverage_active
A9417K,2024-11-09,1,low_coverage_active
A9423D,2025-07-28,1,low_coverage_active
A9425H,2025-07-31,1,low_coverage_active
A9448K,2024-07-10,1,low_coverage_active
A9502L,2024-09-03,1,low_coverage_active
A9514J,2024-11-25,1,low_coverage_active
A95229,2025-06-12,1,low_coverage_active
A952JMF,2025-07-26,1,low_coverage_active
A954AA,2022-12-31,0,stable
A9560B,2024-12-04,1,low_coverage_active
A9588H,2025-07-31,1,low_coverage_active
A9592J,2025-07-19,1,low_coverage_active
A9636H,2024-04-02,1,low_coverage_active
A9675D,2024-06-19,1,low_coverage_active
A96BCJ,2025-01-10,1,low_coverage_active|noise
A970JMF,2025-06-24,1,low_coverage_active
A9793C,2024-02-23,1,low_coverage_active
A9822K,2025-05-13,1,low_coverage_active
A9862H,2025-07-30,1,low_coverage_active
A988JMJ,2025-07-31,1,low_coverage_active
A9895M,2025-07-28,1,low_coverage_active
A9913D,2024-01-27,1,low_coverage_active
A9914E,2025-01-01,1,low_coverage_active
A9926G,2025-07-31,1,low_coverage_active
A9933E,2025-04-28,1,low_coverage_active
A9933G,2025-04-29,1,low_coverage_active
A9939H,2024-03-22,1,low_coverage_active
A996JMF,2025-07-31,1,low_coverage_active
A9976D,2025-07-30,1,low_coverage_active
AA2539C,2025-06-28,1,low_coverage_active
AEW266B,2025-07-30,1,low_coverage_active|noise
B01923,2025-03-01,1,low_coverage_active
B05479,2024-03-13,1,low_coverage_active
B05BJN,2025-06-17,1,low_coverage_active
B07991,2024-11-09,1,low_coverage_active
B07BGL,2025-04-06,1,low_coverage_active
B16790,2024-12-06,1,low_coverage_active
B27ALF,2024-10-14,1,low_coverage_active
B34116,2025-07-07,1,low_coverage_active
B36AYC,2024-01-12,1,low_coverage_active
B49AGZ,2025-01-29,1,low_coverage_active|noise
B49BEB,2025-06-19,1,low_coverage_active
B73AVH,2025-06-10,1,low_coverage_active
C30BCE,2025-04-21,1,low_coverage_active|noise
C89BFD,2024-09-23,1,low_coverage_active
C96ATD,2025-02-24,1,low_coverage_active
CR5643,2025-07-31,0,stable
CR5657,2025-07-05,0,stable
CR5662,2025-03-20,1,low_coverage_active
CR5666,2024-10-31,1,low_coverage_active
CR5673,2025-07-14,0,stable
CR5674,2025-07-30,0,stable
CR5727,2025-07-31,0,stable
CR5729,2025-07-05,0,stable
CR5733,2025-07-11,0,stable
CR5734,2025-06-11,0,stable
CR5743,2025-05-06,0,stable
CR5759,2025-06-30,0,stable
CR5763,2025-05-22,0,stable
CR5768,2025-07-09,1,low_coverage_active
CR5769,2025-07-30,0,stable
CR5770,2025-06-21,1,stable|noise
CR5774,2025-07-18,0,stable
CR5775,2025-06-12,0,stable
CR5776,2025-04-24,0,stable
CR5777,2025-07-31,0,stable
CR5778,2025-07-07,1,low_coverage_active
CR5779,2025-07-31,0,stable
CR5780,2025-07-30,0,stable
CR5782,2025-01-25,0,stable
CR5783,2025-07-26,0,stable
CR5814,2025-07-01,0,stable
CR5815,2025-07-31,0,stable
CR5816,2025-07-31,0,stable
CR5817,2025-07-14,0,stable
CR5818,2025-07-02,0,stable
CR5819,2025-06-11,0,stable
CR5820,2025-06-19,0,stable
CR5822,2025-07-09,1,low_coverage_active
CR5823,2025-07-10,1,low_coverage_active
CR5831,2025-07-19,0,stable
CR5835,2025-07-11,0,stable
CR5836,2025-01-31,0,stable
CR5837,2025-05-31,1,stable|noise
CR5838,2025-01-27,0,stable
CR5842,2024-09-28,1,low_coverage_active
CR5843,2025-02-22,1,low_coverage_active
CR5846,2025-04-23,1,stable|noise
CR5847,2025-07-31,0,stable
CR5849,2025-04-26,0,stable
CR5850,2025-07-30,0,stable
CR5851,2025-07-29,0,stable
CR5852,2025-07-30,0,stable
CR5853,2025-07-18,0,stable
CR5854,2025-07-31,0,stable
CR5855,2025-07-31,0,stable
CR5857,2025-07-09,0,stable
CR5858,2025-07-30,0,stable
CR5859,2025-07-30,0,stable
CR5860,2025-07-26,0,stable
CR5896,2025-05-21,0,stable
CR5898,2025-07-09,1,low_coverage_active
CR5899,2025-07-05,0,stable
CR5901,2025-06-30,0,stable
CR5902,2025-06-20,1,low_coverage_active
CR5903,2025-07-14,1,low_coverage_active
CR5904,2025-07-08,0,stable
CR5986,2024-09-13,1,low_coverage_active
CR6078,2025-05-27,1,low_coverage_active
CR6088,2025-07-04,1,low_coverage_active
CR6091,2025-07-31,0,stable
CR6097,2025-07-30,1,stable|noise
CR6101,2025-07-31,0,stable
CR6104,2025-07-31,0,stable
CR6105,2025-07-28,0,stable
D15ALS,2025-06-21,1,low_coverage_active
D41AKT,2025-07-16,1,low_coverage_active
D43AFF,2025-07-31,1,low_coverage_active
D45BME,2025-07-25,1,low_coverage_active
DV7041B,2025-04-03,1,low_coverage_active
E44BFC,2023-10-04,1,low_coverage_active
E65BCF,2025-03-28,1,low_coverage_active
E9003344,2025-02-23,0,stable
ECA102,2025-07-31,0,stable
ECA275,2025-07-31,0,stable
ECA29,2025-02-05,0,stable
ECA312,2025-07-31,0,stable
ECA417,2025-07-31,1,low_coverage_active
ECA530,2024-11-27,1,low_coverage_active
ECA557,2025-03-08,1,low_coverage_active
ECO01,2025-01-08,1,low_coverage_active
ECO010,2023-11-19,1,low_coverage_active
ECO010R,2023-11-22,1,low_coverage_active
ECO026R,2023-12-30,1,low_coverage_active
ECO028,2025-05-14,1,low_coverage_active
ECO035,2024-07-24,1,low_coverage_active
ECO049,2023-12-10,1,low_coverage_active
ECO057,2023-11-16,1,low_coverage_active
ECO065,2023-12-02,1,low_coverage_active
ECO15,2023-12-15,1,low_coverage_active
ECO507,2024-11-21,1,low_coverage_active
ECO508,2024-07-16,1,low_coverage_active
ECO516,2025-02-14,0,stable
ECO517,2024-11-20,1,stable|noise
ECO518,2024-08-30,1,low_coverage_active
ECO533,2023-12-26,1,low_coverage_active
ECO534,2024-07-23,1,low_coverage_active
ECO772,2025-07-28,0,stable
F15BEA,2024-07-20,1,low_coverage_active
F42BCG,2024-03-02,1,low_coverage_active
F52BEF,2025-07-18,1,low_coverage_active
F62ALD,2025-05-21,1,low_coverage_active
F66BAM,2025-07-17,1,low_coverage_active
F73AGY,2025-07-30,1,low_coverage_active
F87AEX,2025-02-10,1,low_coverage_active
FVV484A,2025-07-24,1,low_coverage_active
G01BFL,2025-07-12,1,low_coverage_active
G07BJK,2025-07-26,1,low_coverage_active
G18AMC,2024-09-11,1,low_coverage_active|noise
G42ASF,2024-01-22,1,low_coverage_active
G60APY,2025-07-31,1,low_coverage_active
G69AWY,2025-02-18,1,low_coverage_active
GENCEC,2025-01-28,1,low_coverage_active
GENTPL,2023-09-25,1,low_coverage_active
GKZ425B,2023-10-25,1,low_coverage_active
GMRP149,2025-05-13,0,stable
GOLDEN01,2025-07-31,0,stable
GOLDEN02,2025-07-31,0,stable
GOLDEN03,2025-07-31,0,stable
GOLDEN04,2025-07-31,0,stable
GOLDEN05,2025-07-31,0,stable
GYM770,2024-08-17,0,stable
H02BNA,2025-07-22,1,low_coverage_active
H27AKN,2025-07-27,1,low_coverage_active
H34AEZ,2025-07-31,1,low_coverage_active
H42ASY,2024-06-20,1,low_coverage_active|noise
HCF283E,2025-06-21,1,low_coverage_active
HEC477G,2024-01-19,1,low_coverage_active
HKU340C,2025-05-12,0,stable
HN4160F,2025-07-22,0,stable
J0074334,2025-07-31,0,stable
J32BGP,2023-10-05,1,low_coverage_active|noise
J45ADU,2025-07-07,1,low_coverage_active
J50AXL,2025-07-07,1,low_coverage_active
J55BFW,2024-08-21,1,low_coverage_active
J68BGU,2024-07-29,1,low_coverage_active
J75AUP,2025-03-31,1,low_coverage_active
J75BNH,2025-07-31,1,low_coverage_active
JPL2583,2025-06-20,1,low_coverage_active
K00882,2025-03-26,0,stable
K0088219,2025-03-25,1,low_coverage_active
K0088228,2024-02-26,1,low_coverage_active
K0088237,2025-07-29,0,stable
K008854,2025-05-25,0,stable
K0088915,2023-10-24,1,low_coverage_active
K009100,2025-04-14,1,stable|noise
K52BEM,2024-09-01,1,low_coverage_active
K56BHK,2025-07-31,1,low_coverage_active
K72ADJ,2024-02-09,1,low_coverage_active|noise
K74BDK,2025-06-27,1,low_coverage_active|noise
K76BKB,2025-03-20,1,low_coverage_active|noise
K95AVE,2025-07-31,1,low_coverage_active
L0093988,2024-07-20,1,low_coverage_active
L37AZX,2025-03-17,1,low_coverage_active|noise
L48BKG,2025-07-31,1,low_coverage_active
L57AZT,2025-02-23,0,stable
L59AZH,2025-07-31,1,low_coverage_active
L62AYS,2025-07-29,1,low_coverage_active
L89ADJ,2025-07-04,1,low_coverage_active
L93AXB,2024-01-13,1,low_coverage_active
L95BCL,2025-01-07,1,low_coverage_active
L95BJV,2025-07-30,1,low_coverage_active
L97BKG,2025-01-12,1,low_coverage_active|noise
LB46144,2025-07-02,1,low_coverage_active
LB46147,2025-07-23,1,low_coverage_active
LB46149,2025-07-31,0,stable
LB67312,2025-07-29,1,low_coverage_active
LB82663,2025-07-29,1,low_coverage_active
LC33620,2025-07-30,0,stable
LC33624,2025-07-31,0,stable
LC33626,2025-07-31,0,stable
LE16176,2025-06-19,1,low_coverage_active
LE17532,2025-07-28,1,low_coverage_active
LE41033,2025-03-31,1,low_coverage_active
LE73329,2025-07-06,1,low_coverage_active
LF28206,2025-07-30,1,low_coverage_active|noise
LF63372,2025-07-31,1,low_coverage_active
LF95269,2024-12-23,0,stable
LG14267,2025-04-03,1,low_coverage_active
LG58472,2025-06-05,1,low_coverage_active
LG58491,2025-07-29,1,low_coverage_active
LGG763B,2025-07-27,1,low_coverage_active
LGJ732B,2025-07-31,0,stable
LGM538A,2025-07-13,1,low_coverage_active
LGX501B,2025-04-08,1,low_coverage_active
LHJ272C,2025-04-29,1,low_coverage_active
LHL900C,2025-07-30,1,low_coverage_active
LHN874B,2025-07-29,1,low_coverage_active
LHT976A,2025-04-21,1,low_coverage_active
LHY326B,2025-07-29,1,low_coverage_active
LKC143B,2025-07-28,1,low_coverage_active
LKE361A,2025-07-30,1,low_coverage_active
LKH469A,2024-10-03,1,low_coverage_active
LKS335C,2025-07-18,1,low_coverage_active
LKX660B,2025-07-12,1,low_coverage_active
LLG870A,2024-04-25,1,low_coverage_active
LLK145A,2025-07-31,0,stable
LLZ105A,2025-06-24,1,low_coverage_active|noise
LMA529B,2025-06-20,1,low_coverage_active|noise
LMB124C,2025-07-18,1,low_coverage_active
LMF593A,2025-05-22,1,low_coverage_active
LMF749A,2025-07-19,1,low_coverage_active
LMG569A,2025-07-30,1,low_coverage_active
LMM734A,2025-07-31,1,low_coverage_active
LMN574A,2024-10-05,1,low_coverage_active
LMS927B,2025-07-31,1,low_coverage_active
LMU573B,2025-07-31,1,low_coverage_active
LPB973A,2024-12-09,1,low_coverage_active
LPM957A,2025-05-18,1,low_coverage_active
LPM957A,2025-05-18,1,low_coverage_active
LRK797A,2025-07-01,1,low_coverage_active
LRN332A,2024-05-13,1,low_coverage_active
LRS739A,2025-07-27,1,low_coverage_active|noise
LRV034B,2025-03-17,1,low_coverage_active|noise
LRV397A,2024-04-12,1,low_coverage_active
LSA232A,2025-04-22,1,low_coverage_active
LSC039A,2024-03-24,1,low_coverage_active
LSG918A,2025-05-25,1,low_coverage_active
LTY048A,2025-07-30,1,low_coverage_active
LUB299B,2025-07-28,1,low_coverage_active
LUC775A,2025-06-22,1,low_coverage_active
LUE056A,2024-05-06,1,low_coverage_active
LUG097B,2025-07-31,1,low_coverage_active|noise
LUJ963A,2025-07-31,0,stable
LUK295A,2025-07-27,1,low_coverage_active
LUP764B,2025-05-12,1,low_coverage_active
LUY792A,2024-03-02,1,low_coverage_active
LVA200C,2025-07-26,1,low_coverage_active
LVJ213A,2024-11-24,1,low_coverage_active|noise
LVS956A,2025-07-31,1,low_coverage_active
LWM663A,2025-07-23,1,low_coverage_active
LWP774A,2025-06-16,1,low_coverage_active
LWT662A,2025-06-04,1,low_coverage_active
LWY580A,2025-07-30,0,stable
LWZ452A,2025-07-13,1,low_coverage_active
LXL030A,2024-03-06,1,low_coverage_active
LXL539A,2025-05-23,1,low_coverage_active|noise
LYC130B,2025-03-18,1,low_coverage_active
LYD851A,2025-01-17,1,low_coverage_active
LYD932B,2025-07-31,1,low_coverage_active
LYX364A,2024-10-27,1,low_coverage_active
LZG813A,2025-05-31,1,low_coverage_active
LZW205B,2025-04-02,1,low_coverage_active
M00623,2025-04-27,1,low_coverage_active|noise
M02696,2025-04-06,1,low_coverage_active
M05ADW,2024-06-17,1,low_coverage_active
M07BKD,2025-01-25,1,low_coverage_active
M10ASM,2025-07-31,1,low_coverage_active
M30AFK,2025-07-12,1,low_coverage_active
M76BDV,2023-11-04,1,low_coverage_active
M88BHK,2025-07-31,1,low_coverage_active
M90632,2024-10-22,0,stable
MAF974B,2024-11-08,1,low_coverage_active
MAT739C,2025-07-29,1,low_coverage_active|noise
MAW556B,2025-07-30,1,low_coverage_active
MBB284A,2025-06-30,1,low_coverage_active
MBC922B,2025-06-26,1,low_coverage_active
MBF355C,2025-07-31,1,low_coverage_active
MBH168A,2025-05-16,1,low_coverage_active
MBK588A,2025-04-29,1,low_coverage_active
MCJ666A,2025-02-02,1,low_coverage_active
MCJ790B,2025-02-05,1,low_coverage_active
MCZ173A,2025-07-15,1,low_coverage_active
MDC441A,2025-04-28,1,low_coverage_active
MDE922A,2024-11-17,1,low_coverage_active
MDF887A,2025-04-17,1,low_coverage_active
MDX643A,2025-06-08,1,low_coverage_active
MES414A,2024-12-02,1,low_coverage_active
MES443A,2024-10-13,1,low_coverage_active
MET467A,2025-07-22,1,low_coverage_active
MFK307A,2025-03-01,1,low_coverage_active
MFL068A,2025-06-08,1,low_coverage_active
MFN464A,2025-07-22,1,low_coverage_active
MFR854B,2025-07-31,1,low_coverage_active
MFR854B,2025-07-31,1,low_coverage_active
MGS123A,2025-02-24,1,low_coverage_active
MGU109A,2025-07-16,1,low_coverage_active
MGU724A,2025-07-29,1,low_coverage_active
MGY297A,2025-07-27,1,low_coverage_active
MHB508A,2025-05-17,1,low_coverage_active
MHC436A,2025-07-31,1,low_coverage_active
MHJ174B,2025-02-16,1,low_coverage_active
MHN831B,2025-07-26,1,low_coverage_active
MJA605A,2025-07-07,1,low_coverage_active
MJJ069A,2025-07-16,1,low_coverage_active
MJS110B,2025-05-10,1,low_coverage_active
MJV798B,2025-02-15,1,low_coverage_active
MKA084B,2025-07-31,1,low_coverage_active
MKH203A,2025-07-13,1,low_coverage_active
MKM030B,2025-07-30,1,low_coverage_active|noise
MMJ562A,2025-06-02,1,low_coverage_active
MMW997A,2024-04-16,1,low_coverage_active
MMX820A,2025-05-16,1,low_coverage_active
MMY372A,2025-07-31,0,stable
MMZ579A,2025-07-30,1,low_coverage_active
MNA244B,2025-07-31,1,low_coverage_active
MNC154A,2025-07-31,1,low_coverage_active
MNR321A,2024-10-16,1,low_coverage_active
MNW3118,2025-07-21,1,low_coverage_active
MPX066A,2025-07-31,1,low_coverage_active
MRH677A,2025-07-27,1,low_coverage_active
MRZ643A,2025-05-17,1,low_coverage_active|noise
MSE625B,2025-07-31,1,low_coverage_active
MSP256A,2025-05-05,1,low_coverage_active
MSR447A,2025-07-31,1,low_coverage_active
MST069A,2024-01-29,1,low_coverage_active
MSV2246,2025-07-01,1,low_coverage_active|noise
MTC009A,2025-05-07,1,low_coverage_active|noise
MTE9565,2025-07-30,1,low_coverage_active
MTH187A,2025-04-13,1,low_coverage_active
MUE429B,2025-07-31,1,low_coverage_active|noise
MUN882A,2024-07-16,1,low_coverage_active
MUS763B,2025-05-29,1,low_coverage_active
MVB471B,2025-05-28,1,low_coverage_active
MVD212A,2025-06-28,1,low_coverage_active
MVJ595A,2025-06-09,1,low_coverage_active|noise
MVJ923A,2025-07-20,0,stable
MVN795A,2025-07-13,1,low_coverage_active
MVR221B,2025-07-31,1,low_coverage_active
MVR221B,2025-07-31,1,low_coverage_active
MVY284A,2024-06-25,1,low_coverage_active
MVY555B,2025-07-25,1,low_coverage_active
MWM963A,2025-03-31,1,low_coverage_active
MWP074B,2025-07-31,1,low_coverage_active
MWT540A,2025-06-29,1,low_coverage_active
MWW205A,2025-06-26,1,low_coverage_active
MXD890B,2025-03-30,1,low_coverage_active
MXD895A,2025-07-27,1,low_coverage_active
MXG194A,2025-04-26,1,low_coverage_active
MXH354A,2025-07-07,1,low_coverage_active
MXM893A,2025-07-31,1,low_coverage_active
MXU8000,2024-06-09,1,low_coverage_active
MYU919B,2025-06-15,1,low_coverage_active
MYZ280A,2024-09-10,1,low_coverage_active
MYZ409A,2024-10-02,1,low_coverage_active
MZB912A,2025-07-27,1,low_coverage_active
MZM886B,2025-07-31,1,low_coverage_active
MZU169A,2024-12-13,1,low_coverage_active
MZV5006,2025-07-30,1,low_coverage_active
MZY949B,2025-07-31,1,low_coverage_active
N22BAK,2024-12-22,1,low_coverage_active
N28BEP,2025-07-19,1,low_coverage_active
N5611894,2025-03-28,0,stable
N66BJB,2024-07-24,1,low_coverage_active
N66BPK,2025-07-28,1,low_coverage_active
N82AMJ,2025-06-29,1,low_coverage_active
N86BHC,2024-11-26,1,low_coverage_active
NA000010,2025-07-24,0,stable
NA000011,2025-06-07,1,stable|noise
NA00003,2025-06-18,0,stable
NAE825A,2025-04-21,1,low_coverage_active
NAF870A,2025-07-31,1,low_coverage_active
NAN301A,2024-11-11,1,low_coverage_active
NAR581A,2025-07-01,1,low_coverage_active
NAV388A,2025-07-27,1,low_coverage_active
NBF241A,2025-07-31,0,stable
NBH9999,2024-11-10,1,low_coverage_active|noise
NCC4186,2024-04-19,1,low_coverage_active
NCE5193,2025-04-11,1,low_coverage_active
NCH8736,2024-09-10,1,low_coverage_active
NCL746B,2025-07-31,1,low_coverage_active
NCL940A,2025-03-22,1,low_coverage_active
NCP207B,2025-07-31,1,low_coverage_active
NCT211B,2025-07-01,1,low_coverage_active|noise
NCT2598,2025-02-14,1,low_coverage_active
NCZ4998,2025-04-16,1,low_coverage_active
NDA827B,2025-07-31,0,stable
NDE466A,2025-06-15,1,low_coverage_active
NDE730A,2024-10-26,1,low_coverage_active|noise
NDG818A,2025-07-27,1,low_coverage_active
NDJ498A,2025-07-31,1,low_coverage_active
NDV064A,2025-07-31,1,low_coverage_active
NDY621A,2025-01-30,1,low_coverage_active
NEE554A,2025-07-30,1,low_coverage_active
NEG316A,2025-07-02,1,low_coverage_active|noise
NEJ369A,2024-06-27,1,low_coverage_active
NES3833,2025-07-30,1,low_coverage_active
NFH2748,2025-07-25,1,low_coverage_active
NFH392B,2025-07-20,1,stable|noise
NFN637A,2025-05-11,1,low_coverage_active
NFN693A,2025-07-19,1,low_coverage_active
NFW3006,2024-05-16,1,low_coverage_active
NFZ815A,2025-03-27,1,low_coverage_active|noise
NGH1704,2023-10-11,1,low_coverage_active
NGH5846,2025-06-04,1,low_coverage_active
NGS840A,2024-09-12,1,low_coverage_active
NHB290A,2025-02-02,1,low_coverage_active|noise
NHG251B,2025-07-31,1,low_coverage_active
NHT5940,2024-10-27,1,low_coverage_active
NHT9672,2023-10-14,1,low_coverage_active
NHU5137,2025-07-10,1,low_coverage_active
NHY2352,2025-04-16,1,low_coverage_active
NJA3266,2024-07-19,1,low_coverage_active
NJB3707,2025-01-19,0,stable
NJB4766,2023-09-29,1,low_coverage_active|noise
NJK7453,2024-08-17,1,low_coverage_active
NJT3199,2024-10-14,1,low_coverage_active
NJT3798,2024-02-19,1,low_coverage_active
NJU829B,2025-04-29,1,low_coverage_active
NKH7900,2025-07-31,1,low_coverage_active
NKH9513,2024-07-16,1,low_coverage_active|noise
NKK4840,2024-09-17,1,low_coverage_active
NKN3733,2024-01-24,1,low_coverage_active
NKP6417,2024-04-11,1,low_coverage_active
NKT1129,2024-07-30,1,low_coverage_active
NKW1174,2025-07-04,1,low_coverage_active
NLD8153,2023-12-16,1,low_coverage_active
NLK6258,2025-07-30,1,low_coverage_active
NLS360A,2025-07-31,1,low_coverage_active
NLZ606A,2025-07-31,1,low_coverage_active
NNF5462,2024-04-05,1,low_coverage_active
NNN9753,2025-07-28,1,low_coverage_active
NNX1745,2024-03-12,1,low_coverage_active
NNY176A,2025-07-31,0,stable
NPD9651,2025-06-30,1,low_coverage_active
NPM6657,2024-03-09,1,low_coverage_active
NPP1204,2025-02-15,1,low_coverage_active
NPR7970,2024-10-24,1,low_coverage_active
NPU6648,2024-09-14,1,low_coverage_active
NRA8543,2024-03-07,1,low_coverage_active|noise
NRD541A,2025-07-19,1,low_coverage_active|noise
NSF7001,2024-11-26,1,low_coverage_active
NSG8670,2024-11-04,1,low_coverage_active
NSM4747,2024-10-07,1,low_coverage_active
NSV2306,2024-03-13,1,low_coverage_active
NSV5525,2024-02-02,1,low_coverage_active|noise
NSZ793A,2025-07-29,1,low_coverage_active
NTA5765,2025-02-06,1,low_coverage_active
NTC2304,2024-11-30,1,low_coverage_active
NTD3059,2024-09-25,1,low_coverage_active
NTD7180,2024-11-21,1,low_coverage_active
NTD7979,2025-07-29,1,low_coverage_active
NTD7982,2025-07-31,1,low_coverage_active
NTE1249,2025-07-13,1,low_coverage_active
NTJ047A,2025-07-06,1,low_coverage_active|noise
NTK1467,2025-05-17,1,low_coverage_active
NTK9602,2025-01-11,1,low_coverage_active|noise
NTS6641,2024-07-16,1,low_coverage_active
NTT7520,2025-03-09,1,low_coverage_active
NTU4623,2023-10-13,1,low_coverage_active
NUA336A,2025-07-23,1,low_coverage_active
NUD6464,2025-07-21,1,low_coverage_active
NUH9419,2024-10-19,1,low_coverage_active
NUJ4051,2024-04-30,1,low_coverage_active
NUJ6630,2025-07-25,1,low_coverage_active
NUK9880,2025-03-15,1,low_coverage_active
NUP773A,2025-07-25,1,low_coverage_active
NUS5749,2025-04-03,1,low_coverage_active
NUT2155,2025-02-01,1,low_coverage_active|noise
NUT3437,2025-07-23,1,low_coverage_active
NUT6571,2025-07-20,1,low_coverage_active
NUW7185,2024-04-26,1,low_coverage_active
NUZ7516,2025-07-22,1,low_coverage_active
NVA1155,2025-05-17,1,low_coverage_active
NVK163A,2025-07-18,1,low_coverage_active
NVM9692,2025-01-27,1,low_coverage_active
NVN2055,2025-07-28,1,low_coverage_active
NVP3635,2025-07-31,1,low_coverage_active
NVS700A,2025-07-29,1,low_coverage_active
NWC5697,2024-12-13,1,low_coverage_active
NWD1976,2025-04-24,1,low_coverage_active
NWD2314,2025-07-12,1,low_coverage_active
NWE4850,2024-07-04,1,low_coverage_active
NWE6364,2024-09-23,1,low_coverage_active
NWF7409,2025-02-18,1,low_coverage_active
NWH8687,2025-07-15,1,low_coverage_active
NWK8907,2024-01-13,1,low_coverage_active
NWM1788,2025-04-27,1,low_coverage_active
NWR1656,2025-02-17,1,low_coverage_active
NWR6510,2025-03-31,0,stable
NWR8317,2025-07-30,1,low_coverage_active
NWT2578,2025-05-03,1,low_coverage_active
NWU2870,2025-07-15,1,low_coverage_active
NWV5181,2025-05-26,1,low_coverage_active
NWY3792,2025-04-28,1,low_coverage_active|noise
NXD1136,2024-12-31,1,low_coverage_active
NXF168A,2025-07-25,1,low_coverage_active
NXG9080,2024-01-21,1,low_coverage_active
NXH6263,2025-05-23,1,low_coverage_active|noise
NXK3934,2025-07-30,1,low_coverage_active
NXK6292,2025-07-30,1,low_coverage_active
NXK8810,2025-04-13,1,low_coverage_active
NXR1067,2025-07-13,1,low_coverage_active
NXR9396,2025-02-03,1,low_coverage_active|noise
NXU8505,2025-07-19,1,low_coverage_active
NXV2821,2025-01-15,1,low_coverage_active
NXW6665,2025-05-04,0,stable
NXY1429,2025-07-28,1,low_coverage_active
NXY5000,2024-09-12,1,low_coverage_active
NXZ2150,2025-06-17,1,low_coverage_active
NYB2200,2025-07-30,1,low_coverage_active
NYD3632,2025-07-12,1,low_coverage_active
NYE3957,2025-07-18,1,low_coverage_active
NYF7608,2025-04-22,1,low_coverage_active
NYF7657,2025-04-04,1,low_coverage_active
NYF8000,2025-07-31,1,low_coverage_active
NYJ2223,2025-07-27,1,low_coverage_active
NYJY115A,2025-06-06,1,low_coverage_active
NYM3174,2025-07-25,1,low_coverage_active
NYM4040,2024-10-14,1,low_coverage_active
NYM9892,2024-12-01,1,low_coverage_active
NYP4901,2024-10-20,1,low_coverage_active
NYR2020,2025-06-05,1,low_coverage_active
NYT3731,2025-07-02,1,low_coverage_active
NYU1735,2025-07-16,1,low_coverage_active
NYU750B,2025-07-27,1,low_coverage_active
NYW4034,2025-05-30,1,low_coverage_active
NYX6756,2025-07-31,1,low_coverage_active
NYX9511,2025-07-30,1,low_coverage_active
NYZ2678,2024-12-11,1,low_coverage_active
NZA2706,2025-06-23,1,low_coverage_active
NZA4429,2025-03-09,1,low_coverage_active
NZB4926,2025-05-23,1,low_coverage_active
NZD3499,2025-07-08,1,low_coverage_active
NZD4088,2024-10-14,1,low_coverage_active
NZE5695,2025-01-21,1,low_coverage_active
NZE6296,2024-09-30,1,low_coverage_active
NZG4949,2024-10-02,1,low_coverage_active
NZG6214,2023-11-02,1,low_coverage_active
NZJ2346,2024-09-14,1,low_coverage_active
NZJ2375,2025-07-24,1,low_coverage_active
NZJ9353,2024-09-15,1,low_coverage_active
NZN1683,2025-03-20,1,low_coverage_active
NZN4071,2025-07-31,1,low_coverage_active
NZN4196,2025-07-24,1,low_coverage_active
NZN7779,2024-11-13,1,low_coverage_active
NZN9885,2025-07-20,1,low_coverage_active
NZP212B,2025-06-28,1,low_coverage_active|noise
NZS2931,2025-03-12,1,low_coverage_active
NZS8009,2025-02-16,1,low_coverage_active
NZT1108,2025-07-28,1,low_coverage_active
NZT1226,2025-04-06,1,low_coverage_active
NZT3779,2025-07-26,1,low_coverage_active
NZT5678,2025-07-29,1,low_coverage_active
NZT6199,2025-07-30,1,low_coverage_active
NZU3316,2025-07-18,1,low_coverage_active
NZU5285,2025-02-21,1,low_coverage_active
NZV2611,2025-04-04,1,low_coverage_active
NZV8496,2025-06-02,1,low_coverage_active
NZW4553,2024-02-11,1,low_coverage_active
NZW4847,2025-01-18,1,low_coverage_active
NZY4328,2025-07-28,1,low_coverage_active
NZY5605,2025-07-22,1,low_coverage_active
NZY8710,2025-07-31,1,low_coverage_active
P000037,2025-07-14,1,low_coverage_active
P000400,2024-12-22,1,low_coverage_active
P0320,2025-07-10,1,low_coverage_active
P06ATS,2025-07-31,1,low_coverage_active
P08BJB,2025-07-26,1,low_coverage_active
P08BJW,2024-02-02,1,low_coverage_active
P33ATH,2025-05-28,1,low_coverage_active
P43AMA,2024-12-22,1,low_coverage_active
P801079,2024-11-07,1,low_coverage_active
P801561,2025-01-21,1,low_coverage_active
P802066,2025-02-08,1,low_coverage_active
P802435,2024-11-20,1,low_coverage_active
P802460,2025-03-26,1,low_coverage_active
P802569,2024-12-11,1,low_coverage_active
P803046,2025-04-12,0,stable
P803547,2024-09-09,1,low_coverage_active|noise
PAA6858,2025-07-31,1,low_coverage_active|noise
PAA8087,2025-07-30,0,stable
PAC6869,2025-07-31,0,stable
PAE1032,2025-07-30,1,low_coverage_active
PAG663A,2025-04-20,1,low_coverage_active
PAJ2909,2025-04-21,1,low_coverage_active
PAJ5018,2024-06-05,1,low_coverage_active
PAL6787,2025-07-21,1,low_coverage_active
PAX7437,2024-10-25,1,low_coverage_active
PAY4740,2025-02-07,1,low_coverage_active
PAY7657,2025-07-30,1,low_coverage_active
PAZ1744,2025-05-31,1,low_coverage_active
PAZ3649,2025-04-14,1,low_coverage_active
PAZ7154,2025-06-21,1,low_coverage_active
PBB3001,2025-05-27,1,low_coverage_active
PBB3219,2025-07-18,1,low_coverage_active
PBB5710,2025-01-30,1,low_coverage_active
PBC6570,2025-01-25,1,low_coverage_active
PBE4208,2024-10-21,1,low_coverage_active
PBE9461,2025-07-18,1,low_coverage_active
PBG2889,2023-10-08,1,low_coverage_active
PBG5124,2025-06-26,1,low_coverage_active
PBG6023,2024-04-11,1,low_coverage_active
PBH008B,2025-07-23,1,low_coverage_active
PBJ5086,2024-10-27,1,low_coverage_active|noise
PBK804B,2025-07-31,1,low_coverage_active
PBN5416,2025-04-13,1,low_coverage_active
PBP2691,2025-04-01,1,low_coverage_active
PBP3281,2025-07-29,1,low_coverage_active
PBP3474,2025-07-02,1,low_coverage_active
PBP4733,2023-12-19,1,low_coverage_active
PBP6833,2024-10-13,1,low_coverage_active
PBR6322,2025-07-13,1,low_coverage_active
PBR6692,2025-07-31,1,low_coverage_active
PBS7821,2025-03-09,1,low_coverage_active
PBT3215,2025-07-30,1,low_coverage_active
PBV1337,2025-07-27,1,low_coverage_active
PBV4760,2023-12-04,1,low_coverage_active
PBW4091,2025-07-30,1,low_coverage_active
PBW6191,2024-12-22,1,low_coverage_active
PBW6513,2025-07-29,1,low_coverage_active
PBY6165,2025-02-01,1,low_coverage_active
PBZ4454,2024-09-30,1,low_coverage_active
PBZ4742,2024-10-26,1,low_coverage_active
PCA9362,2025-07-30,1,low_coverage_active
PCB4784,2025-07-29,1,low_coverage_active
PCD3001,2025-05-29,1,low_coverage_active
PCD9582,2025-07-28,1,low_coverage_active
PCE3341,2025-06-04,1,low_coverage_active
PCE9259,2025-07-17,1,low_coverage_active|noise
PCE9619,2025-07-30,1,low_coverage_active
PCG7490,2023-10-18,1,low_coverage_active
PCJ6877,2025-04-23,1,low_coverage_active|noise
PCK8847,2025-07-06,1,low_coverage_active
PCM9650,2025-07-20,1,low_coverage_active
PCP5901,2025-06-12,1,low_coverage_active
PCP7656,2025-07-14,1,low_coverage_active|noise
PCR7008,2024-03-21,1,low_coverage_active
PCT9966,2024-10-03,1,low_coverage_active
PCZ3897,2025-04-15,1,low_coverage_active
PCZ5897,2025-07-31,1,low_coverage_active
PDA8039,2025-07-20,1,low_coverage_active
PDC2428,2024-12-07,1,low_coverage_active
PDD8511,2024-04-21,1,low_coverage_active
PDD9589,2025-06-26,1,low_coverage_active
PDE3038,2025-04-24,1,low_coverage_active
PDE4380,2024-10-20,1,low_coverage_active
PDF2203,2025-07-27,1,low_coverage_active
PDH897B,2025-07-19,1,low_coverage_active
PDK4435,2025-05-07,1,low_coverage_active
PDK8098,2025-07-31,1,low_coverage_active
PDL5824,2025-04-02,1,low_coverage_active
PDM6606,2025-02-23,1,low_coverage_active
PDM6702,2025-07-05,1,low_coverage_active
PDN2241,2024-11-12,1,low_coverage_active|noise
PDN2243,2024-10-20,1,low_coverage_active
PDN2262,2024-12-17,1,low_coverage_active
PDP9133,2025-07-28,1,low_coverage_active
PDP9740,2024-12-13,1,low_coverage_active
PDR246A,2025-05-20,0,stable
PDR4456,2025-07-30,1,low_coverage_active
PDR6179,2025-01-23,1,low_coverage_active
PDR8767,2023-11-06,1,low_coverage_active
PDS9475,2025-06-11,1,low_coverage_active
PDT552A,2025-07-22,1,low_coverage_active
PDU4392,2025-05-22,1,low_coverage_active
PDV1717,2025-05-03,1,low_coverage_active
PDV9084,2024-11-02,1,low_coverage_active
PDX3752,2025-07-31,1,low_coverage_active
PDY4327,2025-06-04,1,low_coverage_active
PDZ7437,2025-06-10,1,low_coverage_active
PEB7197,2024-04-24,1,low_coverage_active
PEC1932,2025-02-01,1,low_coverage_active|noise
PEC8365,2024-07-07,1,low_coverage_active
PEC9204,2025-07-31,1,low_coverage_active
PED4226,2025-07-13,1,low_coverage_active
PED7381,2025-07-26,1,low_coverage_active
PEE3676,2025-07-28,1,low_coverage_active
PEF2218,2025-07-29,1,low_coverage_active
PEF5712,2025-07-08,1,low_coverage_active
PEF6461,2025-07-26,1,low_coverage_active
PEF6959,2024-11-03,1,low_coverage_active|noise
PEH5762,2025-07-30,1,low_coverage_active
PEH9697,2025-07-30,1,low_coverage_active
PEK1713,2025-07-31,1,low_coverage_active
PEK2124,2025-07-29,1,low_coverage_active
PEK2696,2025-05-09,1,low_coverage_active
PEL2135,2025-07-31,1,low_coverage_active
PEL3520,2025-05-26,1,low_coverage_active
PEL8558,2025-01-27,1,low_coverage_active
PEM2390,2025-07-29,1,low_coverage_active
PEM4219,2025-07-31,1,low_coverage_active
PEM8837,2025-07-27,1,low_coverage_active
PEN9459,2025-03-23,1,low_coverage_active
PEP7595,2025-01-12,1,low_coverage_active
PEP9965,2023-11-02,1,low_coverage_active
PES7501,2024-12-13,1,low_coverage_active
PEU5630,2025-07-29,1,low_coverage_active
PEZ7226,2025-01-24,1,low_coverage_active
PEZ8103,2025-07-30,1,low_coverage_active
PNE283B,2024-03-22,1,low_coverage_active
PWR358D,2025-04-30,1,low_coverage_active
PXJ289D,2025-01-01,1,low_coverage_active
PZL117C,2025-07-12,1,low_coverage_active
R11BRA,2025-07-26,1,low_coverage_active
R53AZA,2024-10-17,1,low_coverage_active
R75ASY,2025-07-30,1,low_coverage_active
RA000224,2025-07-28,0,stable
RAF432D,2025-07-30,1,low_coverage_active
RAN627C,2023-12-01,1,low_coverage_active
RBZ248C,2024-12-21,1,low_coverage_active
S05BKH,2025-07-31,1,low_coverage_active
S3M9065,2025-06-07,0,stable
S3M90654,2025-07-29,0,stable
S4078349,2025-06-19,1,low_coverage_active
S52BCX,2025-07-30,1,low_coverage_active
S8M9064,2025-07-24,0,stable
S93APC,2025-07-31,1,low_coverage_active
T07BAW,2025-06-08,1,low_coverage_active
T47BEC,2024-12-17,1,low_coverage_active|noise
T99AZF,2024-07-20,1,low_coverage_active
TR53,2025-07-31,0,stable
TR56,2025-07-29,0,stable
TR57,2025-07-17,0,stable
TR62,2025-07-31,0,stable
TRANS01,2024-09-16,0,stable
TWB842A,2025-03-24,1,low_coverage_active
TXB978B,2025-07-27,1,low_coverage_active
U48BKJ,2025-06-04,1,low_coverage_active
U75AXN,2024-08-19,1,low_coverage_active
U76BHV,2025-06-05,1,low_coverage_active
U85AYT,2025-07-31,1,low_coverage_active
UAS6288,2023-09-24,1,low_coverage_active
UKE843V,2025-04-25,1,low_coverage_active|noise
UNIDAD113,2024-09-30,1,low_coverage_active
UPS230G,2025-07-28,1,low_coverage_active
UPZ963G,2024-04-04,1,low_coverage_active
UTZ406K,2024-10-03,1,low_coverage_active
V24BJA,2025-03-14,1,low_coverage_active|noise
V25AUE,2024-11-18,1,low_coverage_active
V25BJK,2025-07-31,1,low_coverage_active
V45ALS,2025-02-26,1,low_coverage_active|noise
V57BDK,2025-04-20,1,low_coverage_active
V94AHX,2025-07-31,1,low_coverage_active
W24APU,2025-07-24,1,low_coverage_active|noise
W32ABF,2024-11-01,1,low_coverage_active
W41APD,2025-07-30,1,low_coverage_active
W43BEE,2025-04-27,1,low_coverage_active
W46ADC,2025-07-09,1,low_coverage_active
W57BCN,2024-08-14,1,low_coverage_active
W71BJA,2025-07-31,1,low_coverage_active
W73BCM,2024-12-27,1,low_coverage_active
W79AKU,2024-10-21,1,low_coverage_active
W92AMJ,2025-07-29,1,low_coverage_active
W969409,2025-07-29,0,stable
W96AUN,2025-02-18,1,low_coverage_active|noise
X21BBW,2025-06-17,1,low_coverage_active
X28ABB,2025-03-23,1,low_coverage_active
X40BLP,2024-06-14,1,low_coverage_active
X42BBB,2023-10-11,1,low_coverage_active
X45ATY,2025-03-10,1,low_coverage_active
X46BNX,2025-07-10,1,low_coverage_active
X56BGM,2025-07-12,1,low_coverage_active
X91BEH,2025-01-11,1,low_coverage_active
XWC117B,2025-07-02,1,low_coverage_active
XXJ175B,2025-07-26,1,low_coverage_active
Y01BBX,2024-12-14,1,low_coverage_active
Y20BNF,2025-04-22,1,low_coverage_active
Y38BEE,2024-11-29,1,low_coverage_active
Y64ANF,2025-07-31,1,low_coverage_active
YNF452A,2025-07-15,1,low_coverage_active
YNF562A,2025-07-13,1,low_coverage_active
Z14ARR,2024-08-10,1,low_coverage_active
Z17BDN,2025-02-18,1,low_coverage_active
Z50BGG,2024-06-23,1,low_coverage_active
Z53BEA,2025-07-31,1,low_coverage_active
Z87ACD,2025-07-18,1,low_coverage_active|noise
Z93AFX,2025-06-27,1,low_coverage_active
