placa,voice_score,historical_score,geographic_score,default_flag
0116YXA,749.649549909091,564.2497718436365,1000.0,0
0603561C,378.6857749090908,1000.0,1000.0,0
060374K,559.2836172727274,1000.0,1000.0,0
060381K,390.71987418181817,1000.0,1000.0,0
060820K,395.3402448181819,1000.0,1000.0,1
060845K,641.5275310000002,821.3954740909089,1000.0,0
060863K,709.3210294545455,878.4660362727271,1000.0,0
060874K,561.3969450909091,1000.0,1000.0,0
061238K,441.05931,1000.0,1000.0,0
061288K,351.0170625454545,1000.0,1000.0,0
061706K,977.235590909091,22.764409090908998,1000.0,1
061802K,635.0772418181818,364.9227581818182,1000.0,1
061803K,981.7884727272727,18.2115272727272,1000.0,1
061899K,922.3228533636363,77.6771466363636,1000.0,1
0NXA9936,782.2801158181819,493.9354307272727,1000.0,1
1050,909.7961654545454,90.2038345454545,1000.0,1
109327,919.4786274545454,80.5213725454545,1000.0,1
109456,926.1112045454546,73.88879545454539,1000.0,1
11G896,808.6694994545454,446.69397390909086,1000.0,1
120053K,328.21540545454553,1000.0,1000.0,0
120370K,354.36201272727277,1000.0,1000.0,0
120466K,419.6903581818182,678.5875227272727,1000.0,0
120768K,963.5884095454545,36.411590454545404,1000.0,1
121368K,920.93472,79.06528,1000.0,1
121440K,140.87364181818185,1000.0,1000.0,0
122409K,196.30975090909087,1000.0,1000.0,0
122432K,466.5041754545455,1000.0,1000.0,0
1247JGE,960.69127,39.30873,1000.0,1
1260079,316.5381954545454,683.4618045454546,1000.0,0
1387JGE,955.5436748181819,44.4563251818181,1000.0,1
1416JFHA,978.0394190909091,21.9605809090909,1000.0,1
1507EDM016,230.53781281818186,1000.0,1000.0,0
1507MDF049,967.0063463636363,32.9936536363636,1000.0,1
1511MDF034,983.664170909091,16.335829090908998,1000.0,1
1512EDM010,950.8681818181819,49.131818181818105,1000.0,1
1602MDF050,954.141020909091,45.858979090908996,1000.0,1
1603MDF019,927.2712236363637,72.7287763636363,1000.0,1
1610MDF004,977.3960881818182,22.6039118181818,1000.0,1
1610MDF123,915.7395990909091,84.2604009090909,1000.0,1
1611MDF003,801.786246909091,474.94291399999986,1000.0,1
1612MDF009,874.8192572727273,125.1807427272727,1000.0,1
1701MDF078,998.8126872727273,1.1873127272727,1000.0,1
1701MDF118,982.5667463636364,17.4332536363636,1000.0,1
1703MDF193,948.6664463636364,51.3335536363636,1000.0,1
1704EDM001,827.581035090909,316.863654,1000.0,1
1704MDF094,951.7239100000002,48.2760899999999,1000.0,1
1705MDF058,867.3167954545455,291.41500727272717,1000.0,1
1706MDF121,846.7240127272728,153.2759872727272,1000.0,1
1708MDF054,964.7980207272728,35.2019792727272,1000.0,1
1710MDF045,379.5029027272727,648.1723690909091,1000.0,0
1711MDF017,752.9161272727273,523.7472681818182,1000.0,0
1711MDF033,998.7977281818182,1.2022718181818002,1000.0,1
1711MDF126,999.7827281818182,0.2172718181818,1000.0,1
1712MDF018,897.0869872727272,102.9130127272727,1000.0,1
1712MDF125,963.3269190909091,36.6730809090909,1000.0,1
1712MDF126,885.7281254545455,114.2718745454545,1000.0,1
1712MDF131,226.85094818181827,1000.0,1000.0,0
1712MDF162,821.676230909091,178.323769090909,1000.0,1
1800827,937.4622922727273,62.537707727272696,1000.0,1
1801MDF009,911.8094781818182,88.1905218181818,1000.0,1
1802709,955.173220909091,44.826779090909,1000.0,1
1802MDF002,987.0630463636364,12.9369536363636,1000.0,1
1802MDF053,992.8387645454546,7.1612354545454,1000.0,1
1802MDF058,832.752371909091,167.24762809090902,1000.0,1
1803342,930.71223,69.28777,1000.0,1
1804272,934.1546290909091,65.8453709090909,1000.0,1
1804501,989.5279927272728,10.4720072727272,1000.0,1
1804586,981.8324729999999,18.167527,1000.0,1
1912VLL28,997.74212,2.2578799999999997,1000.0,1
2000012,964.2778927272728,35.7221072727272,1000.0,1
2000578,899.4339374545455,217.0565116363636,1000.0,1
2000705,783.6893644545455,456.387771,1000.0,1
203ZCT,865.1374766363638,134.8625233636363,1000.0,1
225C,0.0,1000.0,1000.0,0
2617JGE,950.135540909091,49.864459090909,1000.0,1
2900JGE,684.3192481818182,776.7127736363636,1000.0,0
299TLA,974.1861836363637,25.813816363636302,1000.0,1
305,945.1372281818183,54.8627718181818,1000.0,1
308C,0.0,1000.0,1000.0,0
320C,473.8183,1000.0,1000.0,0
329VBS,657.2675344545455,716.4282482727274,1000.0,0
330C,251.17017636363647,1000.0,1000.0,0
370,915.4305181818182,84.5694818181818,1000.0,1
3866GMK,855.3584384545455,362.098066090909,1000.0,1
4000009,902.1131871818183,97.88681281818181,1000.0,1
400TL078,74.05653272727275,1000.0,1000.0,1
400TL310,981.7878176363637,18.2121823636363,1000.0,1
400TL319,312.75587990909094,1000.0,1000.0,0
403TL113,947.3613732727273,52.6386267272727,1000.0,1
403TL167,949.8697563636364,50.1302436363636,1000.0,1
403TL180,287.3622454545455,1000.0,1000.0,0
404TL087,352.5191892727273,1000.0,1000.0,0
405TL020,983.3312490909091,25.4634372727272,1000.0,1
405TL302,746.4770554545455,253.5229445454545,1000.0,1
40AU2X,0.0,1000.0,1000.0,0
417,981.7884727272727,18.2115272727272,1000.0,1
418,970.9210736363638,29.0789263636363,1000.0,1
418C,463.5177481818182,907.5628645454548,1000.0,1
44VLB,791.7278336363637,411.4330963636363,1000.0,1
457C,175.21321436363658,1000.0,1000.0,0
45BB9X,0.0,1000.0,1000.0,0
460TL122,318.52812727272726,1000.0,1000.0,0
467TL118,973.7144772727273,26.2855227272727,1000.0,1
475TL188,0.0,1000.0,1000.0,0
500ZDU,987.0630463636364,12.9369536363636,1000.0,1
5480JES,650.1151515454545,667.6736784545454,1000.0,0
54AM8P,0.0,1000.0,1000.0,0
583371,0.0,1000.0,1000.0,0
60F708,772.3802941818182,459.0607030909091,1000.0,1
62AL5N,0.0,1000.0,1000.0,0
634333,0.0,1000.0,1000.0,0
640NZ022M,900.2187363636364,99.78126363636359,1000.0,1
69AY8K,890.5681554545455,109.4318445454545,1000.0,1
6CS4E9,452.2344727272727,1000.0,1000.0,0
6CS4L60,76.86263227272738,1000.0,1000.0,0
6CS5F50,249.27606045454542,1000.0,1000.0,0
6CS8F90,319.7699227272728,1000.0,1000.0,0
6CSL90,0.0,1000.0,1000.0,0
701TL011C,239.915087909091,1000.0,1000.0,0
705TL005M,502.4013533636365,1000.0,1000.0,0
710TL023M,743.6722242727272,256.3277757272727,1000.0,1
710TL065M,982.9352093636364,17.0647906363636,1000.0,1
71BA4V,0.0,1000.0,1000.0,1
741601J,989.3449463636364,10.6550536363636,1000.0,1
744733J,136.45862499999996,1000.0,1000.0,1
747276J,957.148700909091,42.851299090908995,1000.0,1
752895J,566.5684921818183,1000.0,1000.0,0
753233J,614.977562090909,839.5668841818182,1000.0,0
754292J,461.7743911818183,1000.0,1000.0,0
756963J,209.20707836363627,1000.0,1000.0,0
757306J,953.1817090909092,46.8182909090909,1000.0,1
7681JFL,810.4534851818181,378.9103944545455,1000.0,1
770517J,316.46663809090904,1000.0,1000.0,0
770529J,485.85579809090916,1000.0,1000.0,0
770680J,231.08152818181816,1000.0,1000.0,0
770778J,759.240418,240.759582,1000.0,1
770792J,83.29768000000004,1000.0,1000.0,0
770804J,304.1175686363636,1000.0,1000.0,0
770957J,339.364054,1000.0,1000.0,0
770973J,185.1515250000001,1000.0,1000.0,1
772,999.1494736363637,0.8505263636363,1000.0,1
807703J,272.93847090909094,1000.0,1000.0,0
8162,605.3658408181819,394.6341591818181,1000.0,1
8163JES,771.3347825454546,506.57827927272723,1000.0,0
837757J,333.5570363636364,1000.0,1000.0,0
838745J,305.1099860909092,1000.0,1000.0,0
838850J,120.14143272727263,1000.0,1000.0,0
845NA083C,966.1511827272728,33.848817272727196,1000.0,1
845NA116C,997.9484736363637,2.0515263636363,1000.0,1
852EC085,338.87141145454547,1000.0,1000.0,1
867004J,214.9535982727273,1000.0,1000.0,0
88107,918.4589745454546,81.5410254545454,1000.0,1
8E9003481,211.98844545454543,1000.0,1000.0,0
902246,77.44786818181804,1000.0,1000.0,0
9026746,623.90155,837.6409606363635,1000.0,0
906068,346.12028600000014,1000.0,1000.0,0
906301,292.9929909090909,1000.0,1000.0,0
91171,542.9481527272728,752.2760227272727,1000.0,0
9312JES,773.6663985454546,466.2243732727273,1000.0,1
94AL6N,0.0,1000.0,1000.0,0
9RK9096968,233.2712911818182,1000.0,1000.0,0
A00001A,588.6254000000001,938.7651000000001,1000.0,0
A00002A,584.1937000000001,974.7737999999998,1000.0,0
A00007A,333.7048272727272,1000.0,1000.0,1
A00012,983.9599054545455,16.040094545454497,1000.0,1
A00016A,740.6385909090909,639.6089272727272,1000.0,0
A00022A,584.8935309090909,867.7716090909091,1000.0,0
A00027A,431.8439636363637,1000.0,1000.0,0
A00038A,315.31180909090904,1000.0,1000.0,0
A00039A,491.2183,1000.0,1000.0,0
A00042A,569.629109090909,1000.0,1000.0,0
A00053A,251.89490909090907,1000.0,1000.0,0
A0005J,820.6518768181819,179.3481231818181,1000.0,1
A00065A,326.6168999999999,1000.0,1000.0,0
A00068A,315.7090272727273,1000.0,1000.0,0
A00070A,214.50229999999993,1000.0,1000.0,1
A00079A,501.1527090909091,1000.0,1000.0,0
A00082A,284.00436063727284,1000.0,1000.0,0
A00091A,617.110490909091,699.1047636363635,1000.0,0
A00095A,229.95504545454537,1000.0,1000.0,0
A00096A,256.8645727272727,1000.0,1000.0,0
A00115A,582.1832936363637,967.316271818182,1000.0,0
A00136A,310.89174545454546,1000.0,1000.0,0
A00137A,384.69024545454533,1000.0,1000.0,0
A00147A,520.4544454545454,1000.0,1000.0,0
A00148A,447.5208454545454,1000.0,1000.0,0
A00150A,494.58599999999996,1000.0,1000.0,0
A00158A,433.44041363636364,1000.0,1000.0,1
A0016D,735.781963,534.0359915454545,1000.0,0
A00172A,443.3794409090909,1000.0,1000.0,0
A00178A,78.34578181818198,921.654218181818,1000.0,0
A00180A,303.7284727272728,1000.0,1000.0,0
A00188A,209.79531818181817,1000.0,1000.0,0
A00191A,289.97037272727266,1000.0,1000.0,0
A00196A,779.0310636363638,579.3491545454546,1000.0,0
A00200A,398.45182363636354,1000.0,1000.0,0
A00201A,683.23263,678.1325854545454,1000.0,0
A00212A,314.2996545454546,1000.0,1000.0,0
A00213A,237.30833636363636,1000.0,1000.0,0
A00214A,513.8184181818182,1000.0,1000.0,0
A00215A,481.4095727272727,1000.0,1000.0,0
A00217A,459.8732,1000.0,1000.0,0
A0022K,862.2505345454547,137.7494654545454,1000.0,1
A00232A,494.12630909090905,753.5409363636364,1000.0,0
A00234A,367.3984909090909,1000.0,1000.0,1
A00241A,488.88183636363635,1000.0,1000.0,0
A00242A,616.8457545454544,841.5005454545455,1000.0,0
A00252A,517.2450000000002,994.9207,1000.0,0
A00253A,593.6941000000002,884.8931,1000.0,0
A00275A,447.4981818181818,1000.0,1000.0,0
A00276A,551.8068000000001,973.8183,1000.0,0
A0028N,949.844383909091,50.155616090909,1000.0,1
A00291A,493.67334930636355,1000.0,1000.0,0
A00296A,472.2446581818182,1000.0,1000.0,0
A00300A,527.9196545454545,1000.0,1000.0,0
A00301A,240.60251818181823,1000.0,1000.0,0
A0030N,883.4418581818182,116.55814181818181,1000.0,1
A00316A,452.5782727272727,1000.0,1000.0,0
A00317A,566.1301272727272,907.1867454545454,1000.0,0
A00329A,657.2987363636364,768.8783454545455,1000.0,0
A00334A,414.91020000000003,1000.0,1000.0,0
A00367A,976.6287727272728,23.3712272727272,1000.0,1
A00368A,592.1695818181818,869.8100181818182,1000.0,0
A00383A,556.3506,1000.0,1000.0,0
A0050B,816.4890186363637,391.0829768181817,1000.0,1
A005JMD,725.58488,626.4250478181818,1000.0,0
A00770A,468.9529181818182,1000.0,1000.0,1
A00772A,297.7473272727274,1000.0,1000.0,0
A00774A,276.9693636363637,1000.0,1000.0,0
A00786A,492.0896,1000.0,1000.0,0
A00789A,485.1038,1000.0,1000.0,0
A00790A,443.4668363636364,1000.0,1000.0,0
A00796A,451.16691818181806,1000.0,1000.0,0
A00798A,492.48389999999995,1000.0,1000.0,0
A00800A,481.0333545454546,970.1289272727272,1000.0,0
A00819A,619.1268700027273,800.4242094254546,1000.0,0
A00865A,457.95637272727276,1000.0,1000.0,0
A00889A,511.4734409090911,918.781869090909,1000.0,0
A00895A,419.848,1000.0,1000.0,1
A00896A,578.6353818181817,421.3646181818182,1000.0,1
A00897A,351.52853636363636,1000.0,1000.0,0
A0089L,982.9461275454546,17.0538724545454,1000.0,1
A00926A,409.3057536363637,1000.0,1000.0,0
A00943A,240.43233636363638,1000.0,1000.0,0
A00947A,438.01957272727276,1000.0,1000.0,0
A00977A,286.60615454545456,1000.0,1000.0,0
A00982A,581.9603090909092,894.5324727272725,1000.0,0
A00983A,695.3411000000001,736.6904999999999,1000.0,0
A01009A,254.78791818181824,1000.0,1000.0,0
A01034A,553.6955050000001,934.477726,1000.0,0
A0103J,985.0095547272728,14.9904452727272,1000.0,1
A01121A,661.9921454545454,673.1722181818182,1000.0,0
A01129A,596.8377727272727,890.3942363636362,1000.0,0
A01133A,665.8156363636364,738.980809090909,1000.0,0
A01146A,663.1465727272728,734.0719909090908,1000.0,0
A01155A,528.7485272727273,1000.0,1000.0,0
A01156A,613.6155181818182,827.2429636363636,1000.0,0
A01159A,442.5886,1000.0,1000.0,0
A01164A,723.7513000000001,614.159,1000.0,1
A01202A,663.7472636363638,336.2527363636363,1000.0,1
A01216A,663.253890909091,750.8071,1000.0,0
A01247A,323.5061181818182,1000.0,1000.0,0
A01249A,288.1039636363636,711.8960363636364,1000.0,0
A01259A,701.6530218181819,660.4298454545456,1000.0,0
A01278A,533.290909090909,939.535790909091,1000.0,0
A01327A,234.19163636363638,1000.0,1000.0,0
A01332A,390.49934545454545,1000.0,1000.0,0
A0148G,838.227730909091,161.772269090909,1000.0,1
A01703A,555.5375636363638,960.8395727272729,1000.0,0
A01710A,526.370025,843.393551,1000.0,1
A01722A,158.1574,1000.0,1000.0,1
A01726A,610.6838,990.9445000000001,1000.0,0
A01738A,466.36531818181817,1000.0,1000.0,1
A01747A,268.8959636363637,1000.0,1000.0,0
A01860A,427.80655999999993,1000.0,1000.0,0
A01867A,691.4646181818183,657.8444,1000.0,0
A01901A,484.1426636363636,1000.0,1000.0,0
A01905A,373.82809,1000.0,1000.0,0
A01906A,245.28133636363637,1000.0,1000.0,0
A01913A,482.573636,1000.0,1000.0,0
A01914A,598.8956909090911,962.1739090909092,1000.0,1
A01929A,558.992069,909.370189,1000.0,0
A01931A,392.3731136363637,1000.0,1000.0,0
A01937A,467.5163636363636,1000.0,1000.0,0
A01960A,416.29684272727275,1000.0,1000.0,0
A01973A,486.3094181818183,1000.0,1000.0,0
A02013A,416.75297200000006,1000.0,1000.0,1
A02014A,314.0653454545455,1000.0,1000.0,0
A02015A,458.86215454545453,1000.0,1000.0,0
A02018A,363.00931818181823,852.3880636363637,1000.0,0
A02033A,646.5454845454545,770.6229627272728,1000.0,0
A02035A,309.28205454545457,1000.0,1000.0,1
A02062A,397.7944363636363,1000.0,1000.0,0
A02076A,500.29743300000007,1000.0,1000.0,1
A02084A,706.7446363636363,293.2553636363636,1000.0,1
A02209A,570.3162,979.1509000000001,1000.0,0
A02212A,243.16920195727278,1000.0,1000.0,0
A02218A,569.1906454545455,957.4463454545454,1000.0,0
A02226A,539.0411727272729,1000.0,1000.0,0
A02231A,443.94495454545455,1000.0,1000.0,0
A02233A,379.9968727272728,1000.0,1000.0,0
A02255A,450.630590909091,1000.0,1000.0,0
A02262A,751.0538909090909,652.7689727272727,1000.0,0
A02294A,448.65047400000003,1000.0,1000.0,0
A02303A,684.371323,692.591718,1000.0,0
A02321A,478.3356363636364,854.3891272727273,1000.0,0
A02325A,390.1460909090909,1000.0,1000.0,0
A02336A,543.8757181818181,1000.0,1000.0,0
A02350A,307.33087272727266,1000.0,1000.0,0
A02361A,616.380673,908.8402959999999,1000.0,0
A02362A,488.5397779999999,1000.0,1000.0,0
A0240L,809.1331245454546,190.86687545454538,1000.0,1
A02414A,427.018773,1000.0,1000.0,0
A02415A,453.8979293790909,1000.0,1000.0,0
A02425A,346.36891001000004,1000.0,1000.0,0
A02446A,670.0403090909093,917.4132545454544,1000.0,0
A02457A,260.7185363636364,1000.0,1000.0,0
A02465A,536.9913630000001,927.0136329999999,1000.0,0
A02468A,380.50733636363645,1000.0,1000.0,0
A0278C,987.957400909091,12.042599090909,1000.0,1
A0282D,759.4803517272727,509.18213372727274,1000.0,0
A02902A,417.3667678900002,1000.0,1000.0,0
A02925A,479.544428,1000.0,1000.0,0
A02939A,429.32535980454554,1000.0,1000.0,0
A0316B,942.7832681818182,57.2167318181818,1000.0,1
A0339H,987.1176372727273,12.8823627272727,1000.0,1
A0348J,958.2969127272728,41.7030872727272,1000.0,1
A0363B,930.4446954545456,69.5553045454545,1000.0,1
A036JLC,915.7626381818183,84.2373618181818,1000.0,1
A03782E,296.47689672727273,1000.0,1000.0,0
A03782R,331.2173663636364,1000.0,1000.0,0
A03787E,674.6941681818181,813.9351490909089,1000.0,0
A037JLC,742.8549029090909,589.2266561818182,1000.0,0
A03851A,512.1538592727272,1000.0,1000.0,0
A03864A,550.8325818181819,919.3586272727272,1000.0,0
A03898A,719.7523960000001,617.922669,1000.0,0
A0393A,850.0895422727273,149.9104577272727,1000.0,1
A03951A,337.72771213818174,1000.0,1000.0,0
A03952A,370.2220553690908,1000.0,1000.0,1
A03956A,626.5540180000002,827.184722,1000.0,0
A03961A,466.2430489999999,1000.0,1000.0,0
A03962A,485.9058740000001,1000.0,1000.0,0
A03966A,429.003392,1000.0,1000.0,0
A03970A,529.896100759091,1000.0,1000.0,0
A03972A,579.1585299790909,963.5456253081818,1000.0,0
A03974A,450.904271,1000.0,1000.0,0
A03975A,558.006266,1000.0,1000.0,0
A03977A,127.74346228636368,1000.0,1000.0,0
A03978A,253.3511056872726,1000.0,1000.0,0
A03981A,164.7534787863637,1000.0,1000.0,1
A03982A,191.6570678527273,1000.0,1000.0,0
A03983A,61.24102834545442,1000.0,1000.0,0
A03985A,319.30417619454556,1000.0,1000.0,0
A03986A,259.4366864745455,1000.0,1000.0,0
A03987A,590.207253,918.711066,1000.0,0
A03988A,263.6337528109091,1000.0,1000.0,0
A03989A,483.1189422409091,1000.0,1000.0,0
A03990A,603.4826970000001,836.9423789999998,1000.0,0
A03991A,540.565388,1000.0,1000.0,0
A03992A,523.336813,989.2494429999999,1000.0,0
A03993A,545.1470069809093,965.6937120327273,1000.0,0
A04123A,735.6726639999999,610.8396839999999,1000.0,0
A04126A,612.4440129999999,772.0797133636363,1000.0,0
A04128A,598.352740640909,893.779594939091,1000.0,1
A04151A,493.5723510000001,1000.0,1000.0,0
A04205A,452.9605069999999,1000.0,1000.0,0
A04206A,469.313389,1000.0,1000.0,0
A04210A,383.13872636363635,1000.0,1000.0,0
A04213A,355.65361761727274,1000.0,1000.0,0
A04214A,480.085605,1000.0,1000.0,0
A04229A,447.51679600000006,1000.0,1000.0,0
A04230A,502.06208794363636,1000.0,1000.0,0
A04231A,345.71991638090907,1000.0,1000.0,0
A04232A,502.16683545454543,991.7287527272728,1000.0,0
A04233A,578.8687499745455,1000.0,1000.0,0
A04243A,559.836549,916.107556,1000.0,0
A04247A,452.75330217090914,1000.0,1000.0,0
A04248A,564.327308,1000.0,1000.0,0
A04249A,625.4333593009092,900.8052281954543,1000.0,0
A04250A,585.4977885645454,890.191475841818,1000.0,0
A04251A,489.00069300000007,1000.0,1000.0,0
A04254A,705.4696730000001,605.5622300000001,1000.0,0
A04255A,657.8745800000002,830.728535,1000.0,0
A04305A,713.354732,603.8726596363636,1000.0,0
A04344A,401.5153859999999,1000.0,1000.0,0
A04351A,489.914697,1000.0,1000.0,0
A04353A,540.9056821254545,1000.0,1000.0,0
A04363A,460.096545,1000.0,1000.0,0
A04427A,456.99863200000004,1000.0,1000.0,0
A04428A,470.88887199999994,1000.0,1000.0,0
A04429A,440.00019599999996,1000.0,1000.0,0
A04440A,595.391341,801.767239,1000.0,0
A04501A,355.0961562727273,1000.0,1000.0,0
A04502A,605.892013,885.4871479999999,1000.0,0
A04504A,426.698726,1000.0,1000.0,1
A04509A,366.51305499999995,1000.0,1000.0,0
A04511A,377.35170100000005,1000.0,1000.0,0
A04512A,499.53275853545466,1000.0,1000.0,0
A04513A,224.47361636363627,1000.0,1000.0,0
A04516A,486.783387,995.210762,1000.0,0
A04521A,445.4955044781819,1000.0,1000.0,0
A04522A,413.447849090909,1000.0,1000.0,0
A04523A,291.4515807954546,1000.0,1000.0,0
A04525A,463.9902704209091,1000.0,1000.0,0
A04526A,610.6293190909091,1000.0,1000.0,0
A04527A,582.6354712463636,915.5901711372728,1000.0,0
A04533A,520.6308845018182,996.9434235145455,1000.0,0
A04538A,573.385721,905.1193969999999,1000.0,0
A04549A,580.4186559999999,908.849123,1000.0,0
A04552A,547.3526957827273,962.4573128263636,1000.0,0
A04554A,471.02699665545447,1000.0,1000.0,0
A04559A,523.8687498409091,1000.0,1000.0,0
A04565A,509.5296890000001,1000.0,1000.0,1
A04566A,471.974080889091,1000.0,1000.0,0
A04568A,468.82244399999996,1000.0,1000.0,1
A04573A,523.4960991045457,1000.0,1000.0,0
A04584A,357.8056909872729,1000.0,1000.0,0
A04588A,525.6098180400002,1000.0,1000.0,0
A04591A,574.5611680000001,978.088566,1000.0,0
A04592A,513.422545,1000.0,1000.0,0
A04596A,400.98701966545457,1000.0,1000.0,0
A04600A,641.3974830000001,791.5421150000001,1000.0,1
A04610A,637.797432,786.527833,1000.0,1
A04626A,434.659224,1000.0,1000.0,1
A0465C,818.1308509090909,181.8691490909091,1000.0,1
A04661A,549.0466520727274,988.4743610690908,1000.0,0
A04664E,328.64920600000005,1000.0,1000.0,0
A0466L,762.4882752727274,569.1124892727272,1000.0,0
A04671A,404.05228400000004,1000.0,1000.0,1
A04673A,434.4777130572728,1000.0,1000.0,0
A04675A,333.69235800000007,1000.0,1000.0,0
A04678A,504.31108009545466,1000.0,1000.0,0
A04680A,430.9402462663636,1000.0,1000.0,0
A04684A,476.8806754545455,1000.0,1000.0,0
A04685A,419.7649927272727,1000.0,1000.0,1
A04686A,491.1346296081819,1000.0,1000.0,0
A04688A,426.30597000000006,1000.0,1000.0,0
A04689A,551.7675790000001,904.000461,1000.0,0
A04691A,339.35896272727274,1000.0,1000.0,0
A04692A,417.32310880909097,1000.0,1000.0,0
A04693A,343.04169799999994,1000.0,1000.0,0
A04695A,465.0388876136364,1000.0,1000.0,0
A04697A,497.39116572454543,1000.0,1000.0,0
A04704A,483.56107700000007,1000.0,1000.0,0
A04706A,531.9615200000001,956.419555,1000.0,0
A04708A,417.05045099999995,1000.0,1000.0,0
A04724E,491.3451708181817,1000.0,1000.0,0
A04725A,405.14501199999995,1000.0,1000.0,0
A04732A,464.1497760000001,1000.0,1000.0,1
A04743A,556.542622,905.194927,1000.0,0
A0478C,693.4870081818182,657.9335467272726,1000.0,1
A05001A,271.85644616363646,1000.0,1000.0,0
A05011A,407.0135713327273,1000.0,1000.0,0
A05012A,373.9350738645455,1000.0,1000.0,0
A05016A,414.1945410318183,1000.0,1000.0,1
A05018A,416.1560026690909,1000.0,1000.0,0
A05022A,346.45822629909105,1000.0,1000.0,0
A05024A,468.443611,1000.0,1000.0,0
A05026A,372.69987199999997,1000.0,1000.0,0
A05028A,494.7685237727274,1000.0,1000.0,0
A05072E,115.13731545454553,1000.0,1000.0,0
A05109A,509.3798700000001,1000.0,1000.0,0
A05113A,473.3180280618183,1000.0,1000.0,0
A05115A,471.541251,1000.0,1000.0,0
A05128A,372.48584000000005,1000.0,1000.0,0
A05142A,500.759349,1000.0,1000.0,0
A05151A,346.5914259999999,1000.0,1000.0,0
A05155A,476.2979351700001,998.5721969609091,1000.0,0
A05157A,422.30258473818196,1000.0,1000.0,0
A05159A,451.2335265672728,1000.0,1000.0,0
A05160A,446.741112,1000.0,1000.0,0
A05163A,471.94101865181824,1000.0,1000.0,0
A05164A,325.9948054609091,1000.0,1000.0,0
A05165A,541.9817381472727,956.6909445654547,1000.0,0
A05166A,465.58612,1000.0,1000.0,0
A05169A,416.96527147272724,1000.0,1000.0,0
A05175A,529.1003636363636,1000.0,1000.0,0
A05176A,489.6749120000001,1000.0,1000.0,0
A05177A,444.184103,1000.0,1000.0,0
A05188A,388.43648254636366,1000.0,1000.0,0
A05197A,337.41220460363644,1000.0,1000.0,0
A05206A,571.32367313,950.4316162981817,1000.0,0
A05207A,497.7144627172728,1000.0,1000.0,0
A05211A,508.7048620618182,1000.0,1000.0,0
A05214A,534.3186557581819,1000.0,1000.0,1
A05219A,290.7913040390909,1000.0,1000.0,0
A05220A,477.6536472209091,1000.0,1000.0,0
A05225A,513.3646946745456,1000.0,1000.0,0
A05226A,458.5596602127273,1000.0,1000.0,0
A05228A,446.2174278618182,1000.0,1000.0,0
A05229A,406.693741,1000.0,1000.0,0
A05234A,446.26873100000006,1000.0,1000.0,0
A05238A,478.42594071545454,1000.0,1000.0,0
A05247A,540.221135,1000.0,1000.0,0
A05253A,653.604522909091,821.2007823636363,1000.0,0
A05255A,486.023173,1000.0,1000.0,0
A05258A,398.54182490909085,1000.0,1000.0,0
A05274A,399.70082514000006,1000.0,1000.0,0
A05278A,580.00224,980.086471,1000.0,0
A05286A,441.12369209090906,1000.0,1000.0,0
A0528N,773.6956567272728,498.5251775454545,1000.0,1
A05290A,526.5507825454546,1000.0,1000.0,0
A05292A,486.18679099999997,1000.0,1000.0,0
A05296A,510.0329770000001,489.967023,1000.0,1
A05354A,424.67831053000003,1000.0,1000.0,0
A05355A,536.7198706927272,986.4996438572729,1000.0,0
A05356A,476.56505711090904,1000.0,1000.0,0
A05366E,339.9541297272728,1000.0,1000.0,0
A0537H,776.8397963636364,469.1033918181817,1000.0,1
A05408A,447.38157718181816,1000.0,1000.0,0
A05409A,385.8128580909092,1000.0,1000.0,1
A05410A,295.9240130909091,1000.0,1000.0,0
A05432A,472.231304,1000.0,1000.0,1
A05501A,325.7842637445455,1000.0,1000.0,0
A05502A,215.1429327454546,1000.0,1000.0,0
A05503A,465.93674533818177,1000.0,1000.0,0
A05504A,409.43210462090906,1000.0,1000.0,0
A05505A,530.6834249999999,966.934969,1000.0,0
A05506A,471.66957306181814,1000.0,1000.0,1
A05507A,413.22694790000014,1000.0,1000.0,0
A05508A,521.7452229999999,1000.0,1000.0,0
A05509A,880.700183,119.2998169999999,1000.0,1
A0576E,745.0115230909091,546.5870887272727,1000.0,0
A0582H,989.9931372727273,10.0068627272727,1000.0,1
A0604A,836.2682845454545,163.7317154545454,1000.0,1
A0623N,759.2738828181817,496.465747,1000.0,1
A064,955.1928736363637,44.8071263636363,1000.0,1
A0646E,764.6610790000001,483.44269145454547,1000.0,1
A0682K,756.0117836363637,549.6279872727272,1000.0,0
A0689J,765.7447992727273,545.3605063636364,1000.0,0
A0748J,767.3375371818182,484.2177507272727,1000.0,1
A0772M,896.9295854545455,103.0704145454545,1000.0,1
A0776D,839.373456,351.5078065454545,1000.0,1
A0802E,774.4370237272728,458.74094763636356,1000.0,1
A0813B,832.9723718181818,167.0276281818181,1000.0,1
A0814M,986.4646836363637,13.5353163636363,1000.0,1
A0855A,771.5166154545456,519.5665372727273,1000.0,0
A0858A,996.4308463636364,3.5691536363636,1000.0,1
A0921D,884.9964152727273,248.9538410909091,1000.0,1
A0945H,988.3654827272727,11.634517272727201,1000.0,1
A1016L,968.2136063636364,31.7863936363636,1000.0,1
A1022C,974.5028791818182,25.497120818181802,1000.0,1
A1024C,734.8602523636364,352.6236447272727,1000.0,1
A1113L,899.4423481818183,100.5576518181818,1000.0,1
A1118K,984.7811463636365,15.2188536363636,1000.0,1
A1123C,975.9809826363637,24.019017363636298,1000.0,1
A114JLB,796.0740195454546,486.97671409090907,1000.0,1
A1155G,783.7354796363637,447.8914852727273,1000.0,1
A1178C,987.4772821818182,12.5227178181818,1000.0,1
A1185K,915.3457586363637,84.6542413636363,1000.0,1
A1291M,895.7702600000001,104.22973999999991,1000.0,1
A1297B,972.905810909091,27.094189090909,1000.0,1
A1343H,763.7850427272728,502.82125363636356,1000.0,0
A1343HA,985.2833827272727,14.7166172727272,1000.0,1
A13857,777.8451454545456,485.630239090909,1000.0,1
A145AA,674.3598727272727,602.0805363636364,1000.0,0
A1506D,807.2370312727273,419.3786618181818,1000.0,1
A154JMF,762.7668031818182,523.1402481818182,1000.0,0
A1656L,921.4841463636365,78.5158536363636,1000.0,1
A1669G,978.4470018181819,21.5529981818181,1000.0,1
A1693J,984.4102281818182,15.5897718181818,1000.0,1
A1724E,986.888137090909,13.1118629090909,1000.0,1
A1725K,939.0959936363637,60.9040063636363,1000.0,1
A1776H,703.2572952727273,562.6211802727272,1000.0,0
A177JMK,829.4486727272728,170.5513272727272,1000.0,1
A1805G,982.3460642727273,17.6539357272727,1000.0,1
A1830K,974.8782462727273,25.1217537272727,1000.0,1
A1844K,818.8785054545456,236.0534727272727,1000.0,1
A1861G,811.6512097272727,427.57762209090913,1000.0,1
A1908B,826.4525609090911,344.4408627272727,1000.0,1
A191JMD,935.9087300000001,64.0912699999999,1000.0,1
A1921M,964.0364917272728,35.9635082727272,1000.0,1
A1930N,982.3245554545455,17.6754445454545,1000.0,1
A1939N,820.4280445454546,179.57195545454542,1000.0,1
A19BNE,768.8991503636364,512.2075355454546,1000.0,0
A2000N,735.8059564545455,556.588488090909,1000.0,0
A2025H,986.1240827272728,13.8759172727272,1000.0,1
A2044N,783.4946763636364,419.27326999999997,1000.0,1
A2059C,773.6382036363638,496.78705454545457,1000.0,1
A2082M,967.0389836363638,32.9610163636363,1000.0,1
A2092L,783.0610771818182,471.2274264545454,1000.0,1
A2101H,981.2436554545455,18.7563445454545,1000.0,1
A2118G,845.3706254545455,154.6293745454545,1000.0,1
A2164D,970.1773836363637,29.8226163636363,1000.0,1
A2175A,891.0166556363637,108.98334436363629,1000.0,1
A2175D,785.7526027272728,460.42941272727273,1000.0,1
A2203E,724.3092295454546,594.5961482727272,1000.0,0
A222JMG,735.2872136363636,553.7654345454546,1000.0,0
A2235C,802.0378465454546,269.6665689090909,1000.0,1
A22603,849.362854818182,150.63714518181808,1000.0,1
A23232E,223.822183,1000.0,1000.0,0
A23276E,939.656300909091,60.343699090909006,1000.0,1
A23350E,145.67427090909092,1000.0,1000.0,0
A23443E,553.9289870909091,920.4659154545456,1000.0,0
A23685E,327.7817018181819,1000.0,1000.0,1
A23726E,376.6616727272727,1000.0,1000.0,0
A23757E,151.5493054545456,1000.0,1000.0,0
A2381G,984.6501281818182,15.3498718181818,1000.0,1
A24207E,518.7331924545455,963.178329818182,1000.0,0
A24320E,305.37936018181824,1000.0,1000.0,0
A24333E,351.98179636363636,1000.0,1000.0,0
A24346E,336.0278909090909,1000.0,1000.0,0
A24472E,332.760750909091,981.5227281818181,1000.0,0
A24473E,187.722600909091,1000.0,1000.0,0
A24616E,215.87138063636368,1000.0,1000.0,0
A24630E,393.2805231818182,1000.0,1000.0,0
A2464C,691.8859196363637,704.706536090909,1000.0,0
A24654E,551.344396818182,848.9683003636362,1000.0,0
A2473G,929.9980772727273,70.0019227272727,1000.0,1
A24761E,189.261932909091,1000.0,1000.0,0
A24766E,855.5526390909091,144.44736090909092,1000.0,1
A24778E,239.37471818181822,1000.0,1000.0,0
A2488M,793.7521608181819,474.9163431818181,1000.0,1
A2490E,854.4101166363637,145.5898833636363,1000.0,1
A25096E,531.0288779090911,1000.0,1000.0,0
A25097E,972.7746645454546,27.2253354545454,1000.0,1
A25250E,949.3079736363636,50.6920263636363,1000.0,1
A2525C,787.7198512727273,436.076986,1000.0,1
A25271E,280.63999272727267,1000.0,1000.0,0
A2539C,972.7382826363637,27.2617173636363,1000.0,1
A25907,987.8819100000001,12.11809,1000.0,1
A2591J,783.5872354545454,465.0683481818182,1000.0,1
A25924E,271.9481887272728,1000.0,1000.0,0
A25990E,327.07167999999996,1000.0,1000.0,0
A26052E,206.49397818181814,1000.0,1000.0,0
A26057E,623.794309818182,794.0414585454544,1000.0,0
A26082E,364.0308241818181,1000.0,1000.0,0
A26145,786.9111590000001,420.31164790909094,1000.0,1
A26160E,882.3475554545455,117.6524445454545,1000.0,1
A26364E,956.3720372727273,43.6279627272727,1000.0,1
A26374E,984.7025354545455,15.297464545454499,1000.0,1
A2657C,782.6463471818181,485.55099372727267,1000.0,1
A26614E,0.0,1000.0,1000.0,1
A266JME,720.1583497272728,578.9918277272727,1000.0,0
A26706E,498.424805909091,1000.0,1000.0,1
A2674M,823.9795576363638,176.02044236363628,1000.0,1
A2705K,766.9733009090909,233.0266990909091,1000.0,1
A274JMF,706.2319518181819,631.3857406363636,1000.0,0
A27513E,311.7870899999999,823.7884154545454,1000.0,0
A27549E,5.430099999999993,1000.0,1000.0,0
A2757H,982.71761,17.282390000000003,1000.0,1
A2761B,784.7351620000001,255.6385274545454,1000.0,1
A278JMF,905.4906618181819,94.5093381818181,1000.0,1
A27973E,361.58440490909095,1000.0,1000.0,0
A2797B,984.0496281818182,15.950371818181802,1000.0,1
A2810C,965.076629090909,34.9233709090909,1000.0,1
A28124E,368.84466018181814,1000.0,1000.0,1
A281JTS,979.6925093636364,20.307490636363603,1000.0,1
A2835L,796.543469818182,427.6703970909091,1000.0,1
A2841C,643.7023790909091,726.7432216363636,1000.0,1
A28535E,263.4642421818183,1000.0,1000.0,0
A28624E,393.60899090909083,1000.0,1000.0,0
A2862L,692.1273820000001,613.7117667272728,1000.0,0
A2889E,946.9316313636365,53.0683686363636,1000.0,1
A29015E,246.34758836363636,1000.0,1000.0,0
A2901C,991.2429827272729,8.7570172727272,1000.0,1
A29057E,431.47218,1000.0,1000.0,0
A29081,912.2161927272729,87.78380727272719,1000.0,1
A29124E,216.26893363636356,919.7264109090908,1000.0,0
A2945E,959.7087018181819,40.2912981818181,1000.0,1
A29465E,460.15356154545464,1000.0,1000.0,0
A29517E,888.0411836363637,111.9588163636363,1000.0,1
A2961J,717.7728064545454,596.7366829090909,1000.0,0
A2967L,987.16131,12.83869,1000.0,1
A2988C,893.5399494545455,106.46005054545451,1000.0,1
A29998E,368.1807135454546,1000.0,1000.0,0
A3043J,972.3779200000001,27.6220799999999,1000.0,1
A30514E,262.2299611818183,1000.0,1000.0,0
A3083D,970.9550381818182,29.0449618181818,1000.0,1
A3086D,891.8183496363637,108.18165036363631,1000.0,1
A3151A,984.6935825454545,15.3064174545454,1000.0,1
A3155K,739.0237589090909,561.7852333636364,1000.0,0
A3187E,735.7217009090908,302.3616336363636,1000.0,1
A32194E,190.03473836363648,1000.0,1000.0,0
A3315E,984.159100909091,15.840899090909002,1000.0,1
A3315J,962.4630372727273,37.5369627272727,1000.0,1
A3319E,889.7416490909092,110.25835090909091,1000.0,1
A3330M,781.5554515454546,455.849093,1000.0,1
A3358A,883.5576279090909,116.4423720909091,1000.0,1
A3392G,887.845715,112.1542849999999,1000.0,1
A346JMC,775.5991315454546,501.88583618181826,1000.0,1
A3472C,992.2551727272728,7.744827272727201,1000.0,1
A3486H,986.3424463636364,13.6575536363636,1000.0,1
A3487H,836.6263877272727,163.37361227272729,1000.0,1
A3496J,660.9137381818182,820.0005036363636,1000.0,0
A3512J,727.4490997272728,596.4492453636365,1000.0,0
A3513J,766.3791871818183,483.6430275454546,1000.0,1
A3524H,917.9426576363637,82.0573423636363,1000.0,1
A3606J,814.5498386363637,214.3920777272727,1000.0,1
A3612C,767.1221221818182,513.1314469090909,1000.0,0
A3625B,769.5292079090909,461.1790720909091,1000.0,1
A3697K,984.5300281818182,15.4699718181818,1000.0,1
A3730M,785.4371219090908,245.2006035454545,1000.0,1
A3750L,835.8913300909092,386.1606362727272,1000.0,1
A3757E,759.3608707272728,529.1105947272728,1000.0,0
A3816H,705.261823,595.5954125454546,1000.0,0
A3820J,847.3077672727272,152.6922327272727,1000.0,1
A3859D,795.5794277272728,204.42057227272718,1000.0,1
A3861B,982.0625190909092,17.937480909090898,1000.0,1
A3864B,747.2113969090909,518.574624,1000.0,0
A3873M,954.1696118181819,45.8303881818181,1000.0,1
A3889A,810.5472581818182,288.5911254545454,1000.0,1
A3917B,945.8602301818182,54.1397698181818,1000.0,1
A3929L,823.5220730000001,176.4779269999999,1000.0,1
A399JMB,767.3828633636364,510.22321563636365,1000.0,0
A4056C,784.8346443636364,474.27143109090906,1000.0,1
A40958,990.4367645454546,9.5632354545454,1000.0,1
A4096M,805.3475974545455,298.8384143636363,1000.0,1
A4114B,982.4555736363637,17.5444263636363,1000.0,1
A4147E,745.3514552727273,503.3920569999999,1000.0,0
A4171D,984.3662554545455,15.6337445454545,1000.0,1
A4172C,870.2823,129.71769999999998,1000.0,1
A4174H,984.1472367272728,15.8527632727272,1000.0,1
A4177K,797.761208,263.4432692727272,1000.0,1
A4193A,768.6878254545455,292.53331818181823,1000.0,1
A4223B,795.183096909091,422.01648763636365,1000.0,1
A4250B,823.9504323636364,388.4024173636364,1000.0,1
A4267D,848.8134382727272,371.1237344545454,1000.0,1
A4272L,958.2532299999999,41.746770000000005,1000.0,1
A4307J,846.445489909091,390.8106164545454,1000.0,1
A4342L,961.9775839090911,38.022416090909,1000.0,1
A4385LA,965.8487836363637,34.1512163636363,1000.0,1
A4404M,831.9318914545455,313.54119881818184,1000.0,1
A4434C,779.189489909091,469.7002909999999,1000.0,1
A4488G,920.09758,79.90242,1000.0,1
A4521C,802.3886281818183,434.0854027272727,1000.0,1
A4531G,746.7030926363637,539.587120090909,1000.0,0
A4533K,827.6757709090909,172.3242290909091,1000.0,1
A4538J,792.0862646363637,326.4208908181818,1000.0,1
A4584C,828.9209346363638,375.0623644545454,1000.0,1
A4609G,985.9379190909091,14.062080909090898,1000.0,1
A4614H,982.893000909091,17.106999090909,1000.0,1
A4620M,986.32061,13.67939,1000.0,1
A46353,982.0208554545455,17.9791445454545,1000.0,1
A4649L,957.4676736363637,42.532326363636294,1000.0,1
A465JME,717.7539636363637,586.19157,1000.0,0
A4680C,999.2706654545455,0.7293345454545,1000.0,1
A4756A,717.0974330909091,581.4269025454546,1000.0,0
A4766C,808.6654145454546,366.1859918181818,1000.0,1
A4777J,841.3520489090909,158.6479510909091,1000.0,1
A4792J,856.8335322727273,143.1664677272727,1000.0,1
A4821E,964.1325100000001,35.8674899999999,1000.0,1
A4826H,795.6190501818182,463.7541051818181,1000.0,1
A4863E,785.5865618181817,231.69582818181811,1000.0,1
A4898K,882.2435818181818,117.7564181818181,1000.0,1
A4913C,987.9469372727273,12.0530627272727,1000.0,1
A4925J,997.1616002727272,2.8383997272727,1000.0,1
A4981E,797.8778093636364,202.1221906363636,1000.0,1
A5007M,755.4022054545455,508.51330363636373,1000.0,0
A5026G,758.6832974545455,461.277758,1000.0,1
A5037G,981.613891,18.386109,1000.0,1
A5070M,822.5976290909092,177.40237090909088,1000.0,1
A516JME,988.7944918181819,11.2055081818181,1000.0,1
A5176E,796.4466044545455,470.9719349090909,1000.0,1
A5208G,776.0448427272728,307.65843,1000.0,1
A5213A,987.2049827272727,12.7950172727272,1000.0,1
A5253L,854.24478,145.75521999999998,1000.0,1
A5263L,915.4539318181819,84.5460681818181,1000.0,1
A5272H,753.9176422727273,526.6495815454546,1000.0,1
A52753,887.6888125454547,112.31118745454539,1000.0,1
A5282B,970.7959190909091,29.2040809090909,1000.0,1
A5301H,992.1951736363636,7.8048263636363,1000.0,1
A5352E,954.0846781818182,45.9153218181818,1000.0,1
A5376K,819.8774046363637,365.0776871818181,1000.0,1
A5387E,881.48069,118.51931,1000.0,1
A5425L,791.4681863636364,333.3795681818182,1000.0,1
A5460L,980.0535736363637,19.946426363636302,1000.0,1
A546JMF,768.6738614545455,478.5673831818182,1000.0,1
A555JMA,539.5617497418182,778.9260802454545,1000.0,0
A559JMC,982.1498645454546,17.850135454545402,1000.0,1
A5616D,986.3970372727273,13.6029627272727,1000.0,1
A5651M,775.5262463636365,519.5835163636364,1000.0,0
A5685J,822.365630909091,177.634369090909,1000.0,1
A5709B,786.2067145454546,489.17548863636364,1000.0,1
A5739D,960.4376663636364,39.5623336363636,1000.0,1
A5775E,971.9491800000001,28.0508199999999,1000.0,1
A579JMD,767.6107787272728,453.4054667272727,1000.0,1
A5818G,982.6463554545455,17.3536445454545,1000.0,1
A5829B,983.7267645454546,16.2732354545454,1000.0,1
A582JLA,704.4746583636363,641.3987325454545,1000.0,0
A5872H,934.9845581818182,65.0154418181818,1000.0,1
A5947G,979.7587827272728,20.2412172727272,1000.0,1
A5948A,621.5684245454545,919.6378754545456,1000.0,0
A5956L,959.0055027272728,40.9944972727272,1000.0,1
A596JLA,657.9813143636363,691.0422826363636,1000.0,0
A5993L,820.1152981818182,420.0983100000001,1000.0,1
A59BEB,988.8536281818182,11.1463718181818,1000.0,1
A6041C,970.7649298181818,29.235070181818102,1000.0,1
A6058C,793.2926145454546,431.91221454545456,1000.0,1
A6060E,985.967191818182,14.0328081818181,1000.0,1
A6069L,766.4318248181819,518.9388587272726,1000.0,0
A6076H,917.9325037272728,82.06749627272721,1000.0,1
A6086J,722.4531400000001,562.4939536363637,1000.0,0
A6086L,833.2695372727272,166.7304627272727,1000.0,1
A6090C,967.8044654545455,32.1955345454545,1000.0,1
A6107K,952.6544845454547,47.3455154545454,1000.0,1
A6140E,786.9889479999999,253.7762674545454,1000.0,1
A6164B,778.2024862727272,458.6536144545454,1000.0,1
A6175M,722.7317718181819,576.1172799999999,1000.0,0
A6181H,814.3700535454545,415.8567988181818,1000.0,1
A6187A,781.8897423636364,450.78374763636367,1000.0,1
A6251M,925.064150909091,74.935849090909,1000.0,1
A6274A,747.4375610909091,513.4791735454546,1000.0,0
A6274J,928.742379090909,71.25762090909089,1000.0,1
A6275M,986.3409178181819,13.6590821818181,1000.0,1
A6277E,937.4077027272729,62.592297272727194,1000.0,1
A6293D,723.9946818181819,546.7217181818181,1000.0,0
A6316G,967.4439470909091,32.5560529090909,1000.0,1
A6317D,801.2171400909092,411.4817068181817,1000.0,1
A6323E,781.6777545454546,218.3222454545454,1000.0,1
A6354C,988.0620372727274,11.9379627272727,1000.0,1
A6360C,700.6538066363637,658.1982059999999,1000.0,1
A6397J,786.6797993636364,463.20701245454535,1000.0,1
A6505B,717.1753480000001,691.0068588181819,1000.0,0
A6506B,861.6963618181819,138.3036381818181,1000.0,1
A6525L,749.1968077272728,516.6193212727272,1000.0,0
A6617J,766.1960216363636,518.3167216363636,1000.0,0
A67282,787.8178900000001,432.32171727272726,1000.0,1
A6741B,984.0270275454545,15.972972454545399,1000.0,1
A674JMD,749.5562137272726,549.8272123636362,1000.0,0
A6784G,823.8310966363637,176.1689033636363,1000.0,1
A6814G,987.4992277272728,12.5007722727272,1000.0,1
A6814L,799.0913009090909,439.1595709090909,1000.0,1
A6839B,831.5580946363636,421.8001117272728,1000.0,1
A6859J,766.508929909091,499.5400503636364,1000.0,1
A6867C,712.8992235454546,543.0207424545455,1000.0,1
A6869D,972.4119381818182,27.5880618181818,1000.0,1
A6899H,972.0417745454546,27.958225454545403,1000.0,1
A6907D,951.5714745454546,48.4285254545454,1000.0,1
A6918G,940.852991818182,59.1470081818181,1000.0,1
A6932H,862.2298543636364,137.77014563636362,1000.0,1
A6934H,983.5473918181818,16.4526081818181,1000.0,1
A6954H,846.2475515454546,153.7524484545454,1000.0,1
A696JMA,885.9318790909091,114.0681209090909,1000.0,1
A7010H,974.7808560909092,25.2191439090909,1000.0,1
A7049M,966.7344836363637,33.265516363636294,1000.0,1
A7077E,894.3035417272728,105.6964582727272,1000.0,1
A7138G,779.3067367272728,496.0767984545455,1000.0,1
A7145D,914.1252245454547,85.8747754545454,1000.0,1
A7145G,873.4929324545456,126.50706754545449,1000.0,1
A7164E,775.2174786363637,351.1966995454545,1000.0,1
A7212G,737.7243136363637,446.85801818181807,1000.0,1
A7276E,984.3045454545455,15.6954545454545,1000.0,1
A7279E,966.488111818182,33.5118881818181,1000.0,1
A7284B,767.7234181818183,484.6885772727272,1000.0,1
A728JMF,729.7386610000001,586.202566090909,1000.0,0
A7315E,986.3575109090909,13.642489090909,1000.0,1
A7360E,713.9128649090909,572.5226869090909,1000.0,0
A7371K,790.1905447272728,407.45548072727263,1000.0,1
A7515C,831.5503209090909,201.6376763636363,1000.0,1
A7563G,946.0676363636364,53.9323636363636,1000.0,1
A7606J,926.6006666363637,73.3993333636363,1000.0,1
A7642C,942.4761397272729,57.5238602727272,1000.0,1
A7653C,918.7573736363637,81.2426263636363,1000.0,1
A77157D,438.92586427272727,1000.0,1000.0,0
A77254D,384.91362072727287,1000.0,1000.0,0
A77281D,247.03267736363642,1000.0,1000.0,0
A7734B,799.5902218181818,405.6879736363636,1000.0,1
A77364D,152.62858490909093,1000.0,1000.0,0
A7738C,731.7286398181818,630.758090181818,1000.0,0
A7739H,915.09463,84.90536999999999,1000.0,1
A77404D,225.3825149090909,1000.0,1000.0,0
A77407D,244.8606784545455,1000.0,1000.0,0
A7742G,740.9518068181819,546.5359540909091,1000.0,0
A77506D,0.0,1000.0,1000.0,0
A77507D,0.0,1000.0,1000.0,0
A77510D,660.5636197272728,700.025712090909,1000.0,0
A77524D,346.2618138181819,1000.0,1000.0,0
A77525D,100.29677718181817,1000.0,1000.0,1
A77526D,693.9055254545455,306.0944745454546,1000.0,1
A77634D,537.1539225454545,1000.0,1000.0,0
A77636D,444.8473818181818,1000.0,1000.0,1
A77637D,781.3565306363637,218.64346936363629,1000.0,1
A77638D,368.86987818181825,1000.0,1000.0,0
A77639D,428.08785563636366,1000.0,1000.0,0
A77647D,159.22487500000005,1000.0,1000.0,0
A7764J,980.6561281818182,19.3438718181818,1000.0,1
A7778M,785.4278722727272,214.5721277272727,1000.0,1
A7831H,802.598180909091,420.3493449090908,1000.0,1
A7833A,792.8095684545456,311.97266518181823,1000.0,1
A7861A,829.4283737272727,335.3997653636364,1000.0,1
A7861D,988.2315018181819,11.7684981818181,1000.0,1
A7874H,807.911291,452.7862662727273,1000.0,1
A7876M,806.561156,475.9248794545455,1000.0,1
A7878L,982.6630190909092,17.3369809090909,1000.0,1
A7886M,758.3690795454546,553.1788231818182,1000.0,0
A8046M,830.3566755454546,418.3395962727272,1000.0,1
A8077A,984.093300909091,15.906699090909,1000.0,1
A8143L,748.4361628181819,516.3783153636364,1000.0,0
A8204H,803.2526654545455,196.74733454545452,1000.0,1
A83112D,553.5964390909091,1000.0,1000.0,0
A83155D,724.3819627272727,512.4650636363637,1000.0,0
A831JMD,767.7023506363637,521.1683339090908,1000.0,0
A8322M,969.6748727272728,30.325127272727197,1000.0,1
A83338D,238.06946145454555,1000.0,1000.0,0
A8340B,781.7884836363637,279.3240036363636,1000.0,1
A83496D,325.54369845454556,1000.0,1000.0,0
A83527D,524.6569127272727,1000.0,1000.0,0
A835JMF,769.6334811818182,486.1562142727272,1000.0,1
A83828D,233.86970336363632,1000.0,1000.0,0
A8395L,923.0966945454546,76.9033054545454,1000.0,1
A8402L,795.6695002727273,204.33049972727272,1000.0,1
A84113D,475.9949232727273,1000.0,1000.0,1
A84130D,427.4959968181818,1000.0,1000.0,0
A84209D,375.2961378181818,1000.0,1000.0,0
A84390D,345.7881484545454,1000.0,1000.0,0
A8446C,835.9604323636364,343.3416616363636,1000.0,1
A84663D,13.842086090908978,1000.0,1000.0,0
A84780D,688.1819932727274,806.1907682727273,1000.0,0
A84782D,337.0468000000001,1000.0,1000.0,0
A84826D,0.0,1000.0,1000.0,0
A8482M,910.3789818181818,89.6210181818181,1000.0,1
A84873D,451.08820000000003,1000.0,1000.0,0
A85090D,226.21225900000007,1000.0,1000.0,0
A85212D,771.9332186363637,228.06678136363632,1000.0,1
A8523D,750.5770636363636,501.9634436363637,1000.0,0
A85266D,420.79078209090903,1000.0,1000.0,1
A8527J,751.8131316363637,538.8008363636364,1000.0,0
A85421D,494.79137972727284,1000.0,1000.0,0
A85424D,336.25136609090913,1000.0,1000.0,0
A85439D,357.6382280909092,1000.0,1000.0,1
A85444D,354.4884858181818,1000.0,1000.0,0
A85470D,175.8713022727273,1000.0,1000.0,0
A85593D,305.09049945454547,1000.0,1000.0,0
A85595D,176.59561927272728,1000.0,1000.0,0
A85596D,527.214747909091,1000.0,1000.0,0
A85597D,151.9646382727273,1000.0,1000.0,0
A8570D,983.2089281818181,16.791071818181802,1000.0,1
A8584C,820.0635631818182,380.0384151818181,1000.0,1
A85853D,454.4425819090909,595.1576262727273,1000.0,0
A8601E,989.7884281818182,10.211571818181799,1000.0,1
A8610B,990.8244372727273,9.1755627272727,1000.0,1
A8624L,840.7233800000001,159.2766199999999,1000.0,1
A8675A,980.5082827272728,19.4917172727272,1000.0,1
A8691L,794.9960692727274,212.6567027272727,1000.0,1
A8695B,963.0233936363637,36.9766063636363,1000.0,1
A8731E,807.2142581818182,192.7857418181818,1000.0,1
A8801K,903.2305700000001,96.7694299999999,1000.0,1
A88211,982.302719090909,17.6972809090909,1000.0,1
A8912B,775.4521962727273,459.4517528181818,1000.0,1
A8944C,816.7735246363636,264.74556536363633,1000.0,1
A9007G,989.3886190909092,10.611380909090899,1000.0,1
A9053B,961.9832472727273,38.0167527272727,1000.0,1
A9054A,803.2154254545455,377.1218581818182,1000.0,1
A9088G,821.4470445454546,287.39284,1000.0,1
A9094E,983.2491100000002,16.7508899999999,1000.0,1
A9119G,890.4796945454547,109.5203054545454,1000.0,1
A9130A,828.4669276363636,369.87605172727274,1000.0,1
A9254H,986.346000909091,13.653999090909,1000.0,1
A9255J,741.8736345454546,538.9201592727273,1000.0,0
A9293J,972.0188836363637,27.9811163636363,1000.0,1
A929JMF,718.228081,698.552524909091,1000.0,0
A931JMD,869.896,307.38434727272727,1000.0,1
A9341M,877.0790160000001,122.9209839999999,1000.0,1
A9358L,982.202400909091,17.797599090909,1000.0,1
A93980,730.4249940000001,506.91643600000003,1000.0,0
A9412C,859.7519148181818,352.1928452727272,1000.0,1
A9417K,962.0603654545455,37.9396345454545,1000.0,1
A9423D,772.6751567272728,478.24604509090904,1000.0,1
A9425H,747.650734818182,530.385040090909,1000.0,0
A9448K,981.51661,18.48339,1000.0,1
A9502L,961.2764390909091,38.7235609090909,1000.0,1
A9514J,759.7518581818182,240.2481418181818,1000.0,1
A95229,886.7185137272728,113.28148627272721,1000.0,1
A952JMF,794.811006090909,448.7107415454545,1000.0,1
A954AA,553.3720000000001,926.9988,1000.0,0
A9560B,792.6722918181819,207.32770818181808,1000.0,1
A9588H,706.0952527272729,591.2232447272727,1000.0,0
A9592J,752.224654,542.2493732727272,1000.0,0
A9636H,851.2913963636364,148.7086036363636,1000.0,1
A9675D,978.5697927272729,21.430207272727202,1000.0,1
A96BCJ,918.7993672727273,81.20063272727269,1000.0,1
A970JMF,818.4390335454545,449.6468546363636,1000.0,1
A9793C,970.56771,29.4322899999999,1000.0,1
A9822K,973.0551282727273,26.944871727272698,1000.0,1
A9862H,824.9575254545455,373.0348580909091,1000.0,1
A988JMJ,700.4683215454546,657.3643870909091,1000.0,0
A9895M,723.8261701818183,597.6577696363635,1000.0,0
A9913D,983.583600909091,16.416399090909,1000.0,1
A9914E,985.25071,14.74929,1000.0,1
A9926G,762.0722633636365,471.35917990909087,1000.0,1
A9933E,984.2892822727273,15.7107177272727,1000.0,1
A9933G,970.4562734545456,29.5437265454545,1000.0,1
A9939H,982.0188463636364,17.9811536363636,1000.0,1
A996JMF,781.9750984545454,514.4551704545454,1000.0,0
A9976D,879.600295909091,240.2193251818181,1000.0,1
AA2539C,956.6751202727273,43.324879727272695,1000.0,1
AEW266B,746.2439899999999,556.5091123636364,1000.0,1
B01923,980.1627554545455,19.837244545454503,1000.0,1
B05479,967.7325109090909,32.267489090909,1000.0,1
B05BJN,763.5583657272728,510.2488897272728,1000.0,0
B07991,973.454620909091,26.545379090909,1000.0,1
B07BGL,947.0358027272729,52.9641972727272,1000.0,1
B16790,837.9477345454545,308.09617545454535,1000.0,1
B27ALF,948.2620118181819,51.7379881818181,1000.0,1
B34116,932.8373109090909,67.1626890909091,1000.0,1
B36AYC,916.7879318181818,83.2120681818181,1000.0,1
B49AGZ,983.6129009090911,16.387099090909,1000.0,1
B49BEB,900.0198342727273,99.98016572727269,1000.0,1
B73AVH,764.2329519090911,439.7125144545454,1000.0,1
C30BCE,954.5399663636364,45.4600336363636,1000.0,1
C89BFD,769.5413554545455,483.7278627272727,1000.0,1
C96ATD,994.7385281818182,5.2614718181818,1000.0,1
CR5643,0.0,1000.0,1000.0,0
CR5657,0.0,1000.0,1000.0,0
CR5662,999.826400909091,0.173599090909,1000.0,1
CR5666,872.520400909091,127.479599090909,1000.0,1
CR5673,0.0,1000.0,1000.0,0
CR5674,0.0,1000.0,1000.0,0
CR5727,0.0,1000.0,1000.0,0
CR5729,0.0,1000.0,1000.0,0
CR5733,0.0,1000.0,1000.0,0
CR5734,0.0,1000.0,1000.0,0
CR5743,0.0,1000.0,1000.0,0
CR5759,0.0,1000.0,1000.0,0
CR5763,0.0,1000.0,1000.0,0
CR5768,694.183517090909,305.8164829090909,1000.0,1
CR5769,0.0,1000.0,1000.0,0
CR5770,0.0,1000.0,1000.0,1
CR5774,0.0,1000.0,1000.0,0
CR5775,0.0,1000.0,1000.0,0
CR5776,0.0,1000.0,1000.0,0
CR5777,0.0,1000.0,1000.0,0
CR5778,636.5972014545456,363.40279854545446,1000.0,1
CR5779,0.0,1000.0,1000.0,0
CR5780,0.0,1000.0,1000.0,0
CR5782,0.0,1000.0,1000.0,0
CR5783,0.0,1000.0,1000.0,0
CR5814,0.0,1000.0,1000.0,0
CR5815,0.0,1000.0,1000.0,0
CR5816,0.0,1000.0,1000.0,0
CR5817,0.0,1000.0,1000.0,0
CR5818,0.0,1000.0,1000.0,0
CR5819,0.0,1000.0,1000.0,0
CR5820,0.0,1000.0,1000.0,0
CR5822,746.686370909091,253.3136290909091,1000.0,1
CR5823,635.3964683636364,364.6035316363636,1000.0,1
CR5831,0.0,1000.0,1000.0,0
CR5835,175.2661643636364,824.7338356363636,1000.0,0
CR5836,0.0,1000.0,1000.0,0
CR5837,0.0,1000.0,1000.0,1
CR5838,0.0,1000.0,1000.0,0
CR5842,447.4657563636364,552.5342436363636,1000.0,0
CR5843,384.76398363636355,615.2360163636364,1000.0,0
CR5846,0.0,1000.0,1000.0,1
CR5847,0.0,1000.0,1000.0,0
CR5849,0.0,1000.0,1000.0,0
CR5850,0.0,1000.0,1000.0,0
CR5851,0.0,1000.0,1000.0,0
CR5852,0.0,1000.0,1000.0,0
CR5853,0.0,1000.0,1000.0,0
CR5854,0.0,1000.0,1000.0,0
CR5855,0.0,1000.0,1000.0,0
CR5857,0.0,1000.0,1000.0,0
CR5858,0.0,1000.0,1000.0,0
CR5859,0.0,1000.0,1000.0,0
CR5860,0.0,1000.0,1000.0,0
CR5896,0.0,1000.0,1000.0,0
CR5898,596.4101352727273,403.5898647272727,1000.0,1
CR5899,0.0,1000.0,1000.0,0
CR5901,0.0,1000.0,1000.0,0
CR5902,635.8984610909091,364.1015389090909,1000.0,1
CR5903,218.5394734545455,781.4605265454545,1000.0,0
CR5904,0.0,1000.0,1000.0,0
CR5986,656.5915190909091,343.4084809090909,1000.0,1
CR6078,716.9140369090909,283.0859630909091,1000.0,1
CR6088,675.7944384545456,324.2055615454545,1000.0,1
CR6091,0.0,1000.0,1000.0,0
CR6097,0.0,1000.0,1000.0,1
CR6101,0.0,1000.0,1000.0,0
CR6104,0.0,1000.0,1000.0,0
CR6105,0.0,1000.0,1000.0,0
D15ALS,780.869919,486.3657364545455,1000.0,1
D41AKT,827.1979443636363,333.2111892727272,1000.0,1
D43AFF,765.0161122727272,528.1298858181817,1000.0,0
D45BME,957.181402090909,42.8185979090909,1000.0,1
DV7041B,802.2651763636363,197.73482363636361,1000.0,1
E44BFC,967.4513454545455,32.5486545454545,1000.0,1
E65BCF,972.0342381818182,27.9657618181818,1000.0,1
E9003344,389.9396445454546,1000.0,1000.0,0
ECA102,507.1983648181818,1000.0,1000.0,0
ECA275,0.0,1000.0,1000.0,0
ECA29,479.73972545454546,1000.0,1000.0,0
ECA312,449.4779415454546,1000.0,1000.0,0
ECA417,893.8862752727273,106.11372472727271,1000.0,1
ECA530,950.5127145454546,49.4872854545454,1000.0,1
ECA557,756.5854172727273,666.5514672727273,1000.0,0
ECO01,930.7187127272728,69.2812872727272,1000.0,1
ECO010,957.9686190909091,42.0313809090909,1000.0,1
ECO010R,938.0312063636363,61.9687936363636,1000.0,1
ECO026R,958.1119709090909,41.888029090909,1000.0,1
ECO028,957.2652873636364,42.734712636363604,1000.0,1
ECO035,420.6924281818182,629.3634690909091,1000.0,0
ECO049,598.9759045454546,401.02409545454543,1000.0,1
ECO057,954.6003745454545,45.3996254545454,1000.0,1
ECO065,805.5678481818182,194.4321518181818,1000.0,1
ECO15,880.7375654545455,119.2624345454545,1000.0,1
ECO507,980.0647463636363,19.9352536363636,1000.0,1
ECO508,963.1189281818182,36.8810718181818,1000.0,1
ECO516,365.308790909091,1000.0,1000.0,0
ECO517,636.3445354545455,819.1638981818182,1000.0,1
ECO518,998.7782554545455,1.2217445454545,1000.0,1
ECO533,949.5349281818181,50.4650718181818,1000.0,1
ECO534,871.241159090909,128.7588409090909,1000.0,1
ECO772,0.0,1000.0,1000.0,0
F15BEA,657.6261672727272,398.1829954545455,1000.0,1
F42BCG,745.94598,532.3394999999999,1000.0,0
F52BEF,969.9502157272728,30.0497842727272,1000.0,1
F62ALD,949.1022750909091,50.8977249090909,1000.0,1
F66BAM,813.4154771818182,382.3179800909091,1000.0,1
F73AGY,777.0275807272728,371.3094738181818,1000.0,1
F87AEX,854.1495363636365,145.8504636363636,1000.0,1
FVV484A,990.424972909091,9.575027090909,1000.0,1
G01BFL,892.6851909090909,107.3148090909091,1000.0,1
G07BJK,774.5652621818182,477.6455587272727,1000.0,1
G18AMC,980.6431554545455,19.3568445454545,1000.0,1
G42ASF,983.2717845454546,16.7282154545454,1000.0,1
G60APY,758.5994499999999,544.3709249999999,1000.0,0
G69AWY,983.9404463636364,16.059553636363603,1000.0,1
GENCEC,422.42381454545455,577.5761854545455,1000.0,0
GENTPL,478.70791454545457,521.2920854545454,1000.0,0
GKZ425B,986.7383872727273,13.2616127272727,1000.0,1
GMRP149,0.0,1000.0,1000.0,0
GOLDEN01,0.0,1000.0,1000.0,0
GOLDEN02,0.0,1000.0,1000.0,0
GOLDEN03,0.0,1000.0,1000.0,0
GOLDEN04,0.0,1000.0,1000.0,0
GOLDEN05,0.0,1000.0,1000.0,0
GYM770,0.0,1000.0,1000.0,0
H02BNA,953.9033588181819,46.0966411818181,1000.0,1
H27AKN,792.293974,463.4217987272728,1000.0,1
H34AEZ,711.358374,619.0361800909089,1000.0,0
H42ASY,982.5210827272728,17.478917272727198,1000.0,1
HCF283E,749.5048549090909,413.2566332727272,1000.0,1
HEC477G,699.4523690909091,494.2306754545454,1000.0,1
HKU340C,33.51250418181817,966.4874958181819,1000.0,0
HN4160F,0.0,1000.0,1000.0,0
J0074334,424.2367729090909,1000.0,1000.0,0
J32BGP,985.8332827272728,14.166717272727201,1000.0,1
J45ADU,753.6492549090909,442.4427741818181,1000.0,1
J50AXL,809.9296414545455,383.4799369090909,1000.0,1
J55BFW,875.0622236363637,124.9377763636363,1000.0,1
J68BGU,898.0666218181818,101.9333781818181,1000.0,1
J75AUP,967.6406927272728,32.3593072727272,1000.0,1
J75BNH,791.4728811818181,450.9352119090908,1000.0,1
JPL2583,862.7908815454546,137.2091184545454,1000.0,1
K00882,247.19791454545458,1000.0,1000.0,0
K0088219,963.5769454545456,36.4230545454545,1000.0,1
K0088228,942.7633381818182,57.2366618181818,1000.0,1
K0088237,311.3949994545454,1000.0,1000.0,0
K008854,0.0,1000.0,1000.0,0
K0088915,852.1659181818181,147.8340818181818,1000.0,1
K009100,291.00102454545464,1000.0,1000.0,1
K52BEM,978.1876563636364,21.8123436363636,1000.0,1
K56BHK,757.7336699090908,515.6324149090909,1000.0,0
K72ADJ,938.394209090909,61.6057909090909,1000.0,1
K74BDK,941.2958842727272,58.7041157272727,1000.0,1
K76BKB,980.7414190909091,19.258580909090902,1000.0,1
K95AVE,798.4053391818182,464.7088813636363,1000.0,1
L0093988,777.2740027272727,222.72599727272728,1000.0,1
L37AZX,982.0625190909092,17.937480909090898,1000.0,1
L48BKG,767.7952032727273,577.1858642727273,1000.0,0
L57AZT,186.87690454545458,1000.0,1000.0,0
L59AZH,796.6371418181819,432.992315,1000.0,1
L62AYS,749.4691071818182,509.52971372727274,1000.0,0
L89ADJ,771.6222073636364,389.6293826363636,1000.0,1
L93AXB,983.175519090909,16.824480909090898,1000.0,1
L95BCL,842.5178418181819,157.4821581818181,1000.0,1
L95BJV,780.3040542727273,457.76122281818186,1000.0,1
L97BKG,721.8450663636364,361.41994,1000.0,1
LB46144,761.6560914981818,238.3439085018182,1000.0,1
LB46147,931.1026276654546,68.89737233454541,1000.0,1
LB46149,585.0858176581818,851.0223721309092,1000.0,0
LB67312,777.0426911418182,222.9573088581818,1000.0,1
LB82663,618.70728256,733.2039260509091,1000.0,0
LC33620,600.9231862109091,845.8554864872727,1000.0,0
LC33624,553.9371689309091,909.1314187636364,1000.0,0
LC33626,593.694992930909,866.8220912290909,1000.0,0
LE16176,651.6229823636363,689.4755021818182,1000.0,0
LE17532,688.6168376363636,311.3831623636364,1000.0,1
LE41033,858.3413745090909,141.6586254909091,1000.0,1
LE73329,699.758872909091,426.9599489090909,1000.0,1
LF28206,664.2716957272727,387.6641299090909,1000.0,1
LF63372,676.3373077545453,708.6743644145455,1000.0,0
LF95269,270.129710909091,842.6856781818183,1000.0,0
LG14267,434.81525909090914,565.1847409090909,1000.0,0
LG58472,666.3305870636365,678.6097921909092,1000.0,0
LG58491,726.4949296490909,724.3683342763636,1000.0,0
LGG763B,734.1171609090909,444.5279860909091,1000.0,1
LGJ732B,384.28266127272724,1000.0,1000.0,0
LGM538A,776.1451672727273,512.9907263636363,1000.0,0
LGX501B,777.9591200000001,250.70874999999998,1000.0,1
LHJ272C,996.0807002727273,3.9192997272727,1000.0,1
LHL900C,768.9136054545455,495.28826636363635,1000.0,1
LHN874B,778.141078818182,459.21812427272715,1000.0,1
LHT976A,989.7052463636364,10.2947536363636,1000.0,1
LHY326B,769.900072,450.4366966363636,1000.0,1
LKC143B,755.5960467272728,539.4603452727272,1000.0,0
LKE361A,767.7057462727272,495.27490645454554,1000.0,1
LKH469A,763.6768836363636,562.4341418181818,1000.0,0
LKS335C,937.0260017272728,62.97399827272721,1000.0,1
LKX660B,863.9325958181819,136.0674041818181,1000.0,1
LLG870A,839.3101872727274,175.7359309090909,1000.0,1
LLK145A,580.3675216109091,830.3540531236365,1000.0,0
LLZ105A,794.04783,477.6698047272728,1000.0,1
LMA529B,936.6899400909091,63.3100599090909,1000.0,1
LMB124C,831.1872216363637,168.8127783636363,1000.0,1
LMF593A,886.451455,113.548545,1000.0,1
LMF749A,760.7305355454546,524.6194217272728,1000.0,0
LMG569A,728.4276610000001,602.023470909091,1000.0,0
LMM734A,670.8472721254545,725.4301544945455,1000.0,0
LMN574A,989.617900909091,10.382099090909,1000.0,1
LMS927B,761.0612683636364,572.1305239090909,1000.0,0
LMU573B,752.5131354545456,534.6428749090909,1000.0,0
LPB973A,892.4150681818181,107.5849318181818,1000.0,1
LPM957A,806.1496470909091,225.71834199999998,1000.0,1
LPM957A,806.1496470909091,225.71834199999998,1000.0,1
LPM957A,812.5576371818182,234.2671691818182,1000.0,1
LPM957A,812.5576371818182,234.2671691818182,1000.0,1
LRK797A,857.4264037272727,142.5735962727272,1000.0,1
LRN332A,980.2937736363638,19.706226363636297,1000.0,1
LRS739A,785.7995640909091,486.9479306363637,1000.0,1
LRV034B,981.9970099999999,18.00299,1000.0,1
LRV397A,792.5682781818182,469.8960709090909,1000.0,1
LSA232A,546.5101299999999,453.48987,1000.0,1
LSC039A,985.665519090909,14.3344809090909,1000.0,1
LSG918A,951.8642475454546,48.1357524545454,1000.0,1
LTY048A,746.8223249090909,499.5528942727273,1000.0,1
LUB299B,713.3499233636364,589.8444349090909,1000.0,0
LUC775A,732.3074142727273,366.9104711818182,1000.0,1
LUE056A,762.3404163636363,382.3473418181818,1000.0,1
LUG097B,700.6131703636364,672.8328477272727,1000.0,1
LUJ963A,131.6488646363635,1000.0,1000.0,0
LUK295A,951.393673909091,48.606326090909,1000.0,1
LUP764B,746.5586474545454,545.7767625454546,1000.0,0
LUY792A,946.6637100000002,53.3362899999999,1000.0,1
LVA200C,797.8352332727274,202.1647667272727,1000.0,1
LVJ213A,779.4850927272728,538.0391781818182,1000.0,1
LVS956A,783.8244987272727,478.22954454545453,1000.0,1
LWM663A,799.744604909091,406.9191078181818,1000.0,1
LWP774A,984.7801637272728,15.2198362727272,1000.0,1
LWT662A,982.6511182727273,17.3488817272727,1000.0,1
LWY580A,482.31407009090907,1000.0,1000.0,0
LWZ452A,691.101464909091,670.4509153636363,1000.0,0
LXL030A,736.6833236363636,532.722680909091,1000.0,0
LXL539A,808.6162199090909,425.76468736363637,1000.0,1
LYC130B,799.8454627272729,200.1545372727272,1000.0,1
LYD851A,749.1450018181819,322.4389745454545,1000.0,1
LYD932B,775.793171090909,474.105559,1000.0,1
LYX364A,742.3610990909091,549.4505727272727,1000.0,0
LZG813A,941.7293758181819,58.2706241818181,1000.0,1
LZW205B,717.3303354545455,613.5870481818182,1000.0,0
M00623,750.6116637272728,510.41381809090905,1000.0,1
M02696,630.7889581818182,656.144950909091,1000.0,0
M05ADW,980.7086645454546,19.2913354545454,1000.0,1
M07BKD,780.7463281818182,503.5036172727273,1000.0,0
M10ASM,741.8837404545454,522.5436886363636,1000.0,0
M30AFK,832.8379076363636,167.1620923636363,1000.0,1
M76BDV,991.6228127272728,8.3771872727272,1000.0,1
M88BHK,814.4534143636364,439.6833184545454,1000.0,1
M90632,174.50338272727274,1000.0,1000.0,0
MAF974B,889.1578145454546,110.8421854545454,1000.0,1
MAT739C,955.3356834545455,44.6643165454545,1000.0,1
MAW556B,682.3889164545456,668.002362,1000.0,0
MBB284A,802.6078800909091,281.5548508181817,1000.0,1
MBC922B,787.7803520909091,454.05966799999993,1000.0,1
MBF355C,843.8236122727272,156.1763877272727,1000.0,1
MBH168A,972.3338731818181,27.666126818181798,1000.0,1
MBK588A,766.1252112727273,493.33998872727267,1000.0,1
MCJ666A,954.9008027272729,45.0991972727272,1000.0,1
MCJ790B,910.532050909091,89.46794909090899,1000.0,1
MCZ173A,870.7444494545456,129.25555054545453,1000.0,1
MDC441A,899.4511881818182,100.5488118181818,1000.0,1
MDE922A,965.6911290909092,34.3088709090909,1000.0,1
MDF887A,800.7753990909091,443.2024690909091,1000.0,1
MDX643A,958.0646830000001,41.935317,1000.0,1
MES414A,939.7961936363637,60.2038063636363,1000.0,1
MES443A,981.2764099999999,18.723589999999998,1000.0,1
MET467A,763.300010090909,523.0282279090909,1000.0,0
MFK307A,899.7224936363637,100.2775063636363,1000.0,1
MFL068A,744.4230517272728,586.1832673636364,1000.0,0
MFN464A,726.3027163636364,555.9047496363636,1000.0,0
MFR854B,781.9018975454546,495.96988600000003,1000.0,1
MFR854B,781.9018975454546,495.96988600000003,1000.0,1
MFR854B,799.0626789090909,494.111249090909,1000.0,1
MFR854B,799.0626789090909,494.111249090909,1000.0,1
MGS123A,951.5702209090911,48.429779090909,1000.0,1
MGU109A,810.7165824545455,397.49451136363626,1000.0,1
MGU724A,680.2157582036364,359.5922834854546,1000.0,1
MGY297A,685.8745240327273,677.6015389581819,1000.0,0
MHB508A,801.3571111818181,448.8525106363636,1000.0,1
MHC436A,757.1376075454546,576.3607699090909,1000.0,0
MHJ174B,840.0824827272728,159.91751727272722,1000.0,1
MHN831B,766.1228964545454,352.9833673090909,1000.0,1
MJA605A,719.3675159090909,596.4397078181818,1000.0,0
MJJ069A,717.1934727018182,612.7383823581818,1000.0,0
MJS110B,760.2082403636364,487.6291969090909,1000.0,1
MJV798B,968.2544745454546,31.745525454545398,1000.0,1
MKA084B,739.920143090909,569.8953411818181,1000.0,0
MKH203A,714.5214164745455,662.2368635254546,1000.0,0
MKM030B,675.0876608854546,324.9123391145455,1000.0,1
MMJ562A,794.5211519999999,330.7879125454545,1000.0,1
MMW997A,983.973200909091,16.026799090909,1000.0,1
MMX820A,958.644110909091,41.355889090909,1000.0,1
MMY372A,376.46227927272736,1000.0,1000.0,0
MMZ579A,808.5809552727274,441.9069970909091,1000.0,1
MNA244B,892.2190937272728,107.7809062727272,1000.0,1
MNC154A,747.54318,521.9759710000001,1000.0,0
MNR321A,749.5350154545455,526.3548381818182,1000.0,0
MNW3118,899.274422818182,100.7255771818181,1000.0,1
MPX066A,728.0061453636364,517.6783849090909,1000.0,0
MRH677A,923.7722024545455,76.22779754545451,1000.0,1
MRZ643A,834.2987942727274,338.76839936363626,1000.0,1
MSE625B,826.1695043636363,406.46756045454543,1000.0,1
MSP256A,722.9989431818183,581.1516868181818,1000.0,0
MSR447A,756.4482043381819,591.7916391600002,1000.0,0
MST069A,713.7382190909092,586.1234636363636,1000.0,0
MSV2246,733.1562518181819,527.4154409090909,1000.0,1
MTC009A,814.5507493636363,263.6765551818181,1000.0,1
MTE9565,730.113709669091,538.0745360981819,1000.0,0
MTH187A,751.9816663636364,549.8489281818182,1000.0,0
MUE429B,723.1943342909091,595.1420444054546,1000.0,1
MUN882A,993.5375281818182,6.4624718181818,1000.0,1
MUS763B,990.3266000909091,9.6733999090909,1000.0,1
MVB471B,935.3674743636365,64.6325256363636,1000.0,1
MVD212A,737.8497597272728,427.5840597272727,1000.0,1
MVJ595A,952.683002,47.316998,1000.0,1
MVJ923A,189.94743552181814,1000.0,1000.0,0
MVN795A,909.8518481818182,90.1481518181818,1000.0,1
MVR221B,689.3256264345454,670.4373062618183,1000.0,0
MVR221B,689.3256264345454,670.4373062618183,1000.0,0
MVR221B,693.1582447218182,666.3726684818183,1000.0,0
MVR221B,693.1582447218182,666.3726684818183,1000.0,0
MVY284A,714.3212245454547,621.4022754545455,1000.0,0
MVY555B,740.3469154545454,549.5790659999999,1000.0,0
MWM963A,987.3578372727274,12.6421627272727,1000.0,1
MWP074B,700.2582339090909,623.2059661818182,1000.0,0
MWT540A,966.0132285454546,33.9867714545454,1000.0,1
MWW205A,858.9550510909091,141.0449489090909,1000.0,1
MXD890B,788.5115427272729,522.2423390909091,1000.0,0
MXD895A,811.9540800909091,421.7940387272727,1000.0,1
MXG194A,933.2503852727273,66.7496147272727,1000.0,1
MXH354A,928.9727508181819,71.0272491818181,1000.0,1
MXM893A,837.6469427272729,392.6217699090908,1000.0,1
MXU8000,810.6175854545454,292.94246090909087,1000.0,1
MYU919B,966.0790651818182,33.9209348181818,1000.0,1
MYZ280A,969.0273018181819,30.9726981818181,1000.0,1
MYZ409A,980.7523372727272,19.2476627272727,1000.0,1
MZB912A,765.8238884545456,467.7121992727273,1000.0,1
MZM886B,778.9246431818182,221.0753568181818,1000.0,1
MZU169A,981.0200554545455,18.9799445454545,1000.0,1
MZV5006,760.4577299200001,470.50021352727276,1000.0,1
MZY949B,978.8092284545455,21.190771545454503,1000.0,1
N22BAK,956.4458663636364,43.5541336363636,1000.0,1
N28BEP,771.5911587272728,509.87929218181813,1000.0,0
N5611894,0.0,1000.0,1000.0,0
N66BJB,778.0362072727272,527.4898363636363,1000.0,0
N66BPK,780.3682867272728,480.383936090909,1000.0,1
N82AMJ,903.8463022727274,96.1536977272727,1000.0,1
N86BHC,969.4069672727273,30.5930327272727,1000.0,1
NA000010,0.0,1000.0,1000.0,0
NA000011,0.0,1000.0,1000.0,1
NA00003,0.0,1000.0,1000.0,0
NAE825A,823.1732127272728,176.8267872727272,1000.0,1
NAF870A,762.3289784545454,488.39306063636366,1000.0,1
NAN301A,690.93173,729.80141,1000.0,0
NAR581A,982.4763181818182,17.5236818181818,1000.0,1
NAV388A,730.3267671818182,504.1271238181817,1000.0,0
NBF241A,580.7156144545455,997.8986591818182,1000.0,0
NBH9999,940.8436218181819,59.1563781818181,1000.0,1
NCC4186,866.5455945454545,324.11704090909086,1000.0,1
NCE5193,949.304820909091,50.695179090909,1000.0,1
NCH8736,899.3832018181819,100.6167981818181,1000.0,1
NCL746B,730.2385095454547,572.642178,1000.0,0
NCL940A,677.5188214545456,724.1341505454545,1000.0,0
NCP207B,754.8479830000001,503.7682601818182,1000.0,0
NCT211B,768.5893547272728,324.6154307272727,1000.0,1
NCT2598,951.332040909091,48.667959090909,1000.0,1
NCZ4998,980.8942736363638,19.1057263636363,1000.0,1
NDA827B,571.1248480054546,928.0882834363637,1000.0,0
NDE466A,981.4827636363636,18.5172363636363,1000.0,1
NDE730A,990.6878827272728,9.3121172727272,1000.0,1
NDG818A,754.5655602727272,488.2982991818181,1000.0,1
NDJ498A,857.6241486363638,142.37585136363631,1000.0,1
NDV064A,782.1233297909091,471.7475978072727,1000.0,1
NDY621A,987.1482081818183,12.8517918181818,1000.0,1
NEE554A,791.0790590909091,454.83885299999986,1000.0,1
NEG316A,914.9168952727274,85.0831047272727,1000.0,1
NEJ369A,984.1162290909091,15.883770909090902,1000.0,1
NES3833,932.0572674545456,67.9427325454545,1000.0,1
NFH2748,793.5722757272728,351.1591442727272,1000.0,1
NFH392B,343.4213500000001,1000.0,1000.0,1
NFN637A,978.0406976363637,21.9593023636363,1000.0,1
NFN693A,911.6309659090908,88.3690340909091,1000.0,1
NFW3006,786.7477163636364,453.9492327272726,1000.0,1
NFZ815A,789.2698927272728,210.7301072727272,1000.0,1
NGH1704,828.2892890909093,187.0807463636363,1000.0,1
NGH5846,859.78326592,140.21673407999998,1000.0,1
NGS840A,987.5762009090911,12.423799090909,1000.0,1
NHB290A,775.3420472727273,254.4733236363636,1000.0,1
NHG251B,711.5531840909091,567.0080645454545,1000.0,0
NHT5940,964.4416654545455,35.5583345454545,1000.0,1
NHT9672,955.5546581818181,44.4453418181818,1000.0,1
NHU5137,800.6910665309091,402.3301031563636,1000.0,1
NHY2352,982.3136372727272,17.6863627272727,1000.0,1
NJA3266,787.7610263636365,421.0866,1000.0,1
NJB3707,477.63698909090914,868.0532145454545,1000.0,0
NJB4766,975.0686272727272,24.931372727272702,1000.0,1
NJK7453,724.0851263636364,421.5438027272727,1000.0,1
NJT3199,967.2258018181818,32.7741981818181,1000.0,1
NJT3798,984.2846645454546,15.715335454545402,1000.0,1
NJU829B,982.2695278181819,17.7304721818181,1000.0,1
NKH7900,748.1151782727273,587.354119,1000.0,0
NKH9513,807.9594663636365,302.01806,1000.0,1
NKK4840,784.0765772727273,215.92342272727268,1000.0,1
NKN3733,997.59441,2.40559,1000.0,1
NKP6417,808.1835863636364,191.8164136363636,1000.0,1
NKT1129,982.0188463636364,17.9811536363636,1000.0,1
NKW1174,812.6627295454546,479.0553286363636,1000.0,1
NLD8153,803.8784554545455,315.0482327272727,1000.0,1
NLK6258,763.0673924545455,486.4553069090909,1000.0,1
NLS360A,774.1372755454546,524.0113175454546,1000.0,0
NLZ606A,730.9391386363637,600.9374502727272,1000.0,0
NNF5462,700.5117372727273,625.4647445454546,1000.0,0
NNN9753,965.5143768181819,34.4856231818181,1000.0,1
NNX1745,776.7215200000002,512.7928609090909,1000.0,0
NNY176A,619.1104716945455,844.4397860454548,1000.0,0
NPD9651,831.0635568181818,338.4499504545454,1000.0,1
NPM6657,773.4351118181819,226.5648881818181,1000.0,1
NPP1204,966.1459936363636,33.8540063636363,1000.0,1
NPR7970,734.39885,425.4943863636364,1000.0,1
NPU6648,982.9141372727272,17.0858627272727,1000.0,1
NRA8543,972.3257745454546,27.6742254545454,1000.0,1
NRD541A,976.1867903636364,23.8132096363636,1000.0,1
NSF7001,702.4112545454547,563.3842390909091,1000.0,0
NSG8670,939.4407745454546,60.559225454545405,1000.0,1
NSM4747,975.577119090909,24.4228809090909,1000.0,1
NSV2306,784.4288172727273,359.7678363636363,1000.0,1
NSV5525,993.3984918181818,6.6015081818181,1000.0,1
NSZ793A,773.0079429090911,456.9305443636364,1000.0,1
NTA5765,987.0630463636364,12.9369536363636,1000.0,1
NTC2304,988.6181745454546,11.3818254545454,1000.0,1
NTD3059,972.2481654545455,27.7518345454545,1000.0,1
NTD7180,985.6828736363638,14.3171263636363,1000.0,1
NTD7979,842.0087032472728,157.99129675272718,1000.0,1
NTD7982,767.7088893672727,497.4333783272727,1000.0,1
NTE1249,871.6826488181819,128.3173511818181,1000.0,1
NTJ047A,769.6657782727273,266.69111209090914,1000.0,1
NTK1467,706.7744208981819,750.9986954654546,1000.0,0
NTK9602,798.0476581818182,447.5217772727272,1000.0,1
NTS6641,983.372700909091,16.627299090909002,1000.0,1
NTT7520,908.99379,91.00621000000001,1000.0,1
NTU4623,795.9156781818182,308.18088,1000.0,1
NUA336A,763.1593061818182,497.0079322727273,1000.0,1
NUD6464,937.2017405454545,62.798259454545395,1000.0,1
NUH9419,709.168861818182,676.2935454545454,1000.0,0
NUJ4051,946.55663,53.443369999999994,1000.0,1
NUJ6630,794.254794818182,441.6248806363637,1000.0,1
NUK9880,983.6565736363638,16.3434263636363,1000.0,1
NUP773A,777.4751170000001,485.9298407272727,1000.0,1
NUS5749,794.9349427272729,480.7774963636363,1000.0,1
NUT2155,990.7315554545455,9.2684445454545,1000.0,1
NUT3437,868.1645423636364,131.8354576363636,1000.0,1
NUT6571,947.7804108181818,52.2195891818181,1000.0,1
NUW7185,984.4426827272728,15.5573172727272,1000.0,1
NUZ7516,939.8979202727273,60.1020797272727,1000.0,1
NVA1155,940.7503027272728,59.2496972727272,1000.0,1
NVK163A,955.139592909091,44.860407090909,1000.0,1
NVM9692,784.3309445454546,215.6690554545454,1000.0,1
NVN2055,966.9303558181819,33.0696441818181,1000.0,1
NVP3635,771.1488548181819,546.174507,1000.0,0
NVS700A,757.6895154545456,480.1866587272727,1000.0,1
NWC5697,980.9404463636364,19.0595536363636,1000.0,1
NWD1976,789.5218545454545,474.45695909090904,1000.0,1
NWD2314,920.9115296363636,79.08847036363629,1000.0,1
NWE4850,787.3113372727273,451.7296718181818,1000.0,1
NWE6364,982.5210827272728,17.478917272727198,1000.0,1
NWF7409,754.3910618181819,542.0642963636363,1000.0,0
NWH8687,986.1669911818182,13.8330088181818,1000.0,1
NWK8907,962.8980381818182,37.101961818181806,1000.0,1
NWM1788,990.9604005454546,9.0395994545454,1000.0,1
NWR1656,768.5727590909091,292.9249918181817,1000.0,1
NWR6510,525.3857772727273,1000.0,1000.0,0
NWR8317,751.811659909091,538.9677237272728,1000.0,0
NWT2578,792.8108584545455,478.42072609090906,1000.0,1
NWU2870,754.6558228181818,516.520609909091,1000.0,0
NWV5181,754.2378011818182,513.162827,1000.0,0
NWY3792,789.9721188181819,494.3224011818182,1000.0,1
NXD1136,840.1867681818183,159.8132318181818,1000.0,1
NXF168A,900.3677695454546,99.63223045454541,1000.0,1
NXG9080,780.0009,476.5492036363636,1000.0,1
NXH6263,962.4048012727274,37.595198727272695,1000.0,1
NXK3934,794.7164546363637,293.6389317272727,1000.0,1
NXK6292,687.8448015454546,601.9725817272728,1000.0,0
NXK8810,968.632520909091,31.367479090909,1000.0,1
NXR1067,777.6214440909091,473.3723722727273,1000.0,1
NXR9396,797.6412754545454,431.84671363636363,1000.0,1
NXU8505,751.1982544945455,596.0007582327272,1000.0,0
NXV2821,988.3554645454547,11.6445354545454,1000.0,1
NXW6665,32.888668201818014,1000.0,1000.0,0
NXY1429,723.7419045454546,604.6733830909092,1000.0,0
NXY5000,896.288190909091,103.711809090909,1000.0,1
NXZ2150,737.2531150909091,563.7907154545454,1000.0,0
NYB2200,741.8476529090909,535.5831741818181,1000.0,0
NYD3632,798.2431868181818,402.64573954545443,1000.0,1
NYE3957,800.6807118181819,407.80181999999996,1000.0,1
NYF7608,709.013189090909,407.9917509090909,1000.0,1
NYF7657,782.2497000000002,217.7502999999999,1000.0,1
NYF8000,801.645132818182,198.3548671818181,1000.0,1
NYJ2223,729.1328993636364,564.6497318181819,1000.0,0
NYJY115A,781.5987798181819,475.4807292727272,1000.0,1
NYM3174,802.3115562727273,482.9648609999999,1000.0,1
NYM4040,992.7153890909091,7.2846109090909,1000.0,1
NYM9892,993.3822100000001,6.617789999999901,1000.0,1
NYP4901,936.0328763636364,63.9671236363636,1000.0,1
NYR2020,926.927557,73.072443,1000.0,1
NYT3731,887.6269344545456,112.3730655454545,1000.0,1
NYU1735,827.5813553636364,400.3888946363636,1000.0,1
NYU750B,736.2900974545454,471.0634259999999,1000.0,1
NYW4034,986.8553825454545,13.1446174545454,1000.0,1
NYX6756,801.9139604545455,457.0224137272727,1000.0,1
NYX9511,781.6288752727273,573.4196821818182,1000.0,0
NYZ2678,984.716191818182,15.2838081818181,1000.0,1
NZA2706,833.5126851818183,166.4873148181818,1000.0,1
NZA4429,725.1110636363637,627.8517818181818,1000.0,0
NZB4926,702.7276794545455,665.6202598181818,1000.0,0
NZD3499,776.8749222727274,482.0571940909091,1000.0,1
NZD4088,737.7403600000001,457.74225,1000.0,1
NZE5695,787.9015972727273,212.0984027272727,1000.0,1
NZE6296,769.5787072727273,527.3449745454545,1000.0,0
NZG4949,831.9167745454546,168.0832254545454,1000.0,1
NZG6214,849.6968363636364,150.3031636363636,1000.0,1
NZJ2346,894.9775263636363,105.0224736363636,1000.0,1
NZJ2375,755.3418323636364,511.7250821818182,1000.0,0
NZJ9353,887.95482,112.04517999999999,1000.0,1
NZN1683,846.11053,153.88947,1000.0,1
NZN4071,753.9664707272728,510.11725081818184,1000.0,0
NZN4196,732.9939959090909,604.073341909091,1000.0,0
NZN7779,860.6605509090908,139.33944909090908,1000.0,1
NZN9885,744.3953057272728,550.4302179090909,1000.0,0
NZP212B,990.9385641818183,9.061435818181799,1000.0,1
NZS2931,982.5101645454546,17.4898354545454,1000.0,1
NZS8009,902.4241318181819,97.5758681818181,1000.0,1
NZT1108,945.1327018181819,54.8672981818181,1000.0,1
NZT1226,756.2351781818181,572.11475,1000.0,0
NZT3779,770.6286620909091,542.6341737272727,1000.0,0
NZT5678,899.5146228181818,261.2695899090909,1000.0,1
NZT6199,779.3460507272727,437.9363129090908,1000.0,1
NZU3316,786.3259410909092,443.7382662727273,1000.0,1
NZU5285,814.9339472727273,397.38348,1000.0,1
NZV2611,990.8942363636364,9.1057636363636,1000.0,1
NZV8496,856.1585975454547,189.6704706363636,1000.0,1
NZW4553,900.5410436363637,99.4589563636363,1000.0,1
NZW4847,825.3835354545456,174.61646454545448,1000.0,1
NZY4328,773.7590926363637,263.1192500909091,1000.0,1
NZY5605,787.9672778181817,444.3932683636363,1000.0,1
NZY8710,773.3744170909091,572.244421,1000.0,0
P000037,960.7955386363637,39.2044613636363,1000.0,1
P000400,962.7782009090911,37.221799090909,1000.0,1
P0320,724.7799436363638,522.6657645454545,1000.0,0
P06ATS,782.0073968181819,476.4337694545454,1000.0,1
P08BJB,758.399634,403.6386850909091,1000.0,1
P08BJW,887.3254790909091,112.6745209090909,1000.0,1
P33ATH,902.6797514545455,97.3202485454545,1000.0,1
P43AMA,896.1905963636364,103.8094036363636,1000.0,1
P801079,942.803920909091,57.196079090909095,1000.0,1
P801561,998.4397918181819,1.5602081818181002,1000.0,1
P802066,968.1445927272729,31.8554072727272,1000.0,1
P802435,487.355680909091,791.8325254545454,1000.0,0
P802460,866.4640854545455,243.53439090909092,1000.0,1
P802569,324.34355999999997,675.65644,1000.0,0
P803046,221.96623000000005,1000.0,1000.0,0
P803547,986.3533645454546,13.6466354545454,1000.0,1
PAA6858,773.4073323636363,486.7387712727272,1000.0,1
PAA8087,75.37214727272756,1000.0,1000.0,0
PAC6869,521.5674154545455,1000.0,1000.0,0
PAE1032,757.7303494545455,541.7116456363635,1000.0,0
PAG663A,974.3553745454547,25.644625454545398,1000.0,1
PAJ2909,743.8865599999999,558.26133,1000.0,0
PAJ5018,760.8884090909091,264.8683354545454,1000.0,1
PAL6787,757.849718,540.635502,1000.0,0
PAX7437,711.1332963636364,571.5340636363636,1000.0,0
PAY4740,843.41908,156.58092000000002,1000.0,1
PAY7657,771.251088909091,455.80887927272715,1000.0,1
PAZ1744,758.071651818182,532.3793891818182,1000.0,0
PAZ3649,756.1302581818184,319.4897745454545,1000.0,1
PAZ7154,765.9418677272728,520.2343713636363,1000.0,0
PBB3001,479.54410045454546,520.4558995454546,1000.0,0
PBB3219,966.308892909091,33.691107090909,1000.0,1
PBB5710,920.5560336363637,79.4439663636363,1000.0,1
PBC6570,942.8615572727273,57.1384427272727,1000.0,1
PBE4208,980.7801827272729,19.219817272727198,1000.0,1
PBE9461,713.2913054545455,583.4361456363637,1000.0,0
PBG2889,827.2932709090909,172.70672909090908,1000.0,1
PBG5124,772.882493,510.1375242727273,1000.0,0
PBG6023,988.0893554545455,11.9106445454545,1000.0,1
PBH008B,798.2392128181818,333.007159,1000.0,1
PBJ5086,983.2427745454546,16.7572254545454,1000.0,1
PBK804B,743.3507764545456,555.9929052727273,1000.0,0
PBN5416,739.0670218181818,474.86472363636364,1000.0,1
PBP2691,766.2233554545454,523.1090618181819,1000.0,0
PBP3281,809.6904134545455,276.8531006363636,1000.0,1
PBP3474,785.3954936363638,214.6045063636363,1000.0,1
PBP4733,996.6495436363637,3.3504563636362996,1000.0,1
PBP6833,984.03871,15.96129,1000.0,1
PBR6322,846.1147446363638,350.08388263636357,1000.0,1
PBR6692,728.7855045454545,497.2396731818181,1000.0,1
PBS7821,761.7606972727274,469.6890872727273,1000.0,1
PBT3215,761.223260909091,470.9541507272727,1000.0,1
PBV1337,757.6953510909092,513.3408619090909,1000.0,0
PBV4760,969.6039090909092,30.3960909090909,1000.0,1
PBW4091,700.6131274545455,600.7588280909091,1000.0,0
PBW6191,853.6398654545455,146.36013454545449,1000.0,1
PBW6513,665.4540143636364,624.4829394545454,1000.0,0
PBY6165,786.6455309090909,213.354469090909,1000.0,1
PBZ4454,945.8902272727273,54.1097727272727,1000.0,1
PBZ4742,987.8600736363637,12.1399263636363,1000.0,1
PCA9362,766.395859,524.4875301818181,1000.0,0
PCB4784,765.2762097272729,531.1334293636364,1000.0,0
PCD3001,767.4249609090909,556.4199590909091,1000.0,0
PCD9582,786.2094440909092,430.0809387272727,1000.0,1
PCE3341,760.6889219090908,563.2694026363636,1000.0,0
PCE9259,803.2694010909091,455.577698,1000.0,1
PCE9619,714.04095388,662.0354998690909,1000.0,0
PCG7490,990.4686736363637,9.5313263636363,1000.0,1
PCJ6877,780.7826827272728,249.84877090909092,1000.0,1
PCK8847,741.9397901818182,550.6160798181818,1000.0,0
PCM9650,913.3566937272728,86.6433062727272,1000.0,1
PCP5901,980.806273090909,19.193726909090902,1000.0,1
PCP7656,781.8374765454546,479.590817090909,1000.0,1
PCR7008,817.9137227272728,236.6698363636363,1000.0,1
PCT9966,986.5171372727273,13.4828627272727,1000.0,1
PCZ3897,863.9370481818182,136.0629518181818,1000.0,1
PCZ5897,736.7569609999999,637.0223496363636,1000.0,0
PDA8039,900.6373060909091,99.36269390909091,1000.0,1
PDC2428,990.1023154545455,9.8976845454545,1000.0,1
PDD8511,717.121479090909,453.3535745454545,1000.0,1
PDD9589,714.7846408181819,460.354381,1000.0,1
PDE3038,983.7647728181819,16.2352271818181,1000.0,1
PDE4380,870.3727945454546,129.6272054545454,1000.0,1
PDF2203,768.2144243636365,516.5304974545454,1000.0,0
PDH897B,736.6268933636364,558.5560538181819,1000.0,0
PDK4435,758.2469859090909,316.5151559090909,1000.0,1
PDK8098,738.8124615454545,495.6055330909091,1000.0,1
PDL5824,666.8611281818182,731.6393118181819,1000.0,0
PDM6606,762.7171436363636,360.2061163636363,1000.0,1
PDM6702,794.6084003636364,256.7917441818181,1000.0,1
PDN2241,720.6582163636364,292.45452,1000.0,1
PDN2243,981.2873281818182,18.7126718181818,1000.0,1
PDN2262,914.0733590909091,85.92664090909089,1000.0,1
PDP9133,743.3900774545455,551.7562603636363,1000.0,0
PDP9740,971.747870909091,28.252129090909,1000.0,1
PDR246A,427.42952,1000.0,1000.0,0
PDR4456,724.6219426363637,617.4356763636364,1000.0,0
PDR6179,772.5209036363638,577.73037,1000.0,0
PDR8767,980.4743554545455,19.5256445454545,1000.0,1
PDS9475,794.8428329090908,310.6508234545455,1000.0,1
PDT552A,839.0873996363637,377.6368503636363,1000.0,1
PDU4392,780.7974668181819,423.5411413636363,1000.0,1
PDV1717,952.1146014545456,47.8853985454545,1000.0,1
PDV9084,798.8587036363637,201.14129636363631,1000.0,1
PDX3752,629.3428435436364,767.7944497363637,1000.0,0
PDY4327,902.7361051818183,97.2638948181818,1000.0,1
PDZ7437,966.2207831818181,33.7792168181818,1000.0,1
PEB7197,856.6824054545455,143.3175945454545,1000.0,1
PEC1932,784.5283800000001,333.48296454545454,1000.0,1
PEC8365,985.6218463636363,14.3781536363636,1000.0,1
PEC9204,801.1099235454546,402.7468338181818,1000.0,1
PED4226,739.4904888181818,547.6333454545454,1000.0,0
PED7381,790.4374190909091,209.5625809090908,1000.0,1
PEE3676,771.2931332727273,270.8434830909091,1000.0,1
PEF2218,762.6600912727273,571.696575090909,1000.0,0
PEF5712,957.7040554545455,42.2959445454545,1000.0,1
PEF6461,861.1386931818182,337.3219786363636,1000.0,1
PEF6959,768.5301781818182,231.4698218181818,1000.0,1
PEH5762,750.3288134545455,564.8027445454546,1000.0,0
PEH9697,818.9494683636365,436.16596899999996,1000.0,1
PEK1713,700.4226416363637,624.5351053636365,1000.0,0
PEK2124,805.6299416363637,295.9898346363636,1000.0,1
PEK2696,729.1125215454546,564.6639230000001,1000.0,0
PEL2135,755.5030700000001,492.96817845454535,1000.0,1
PEL3520,805.6150660000001,411.1762849090909,1000.0,1
PEL8558,888.7309081818182,111.2690918181818,1000.0,1
PEM2390,773.56555,488.8106681818182,1000.0,1
PEM4219,739.731201,570.0944887272727,1000.0,0
PEM8837,749.7297063636363,519.6762740909091,1000.0,0
PEN9459,802.5319245454547,449.69060181818173,1000.0,1
PEP7595,770.0609972727273,229.93900272727268,1000.0,1
PEP9965,670.6601290909091,705.6068118181818,1000.0,0
PES7501,881.0582772727273,118.9417227272727,1000.0,1
PEU5630,787.960242,408.3170087272727,1000.0,1
PEZ7226,860.9813172727273,331.3619727272727,1000.0,1
PEZ8103,783.8066328181818,500.36843172727276,1000.0,0
PNE283B,982.8158736363637,17.1841263636363,1000.0,1
PWR358D,957.9885832727273,42.0114167272727,1000.0,1
PXJ289D,946.4377845454545,53.562215454545395,1000.0,1
PZL117C,991.287290909091,8.712709090909,1000.0,1
R11BRA,708.9689683636365,571.9665926363638,1000.0,0
R53AZA,718.2552263636363,314.7144072727272,1000.0,1
R75ASY,753.81401,294.6303963636363,1000.0,1
RA000224,0.0,1000.0,1000.0,0
RAF432D,768.5313277272728,492.3365783636363,1000.0,1
RAN627C,967.8046881818182,32.1953118181818,1000.0,1
RBZ248C,951.4418663636363,48.5581336363636,1000.0,1
S05BKH,778.929205,454.201398,1000.0,1
S3M9065,0.0,1000.0,1000.0,0
S3M90654,0.0,1000.0,1000.0,0
S4078349,862.5893319090909,137.4106680909091,1000.0,1
S52BCX,789.906714,462.7038433636364,1000.0,1
S8M9064,40.61022890909083,1000.0,1000.0,0
S93APC,980.0935341818182,19.906465818181797,1000.0,1
T07BAW,981.3307825454546,18.6692174545454,1000.0,1
T47BEC,989.5097963636365,10.490203636363601,1000.0,1
T99AZF,966.1858199999999,33.81418,1000.0,1
TR53,0.0,1000.0,1000.0,0
TR56,0.0,1000.0,1000.0,0
TR57,0.0,1000.0,1000.0,0
TR62,0.0,1000.0,1000.0,0
TRANS01,0.0,1000.0,1000.0,0
TWB842A,967.991029090909,32.0089709090909,1000.0,1
TXB978B,925.4178394545455,74.5821605454545,1000.0,1
U48BKJ,756.6626448181819,535.0057306363636,1000.0,0
U75AXN,738.9862836363636,547.9043227272728,1000.0,0
U76BHV,712.106698090909,607.6554473636363,1000.0,0
U85AYT,769.3282793636365,484.5120329999999,1000.0,1
UAS6288,988.3340918181818,11.6659081818181,1000.0,1
UKE843V,910.915825,89.084175,1000.0,1
UNIDAD113,954.1436363636365,45.8563636363636,1000.0,1
UPS230G,783.5685542727273,475.6891320909091,1000.0,1
UPZ963G,772.9730690909091,511.2313854545454,1000.0,0
UTZ406K,983.8967736363637,16.1032263636363,1000.0,1
V24BJA,795.3996472727273,430.5759818181818,1000.0,1
V25AUE,985.8079736363637,14.1920263636363,1000.0,1
V25BJK,686.4751842727272,645.4829073636363,1000.0,0
V45ALS,973.192611818182,26.8073881818181,1000.0,1
V57BDK,963.1216572727272,36.8783427272727,1000.0,1
V94AHX,734.5993722727274,595.8085014545454,1000.0,0
W24APU,781.9551745454546,314.7307845454545,1000.0,1
W32ABF,993.8484918181819,6.1515081818181,1000.0,1
W41APD,854.3885763636364,312.51024472727266,1000.0,1
W43BEE,990.8939088181819,9.106091181818101,1000.0,1
W46ADC,678.6879214381818,646.7402301981818,1000.0,0
W57BCN,981.7568100000001,18.24319,1000.0,1
W71BJA,810.763210349091,414.5865062727273,1000.0,1
W73BCM,980.5196554545455,19.4803445454545,1000.0,1
W79AKU,715.7511918181818,513.2750645454546,1000.0,0
W92AMJ,736.930578,575.0196206363636,1000.0,0
W969409,0.0,1000.0,1000.0,0
W96AUN,982.3136372727272,17.6863627272727,1000.0,1
X21BBW,937.4193838181819,62.580616181818094,1000.0,1
X28ABB,983.7493272727273,16.2506727272727,1000.0,1
X40BLP,928.5821481818182,71.4178518181818,1000.0,1
X42BBB,985.7493190909091,14.2506809090909,1000.0,1
X45ATY,974.08242,25.917579999999997,1000.0,1
X46BNX,919.5897745454547,80.4102254545454,1000.0,1
X56BGM,806.8055642727273,431.5501575454545,1000.0,1
X91BEH,943.0715390909091,56.9284609090909,1000.0,1
XWC117B,991.1461188181819,8.8538811818181,1000.0,1
XXJ175B,943.5880473636364,56.4119526363636,1000.0,1
Y01BBX,986.4334736363637,13.566526363636301,1000.0,1
Y20BNF,927.0458372727272,72.9541627272727,1000.0,1
Y38BEE,983.8973554545455,16.1026445454545,1000.0,1
Y64ANF,664.6491255454545,706.984846909091,1000.0,0
YNF452A,848.3584001818182,340.977038,1000.0,1
YNF562A,957.530238,42.469762,1000.0,1
Z14ARR,874.7165445454546,125.28345545454539,1000.0,1
Z17BDN,746.6344063636365,283.8033009090909,1000.0,1
Z50BGG,979.7587827272728,20.2412172727272,1000.0,1
Z53BEA,715.5236071818182,628.4366694545454,1000.0,0
Z87ACD,749.6180712727273,481.6424741818181,1000.0,1
Z93AFX,773.7128359999999,226.28716400000002,1000.0,1
