placa,distance_per_engine_hour,idle_time_ratio,speed_efficiency,after_hours_efficiency,harsh_driving_penalty,operational_efficiency_score,total_distance,total_engine_hours
 A-05501-A,0.00540791657,0.0,0.0,1.0,1.0,0.40002163166628,0.00540791657,1
 A-05501-A,10.567408,0.0,0.0,1.0,1.0,0.442269632,10.567408,1
 A-05501-A,108.981701583,0.0,0.0,1.0,1.0,0.6,108.981701583,1
 A-05501-A,0.66979533,0.0,0.0,1.0,1.0,0.40267918132,0.66979533,1
 A-05501-A,130.253033,0.0,0.0,1.0,1.0,0.6,130.253033,1
 A-05501-A,69.682795079,0.0,0.0,1.0,1.0,0.6,69.682795079,1
 A-05501-A,59.0018,0.0,0.0,1.0,1.0,0.6,59.0018,1
 A-05501-A,10.761033615,0.0,0.0,1.0,1.0,0.44304413446,10.761033615,1
 A-05501-A,1.278707707,0.0,0.0,1.0,1.0,0.40511483082800004,1.278707707,1
 A-05501-A,11.316170192,0.0,0.0,1.0,1.0,0.44526468076799997,11.316170192,1
 A-05501-A,70.79298320000001,0.0,0.0,1.0,1.0,0.6,70.79298320000001,1
 A-05501-A,12.580095897,0.0,0.0,1.0,1.0,0.450320383588,12.580095897,1
 A-05501-A,58.942486,0.0,0.0,1.0,1.0,0.6,58.942486,1
 A-05501-A,58.943916,0.0,0.0,1.0,1.0,0.6,58.943916,1
 A-05501-A,0.055643178,0.0,0.0,1.0,1.0,0.400222572712,0.055643178,1
 A-05501-A,122.4796255,0.0,0.0,1.0,1.0,0.6,122.4796255,1
 A-05501-A,10.752382,0.0,0.0,1.0,1.0,0.443009528,10.752382,1
 A-05501-A,59.768813,0.0,0.0,1.0,1.0,0.6,59.768813,1
 A-05501-A,69.64854,0.0,0.0,1.0,1.0,0.6,69.64854,1
 A-05501-A,59.040615,0.0,0.0,1.0,1.0,0.6,59.040615,1
 A-05501-A,10.78362784,0.0,0.0,1.0,1.0,0.44313451136,10.78362784,1
 A-05501-A,11.69844366,0.0,0.0,1.0,1.0,0.44679377464000003,11.69844366,1
 A-05501-A,10.715147,0.0,0.0,1.0,1.0,0.442860588,10.715147,1
 A-05501-A,69.684628,0.0,0.0,1.0,1.0,0.6,69.684628,1
 A-05501-A,49.867134,0.0,0.0,1.0,1.0,0.599468536,49.867134,1
 A-05501-A,58.9563151836,0.0,0.0,1.0,1.0,0.6,58.9563151836,1
 A-05501-A,59.68260785,0.0,0.0,1.0,1.0,0.6,59.68260785,1
 A-05501-A,79.591568,0.0,0.0,1.0,1.0,0.6,79.591568,1
 A-05501-A,58.936256,0.0,0.0,1.0,1.0,0.6,58.936256,1
 A-05501-A,10.74958339,0.0,0.0,1.0,1.0,0.44299833356,10.74958339,1
 A-05501-A,69.64694,0.0,0.0,1.0,1.0,0.6,69.64694,1
 A-05501-A,62.0826823,0.0,0.0,1.0,1.0,0.6,62.0826823,1
 A-05501-A,21.528313,0.0,0.0,1.0,1.0,0.486113252,21.528313,1
 A-05501-A,10.57275,0.0,0.0,1.0,1.0,0.442291,10.57275,1
 A-05501-A,10.6912680553,0.0,0.0,1.0,1.0,0.44276507222120004,10.6912680553,1
 A-05501-A,58.993543557,0.0,0.0,1.0,1.0,0.6,58.993543557,1
 A-05501-A,10.708778,0.0,0.0,1.0,1.0,0.44283511200000003,10.708778,1
 A-05501-A,10.713025,0.0,0.0,1.0,1.0,0.44285209999999997,10.713025,1
 A-05501-A,10.763500807,0.0,0.0,1.0,1.0,0.443054003228,10.763500807,1
 A-05501-A,69.66944,0.0,0.0,1.0,1.0,0.6,69.66944,1
 A-05501-A,2.1422763,0.0,0.0,1.0,1.0,0.40856910519999995,2.1422763,1
 A-05501-A,69.701851,0.0,0.0,1.0,1.0,0.6,69.701851,1
 A-05501-A,70.105638087,0.0,0.0,1.0,1.0,0.6,70.105638087,1
 A-05501-A,0.026473746,0.0,0.0,1.0,1.0,0.400105894984,0.026473746,1
 A-05501-A,10.76892372,0.0,0.0,1.0,1.0,0.44307569488,10.76892372,1
 A-05501-A,69.63997729299999,0.0,0.0,1.0,1.0,0.6,69.63997729299999,1
 A-05501-A,70.7671,0.0,0.0,1.0,1.0,0.6,70.7671,1
 A-05501-A,11.909428845,0.0,0.0,1.0,1.0,0.44763771537999997,11.909428845,1
 A-05501-A,70.99830089,0.0,0.0,1.0,1.0,0.6,70.99830089,1
 A-05501-A,10.704007785,0.0,0.0,1.0,1.0,0.44281603114,10.704007785,1
 A-05501-A,59.428299773,0.0,0.0,1.0,1.0,0.6,59.428299773,1
 A-05501-A,69.777951,0.0,0.0,1.0,1.0,0.6,69.777951,1
 A-05501-A,69.790605848,0.0,0.0,1.0,1.0,0.6,69.790605848,1
 A-05501-A,10.59733666,0.0,0.0,1.0,1.0,0.44238934664,10.59733666,1
 A-05501-A,59.18329,0.0,0.0,1.0,1.0,0.6,59.18329,1
 A-05501-A,69.207338,0.0,0.0,1.0,1.0,0.6,69.207338,1
 A-05501-A,69.268440723,0.0,0.0,1.0,1.0,0.6,69.268440723,1
 A-05501-A,69.78625,0.0,0.0,1.0,1.0,0.6,69.78625,1
 A-05501-A,69.76069,0.0,0.0,1.0,1.0,0.6,69.76069,1
 A-05501-A,59.070976,0.0,0.0,1.0,1.0,0.6,59.070976,1
 A-05501-A,10.591597739,0.0,0.0,1.0,1.0,0.442366390956,10.591597739,1
 A-05501-A,28.275037,0.0,0.0,1.0,1.0,0.513100148,28.275037,1
 A-05501-A,69.86327,0.0,0.0,1.0,1.0,0.6,69.86327,1
 A-05501-A,69.42679691400001,0.0,0.0,1.0,1.0,0.6,69.42679691400001,1
 A-05501-A,10.765374906,0.0,0.0,1.0,1.0,0.443061499624,10.765374906,1
 A-05501-A,70.26491,0.0,0.0,1.0,1.0,0.6,70.26491,1
 A-05501-A,10.57241,0.0,0.0,1.0,1.0,0.44228964,10.57241,1
 A-05501-A,10.732305618,0.0,0.0,1.0,1.0,0.442929222472,10.732305618,1
 A-05501-A,69.29324618000001,0.0,0.0,1.0,1.0,0.6,69.29324618000001,1
 A-05501-A,10.708569,0.0,0.0,1.0,1.0,0.44283427599999997,10.708569,1
 A-05501-A,128.825318,0.0,0.0,1.0,1.0,0.6,128.825318,1
 A-05501-A,10.707465,0.0,0.0,1.0,1.0,0.44282985999999996,10.707465,1
 A-05501-A,69.07368,0.0,0.0,1.0,1.0,0.6,69.07368,1
 A-05501-A,33.797808246,0.0,0.0,1.0,1.0,0.5351912329840001,33.797808246,1
 A-05501-A,59.475636507,0.0,0.0,1.0,1.0,0.6,59.475636507,1
 A-05501-A,0.17565759,0.0,0.0,1.0,1.0,0.40070263036,0.17565759,1
 A-05501-A,58.49724,0.0,0.0,1.0,1.0,0.6,58.49724,1
 A-05501-A,78.98079,0.0,0.0,1.0,1.0,0.6,78.98079,1
 A-05501-A,4.5740956,0.0,0.0,1.0,1.0,0.4182963824,4.5740956,1
 A-05501-A,69.01278,0.0,0.0,1.0,1.0,0.6,69.01278,1
 A-05501-A,0.041154455,0.0,0.0,1.0,1.0,0.40016461781999996,0.041154455,1
 A-05501-A,68.658107097,0.0,0.0,1.0,1.0,0.6,68.658107097,1
 A-05501-A,0.841414435,0.0,0.0,1.0,1.0,0.40336565774000005,0.841414435,1
 A-05501-A,12.212033546,0.0,0.0,1.0,1.0,0.448848134184,12.212033546,1
 A-05501-A,69.30415,0.0,0.0,1.0,1.0,0.6,69.30415,1
 A-05501-A,69.241766292,0.0,0.0,1.0,1.0,0.6,69.241766292,1
 A-05501-A,20.781317,0.0,0.0,1.0,1.0,0.48312526800000005,20.781317,1
 A-05501-A,10.708066218,0.0,0.0,1.0,1.0,0.442832264872,10.708066218,1
 A-05501-A,69.21431,0.0,0.0,1.0,1.0,0.6,69.21431,1
 A-05501-A,10.723849363,0.0,0.0,1.0,1.0,0.44289539745199996,10.723849363,1
 A-05501-A,127.86929101,0.0,0.0,1.0,1.0,0.6,127.86929101,1
 A-05501-A,10.703839,0.0,0.0,1.0,1.0,0.442815356,10.703839,1
 A-05501-A,92.91046140000002,0.0,0.0,1.0,1.0,0.6,92.91046140000002,1
 A-05501-A,0.7732393,0.0,0.0,1.0,1.0,0.4030929572,0.7732393,1
 A-05501-A,24609.7052315876,0.0,0.5655372585984344,1.0,0.09562893898376773,0.8939816639229333,24609.7052315876,1
A-05355-A,60.1213170405,0.0,0.0,1.0,1.0,0.6,60.1213170405,1
A-05355-A,121.050468202,0.0,0.0,1.0,1.0,0.6,121.050468202,1
A-05355-A,36.8470924,0.0,0.0,1.0,1.0,0.5473883695999999,36.8470924,1
A-05355-A,126.927968,0.0,0.0,1.0,1.0,0.6,126.927968,1
A-05355-A,137.9893484,0.0,0.0,1.0,1.0,0.6,137.9893484,1
A-05355-A,156.590923608,0.0,0.0,1.0,1.0,0.6,156.590923608,1
A-05355-A,47.365745967,0.0,0.0,1.0,1.0,0.589462983868,47.365745967,1
A-05355-A,0.0,0.0,0.0,1.0,1.0,0.4,0.0,1
A-05355-A,0.037207916,0.0,0.0,1.0,1.0,0.40014883166399995,0.037207916,1
A-05355-A,0.0,0.0,0.0,1.0,1.0,0.4,0.0,1
A-05355-A,0.0,0.0,0.0,1.0,1.0,0.4,0.0,1
A-05355-A,0.067339145,0.0,0.0,1.0,1.0,0.40026935657999996,0.067339145,1
A-05355-A,0.031320713,0.0,0.0,1.0,1.0,0.400125282852,0.031320713,1
A-05355-A,10.72241,0.0,0.0,1.0,1.0,0.44288964000000003,10.72241,1
A-05355-A,27.40989482,0.0,0.0,1.0,1.0,0.50963957928,27.40989482,1
A-05355-A,5.419157,0.0,0.0,1.0,1.0,0.421676628,5.419157,1
A-05355-A,1.0233285584999998,0.0,0.0,1.0,1.0,0.404093314234,1.0233285584999998,1
A-05355-A,16.112609721,0.0,0.0,1.0,1.0,0.46445043888399995,16.112609721,1
A-05355-A,60.587883594,0.0,0.0,1.0,1.0,0.6,60.587883594,1
A-05355-A,132.9109264672,0.0,0.0,1.0,1.0,0.6,132.9109264672,1
A-05355-A,179.584513,0.0,0.0,1.0,1.0,0.6,179.584513,1
A-05355-A,215.2108472,0.0,0.0,1.0,1.0,0.6,215.2108472,1
A-05355-A,77.0506520948,0.0,0.0,1.0,1.0,0.6,77.0506520948,1
A-05355-A,209.792955594,0.0,0.0,1.0,1.0,0.6,209.792955594,1
A-05355-A,20.307749,0.0,0.0,1.0,1.0,0.481230996,20.307749,1
A-05355-A,44.04203966668,0.0,0.0,1.0,1.0,0.57616815866672,44.04203966668,1
A-05355-A,62.51723015546,0.0,0.0,1.0,1.0,0.6,62.51723015546,1
A-05355-A,180.43955782046,0.0,0.0,1.0,1.0,0.6,180.43955782046,1
A-05355-A,102.736181025,0.0,0.0,1.0,1.0,0.6,102.736181025,1
A-05355-A,40.970428333,0.0,0.0,1.0,1.0,0.563881713332,40.970428333,1
A-05355-A,129.8121077,0.0,0.0,1.0,1.0,0.6,129.8121077,1
A-05355-A,78.723324782,0.0,0.0,1.0,1.0,0.6,78.723324782,1
A-05355-A,263.18803812997,0.0,0.0,1.0,1.0,0.6,263.18803812997,1
A-05355-A,170.189309285,0.0,0.0,1.0,1.0,0.6,170.189309285,1
A-05355-A,133.427133473,0.0,0.0,1.0,1.0,0.6,133.427133473,1
A-05355-A,83.177235895,0.0,0.0,1.0,1.0,0.6,83.177235895,1
A-05355-A,141.86749751,0.0,0.0,1.0,1.0,0.6,141.86749751,1
A-05355-A,2.2436240740000004,0.0,0.0,1.0,1.0,0.408974496296,2.2436240740000004,1
A-05355-A,155.491144021,0.0,0.0,1.0,1.0,0.6,155.491144021,1
A-05355-A,146.2953590477,0.0,0.0,1.0,1.0,0.6,146.2953590477,1
A-05355-A,6.4125314,0.0,0.0,1.0,1.0,0.4256501256,6.4125314,1
A-05355-A,92.93044648525,0.0,0.0,1.0,1.0,0.6,92.93044648525,1
A-05355-A,82.26519926846,0.0,0.0,1.0,1.0,0.6,82.26519926846,1
A-05355-A,222.197985343,0.0,0.0,1.0,1.0,0.6,222.197985343,1
A-05355-A,84.7624308,0.0,0.0,1.0,1.0,0.6,84.7624308,1
A-05355-A,89.9009121855,0.0,0.0,1.0,1.0,0.6,89.9009121855,1
A-05355-A,134.2017049897,0.0,0.0,1.0,1.0,0.6,134.2017049897,1
A-05355-A,45.29155464,0.0,0.0,1.0,1.0,0.5811662185600001,45.29155464,1
A-05355-A,239.864925648,0.0,0.0,1.0,1.0,0.6,239.864925648,1
A-05355-A,102.41376268,0.0,0.0,1.0,1.0,0.6,102.41376268,1
A-05355-A,73.87277717562,0.0,0.0,1.0,1.0,0.6,73.87277717562,1
A-05355-A,255.884522178,0.0,0.0,1.0,1.0,0.6,255.884522178,1
A-05355-A,236.68770380976,0.0,0.0,1.0,1.0,0.6,236.68770380976,1
A-05355-A,153.469001,0.0,0.0,1.0,1.0,0.6,153.469001,1
A-05355-A,78.03191768889,0.0,0.0,1.0,1.0,0.6,78.03191768889,1
A-05355-A,61.3529373489,0.0,0.0,1.0,1.0,0.6,61.3529373489,1
A-05355-A,135.962169,0.0,0.0,1.0,1.0,0.6,135.962169,1
A-05355-A,181.6806922738,0.0,0.0,1.0,1.0,0.6,181.6806922738,1
A-05355-A,110.9200228285,0.0,0.0,1.0,1.0,0.6,110.9200228285,1
A-05355-A,46.033462400000005,0.0,0.0,1.0,1.0,0.5841338496,46.033462400000005,1
A-05355-A,147.83575566,0.0,0.0,1.0,1.0,0.6,147.83575566,1
A-05355-A,275.469270333,0.0,0.0,1.0,1.0,0.6,275.469270333,1
A-05355-A,105.7601691461,0.0,0.0,1.0,1.0,0.6,105.7601691461,1
A-05355-A,62.2717130887,0.0,0.0,1.0,1.0,0.6,62.2717130887,1
A-05355-A,99.73628774,0.0,0.0,1.0,1.0,0.6,99.73628774,1
A-05355-A,98.60433194446,0.0,0.0,1.0,1.0,0.6,98.60433194446,1
A-05355-A,84.315978444,0.0,0.0,1.0,1.0,0.6,84.315978444,1
A-05355-A,239.2350963052,0.0,0.0,1.0,1.0,0.6,239.2350963052,1
A-05355-A,140.37381244446,0.0,0.0,1.0,1.0,0.6,140.37381244446,1
A-05355-A,119.9183010575,0.0,0.0,1.0,1.0,0.6,119.9183010575,1
A-05355-A,153.219840155,0.0,0.0,1.0,1.0,0.6,153.219840155,1
A-05355-A,352.17434692796,0.0,0.0,1.0,1.0,0.6,352.17434692796,1
A-05355-A,132.06109918888998,0.0,0.0,1.0,1.0,0.6,132.06109918888998,1
A-05355-A,129.199943781,0.0,0.0,1.0,1.0,0.6,129.199943781,1
A-05355-A,230.37085614446,0.0,0.0,1.0,1.0,0.6,230.37085614446,1
A-05355-A,56.446452779,0.0,0.0,1.0,1.0,0.6,56.446452779,1
A-05355-A,83.28164179000001,0.0,0.0,1.0,1.0,0.6,83.28164179000001,1
A-05355-A,83.76591957,0.0,0.0,1.0,1.0,0.6,83.76591957,1
A-05355-A,76.91057660735,0.0,0.0,1.0,1.0,0.6,76.91057660735,1
A-05355-A,154.8999943807,0.0,0.0,1.0,1.0,0.6,154.8999943807,1
A-05355-A,126.583215672,0.0,0.0,1.0,1.0,0.6,126.583215672,1
A-05355-A,209.789972109,0.0,0.0,1.0,1.0,0.6,209.789972109,1
A-05355-A,344.97804621800003,0.0,0.0,1.0,1.0,0.6,344.97804621800003,1
A-05355-A,173.17171362046,0.0,0.0,1.0,1.0,0.6,173.17171362046,1
A-05355-A,121.80709747896,0.0,0.0,1.0,1.0,0.6,121.80709747896,1
A-05355-A,165.287799048,0.0,0.0,1.0,1.0,0.6,165.287799048,1
A-05355-A,142.865661472,0.0,0.0,1.0,1.0,0.6,142.865661472,1
A-05355-A,45.4338265497,0.0,0.0,1.0,1.0,0.5817353061988,45.4338265497,1
A-05355-A,65.715106259,0.0,0.0,1.0,1.0,0.6,65.715106259,1
A-05355-A,177.01977801141,0.0,0.0,1.0,1.0,0.6,177.01977801141,1
A-05355-A,305.60705640000003,0.0,0.0,1.0,1.0,0.6,305.60705640000003,1
A-05355-A,120.1794997,0.0,0.0,1.0,1.0,0.6,120.1794997,1
A-05355-A,8884.2124804725,0.0,0.6641820231756894,1.0,0.1360204728629392,0.90563231006255,8884.2124804725,1
A-05502-A,62.6310526495,0.0,0.0,1.0,1.0,0.6,62.6310526495,1
A-05502-A,45.486633,0.0,0.0,1.0,1.0,0.581946532,45.486633,1
A-05502-A,1.19346795,0.0,0.0,1.0,1.0,0.40477387179999996,1.19346795,1
A-05502-A,133.11680239999998,0.0,0.0,1.0,1.0,0.6,133.11680239999998,1
A-05502-A,0.6686307,0.0,0.0,1.0,1.0,0.40267452279999993,0.6686307,1
A-05502-A,0.025833333,0.0,0.0,1.0,1.0,0.40010333333200004,0.025833333,1
A-05502-A,0.012252999,0.0,0.0,1.0,1.0,0.400049011996,0.012252999,1
A-05502-A,108.07365,0.0,0.0,1.0,1.0,0.6,108.07365,1
A-05502-A,11.922464000000002,0.0,0.0,1.0,1.0,0.44768985600000005,11.922464000000002,1
A-05502-A,44.02741542,0.0,0.0,1.0,1.0,0.57610966168,44.02741542,1
A-05502-A,45.489723,0.0,0.0,1.0,1.0,0.5819588920000001,45.489723,1
A-05502-A,116.97728,0.0,0.0,1.0,1.0,0.6,116.97728,1
A-05502-A,160.42425,0.0,0.0,1.0,1.0,0.6,160.42425,1
A-05502-A,0.65384096,0.0,0.0,1.0,1.0,0.40261536384,0.65384096,1
A-05502-A,117.5050903,0.0,0.0,1.0,1.0,0.6,117.5050903,1
A-05502-A,117.54981474,0.0,0.0,1.0,1.0,0.6,117.54981474,1
A-05502-A,12.0577668,0.0,0.0,1.0,1.0,0.44823106720000006,12.0577668,1
A-05502-A,90.76659,0.0,0.0,1.0,1.0,0.6,90.76659,1
A-05502-A,40.78651,0.0,0.0,1.0,1.0,0.56314604,40.78651,1
A-05502-A,95.0343637,0.0,0.0,1.0,1.0,0.6,95.0343637,1
A-05502-A,129.265966,0.0,0.0,1.0,1.0,0.6,129.265966,1
A-05502-A,116.88111,0.0,0.0,1.0,1.0,0.6,116.88111,1
A-05502-A,0.61728835,0.0,0.0,1.0,1.0,0.40246915340000006,0.61728835,1
A-05502-A,11.747168,0.0,0.0,1.0,1.0,0.446988672,11.747168,1
A-05502-A,163.60405,0.0,0.0,1.0,1.0,0.6,163.60405,1
A-05502-A,116.63202,0.0,0.0,1.0,1.0,0.6,116.63202,1
A-05502-A,116.49542,0.0,0.0,1.0,1.0,0.6,116.49542,1
A-05502-A,117.56075595,0.0,0.0,1.0,1.0,0.6,117.56075595,1
A-05502-A,0.66920537,0.0,0.0,1.0,1.0,0.40267682148000006,0.66920537,1
A-05502-A,0.5434583,0.0,0.0,1.0,1.0,0.4021738332,0.5434583,1
A-05502-A,0.24348046,0.0,0.0,1.0,1.0,0.40097392184,0.24348046,1
A-05502-A,116.72693,0.0,0.0,1.0,1.0,0.6,116.72693,1
A-05502-A,0.7136284,0.0,0.0,1.0,1.0,0.4028545136,0.7136284,1
A-05502-A,0.0363732717,0.0,0.0,1.0,1.0,0.40014549308680003,0.0363732717,1
A-05502-A,48.344185,0.0,0.0,1.0,1.0,0.59337674,48.344185,1
A-05502-A,43.75861,0.0,0.0,1.0,1.0,0.5750344399999999,43.75861,1
A-05502-A,117.009964,0.0,0.0,1.0,1.0,0.6,117.009964,1
A-05502-A,0.5170702,0.0,0.0,1.0,1.0,0.4020682808,0.5170702,1
A-05502-A,0.9225733,0.0,0.0,1.0,1.0,0.40369029320000005,0.9225733,1
A-05502-A,117.5784351,0.0,0.0,1.0,1.0,0.6,117.5784351,1
A-05502-A,1.565949,0.0,0.0,1.0,1.0,0.406263796,1.565949,1
A-05502-A,93.4131242,0.0,0.0,1.0,1.0,0.6,93.4131242,1
A-05502-A,0.6681225,0.0,0.0,1.0,1.0,0.40267248999999994,0.6681225,1
A-05502-A,0.69536877,0.0,0.0,1.0,1.0,0.40278147508,0.69536877,1
A-05502-A,159.87840599999998,0.0,0.0,1.0,1.0,0.6,159.87840599999998,1
A-05502-A,6.4978607,0.0,0.0,1.0,1.0,0.4259914428,6.4978607,1
A-05502-A,7.216137,0.0,0.0,1.0,1.0,0.42886454799999996,7.216137,1
A-05502-A,0.627845,0.0,0.0,1.0,1.0,0.40251138,0.627845,1
A-05502-A,162.153819,0.0,0.0,1.0,1.0,0.6,162.153819,1
A-05502-A,46.38022001,0.0,0.0,1.0,1.0,0.58552088004,46.38022001,1
A-05502-A,45.47457894,0.0,0.0,1.0,1.0,0.58189831576,45.47457894,1
A-05502-A,23.4290571,0.0,0.0,1.0,1.0,0.4937162284,23.4290571,1
A-05502-A,88.81194,0.0,0.0,1.0,1.0,0.6,88.81194,1
A-05502-A,128.773227,0.0,0.0,1.0,1.0,0.6,128.773227,1
A-05502-A,0.7159446,0.0,0.0,1.0,1.0,0.4028637784,0.7159446,1
A-05502-A,50.6342,0.0,0.0,1.0,1.0,0.6,50.6342,1
A-05502-A,0.6724015,0.0,0.0,1.0,1.0,0.40268960600000003,0.6724015,1
A-05502-A,117.9433214,0.0,0.0,1.0,1.0,0.6,117.9433214,1
A-05502-A,116.064705,0.0,0.0,1.0,1.0,0.6,116.064705,1
A-05502-A,89.54675,0.0,0.0,1.0,1.0,0.6,89.54675,1
A-05502-A,1.1022514,0.0,0.0,1.0,1.0,0.4044090056,1.1022514,1
A-05502-A,116.7329,0.0,0.0,1.0,1.0,0.6,116.7329,1
A-05502-A,104.5796687,0.0,0.0,1.0,1.0,0.6,104.5796687,1
A-05502-A,0.6125404,0.0,0.0,1.0,1.0,0.4024501616,0.6125404,1
A-05502-A,46.670643,0.0,0.0,1.0,1.0,0.586682572,46.670643,1
A-05502-A,86.79149464400001,0.0,0.0,1.0,1.0,0.6,86.79149464400001,1
A-05502-A,3.322987063,0.0,0.0,1.0,1.0,0.413291948252,3.322987063,1
A-05502-A,62.0143175,0.0,0.0,1.0,1.0,0.6,62.0143175,1
A-05502-A,0.6786446,0.0,0.0,1.0,1.0,0.4027145784,0.6786446,1
A-05502-A,1.21790311,0.0,0.0,1.0,1.0,0.40487161244000003,1.21790311,1
A-05502-A,5.989011039999999,0.0,0.0,1.0,1.0,0.42395604416,5.989011039999999,1
A-05502-A,0.67032063,0.0,0.0,1.0,1.0,0.40268128252,0.67032063,1
A-05502-A,27346.6644401183,0.0,0.4433756915710948,1.0,0.1781104705984465,0.8530530441945297,27346.6644401183,1
A-05503-A,0.011256905,0.0,1.0,1.0,1.0,0.60004502762,0.011256905,1
A-05503-A,11.19995,0.0,1.0,1.0,1.0,0.6447998,11.19995,1
A-05503-A,55.080614,0.0,1.0,1.0,1.0,0.8,55.080614,1
A-05503-A,91.537844,0.0,1.0,1.0,1.0,0.8,91.537844,1
A-05503-A,29.58405463,0.0,1.0,1.0,1.0,0.71833621852,29.58405463,1
A-05503-A,11.193145,0.0,1.0,1.0,1.0,0.6447725799999999,11.193145,1
A-05503-A,11.178598,0.0,1.0,1.0,1.0,0.644714392,11.178598,1
A-05503-A,22.030813,0.0,1.0,1.0,1.0,0.688123252,22.030813,1
A-05503-A,10.486364,0.0,1.0,1.0,1.0,0.641945456,10.486364,1
A-05503-A,11.13643,0.0,1.0,1.0,1.0,0.64454572,11.13643,1
A-05503-A,27.933708698,0.0,1.0,1.0,1.0,0.7117348347920001,27.933708698,1
A-05503-A,140.32754221599998,0.0,1.0,1.0,1.0,0.8,140.32754221599998,1
A-05503-A,26.684639,0.0,1.0,1.0,1.0,0.706738556,26.684639,1
A-05503-A,31.72011,0.0,1.0,1.0,1.0,0.72688044,31.72011,1
A-05503-A,26.669905,0.0,1.0,1.0,1.0,0.70667962,26.669905,1
A-05503-A,26.687403,0.0,1.0,1.0,1.0,0.706749612,26.687403,1
A-05503-A,10.500264706,0.0,1.0,1.0,1.0,0.642001058824,10.500264706,1
A-05503-A,26.71933,0.0,1.0,1.0,1.0,0.70687732,26.71933,1
A-05503-A,26.674864,0.0,1.0,1.0,1.0,0.706699456,26.674864,1
A-05503-A,26.675528,0.0,1.0,1.0,1.0,0.706702112,26.675528,1
A-05503-A,49.504555,0.0,1.0,1.0,1.0,0.79801822,49.504555,1
A-05503-A,11.1525345,0.0,1.0,1.0,1.0,0.644610138,11.1525345,1
A-05503-A,10.515636498,0.0,1.0,1.0,1.0,0.642062545992,10.515636498,1
A-05503-A,11.098832,0.0,1.0,1.0,1.0,0.6443953280000001,11.098832,1
A-05503-A,31.690224,0.0,1.0,1.0,1.0,0.726760896,31.690224,1
A-05503-A,49.517827,0.0,1.0,1.0,1.0,0.798071308,49.517827,1
A-05503-A,87.305400544,0.0,1.0,1.0,1.0,0.8,87.305400544,1
A-05503-A,87.173238,0.0,1.0,1.0,1.0,0.8,87.173238,1
A-05503-A,48.91719214,0.0,1.0,1.0,1.0,0.79566876856,48.91719214,1
A-05503-A,11.166896,0.0,1.0,1.0,1.0,0.644667584,11.166896,1
A-05503-A,163.341114,0.0,1.0,1.0,1.0,0.8,163.341114,1
A-05503-A,87.215271,0.0,1.0,1.0,1.0,0.8,87.215271,1
A-05503-A,11.172466,0.0,1.0,1.0,1.0,0.6446898640000001,11.172466,1
A-05503-A,42.6195032,0.0,1.0,1.0,1.0,0.7704780128,42.6195032,1
A-05503-A,12.058446361,0.0,1.0,1.0,1.0,0.648233785444,12.058446361,1
A-05503-A,10.467343,0.0,1.0,1.0,1.0,0.641869372,10.467343,1
A-05503-A,31.706526,0.0,1.0,1.0,1.0,0.726826104,31.706526,1
A-05503-A,11.189928,0.0,1.0,1.0,1.0,0.644759712,11.189928,1
A-05503-A,11.183775,0.0,1.0,1.0,1.0,0.6447351,11.183775,1
A-05503-A,87.3290485,0.0,1.0,1.0,1.0,0.8,87.3290485,1
A-05503-A,9.780591,0.0,1.0,1.0,1.0,0.639122364,9.780591,1
A-05503-A,87.443263462,0.0,1.0,1.0,1.0,0.8,87.443263462,1
A-05503-A,48.195663,0.0,1.0,1.0,1.0,0.792782652,48.195663,1
A-05503-A,11.162028,0.0,1.0,1.0,1.0,0.6446481119999999,11.162028,1
A-05503-A,26.66238,0.0,1.0,1.0,1.0,0.70664952,26.66238,1
A-05503-A,26.661034,0.0,1.0,1.0,1.0,0.706644136,26.661034,1
A-05503-A,105.28469,0.0,1.0,1.0,1.0,0.8,105.28469,1
A-05503-A,37.860033,0.0,1.0,1.0,1.0,0.751440132,37.860033,1
A-05503-A,30.201141,0.0,1.0,1.0,1.0,0.720804564,30.201141,1
A-05503-A,10.461303,0.0,1.0,1.0,1.0,0.641845212,10.461303,1
A-05503-A,41.516163,0.0,1.0,1.0,1.0,0.7660646520000001,41.516163,1
A-05503-A,49.324455,0.0,1.0,1.0,1.0,0.79729782,49.324455,1
A-05503-A,12.2715841,0.0,1.0,1.0,1.0,0.6490863364,12.2715841,1
A-05503-A,11.109008,0.0,1.0,1.0,1.0,0.644436032,11.109008,1
A-05503-A,11.174298,0.0,1.0,1.0,1.0,0.644697192,11.174298,1
A-05503-A,10.454508,0.0,1.0,1.0,1.0,0.641818032,10.454508,1
A-05503-A,12.0209987,0.0,1.0,1.0,1.0,0.6480839948,12.0209987,1
A-05503-A,22.035086,0.0,1.0,1.0,1.0,0.688140344,22.035086,1
A-05503-A,46.127083,0.0,1.0,1.0,1.0,0.7845083319999999,46.127083,1
A-05503-A,11.099849,0.0,1.0,1.0,1.0,0.6443993960000001,11.099849,1
A-05503-A,11.1674185,0.0,1.0,1.0,1.0,0.644669674,11.1674185,1
A-05503-A,41.466232,0.0,1.0,1.0,1.0,0.765864928,41.466232,1
A-05503-A,10.456656,0.0,1.0,1.0,1.0,0.6418266239999999,10.456656,1
A-05503-A,87.113609,0.0,1.0,1.0,1.0,0.8,87.113609,1
A-05503-A,11.172396,0.0,1.0,1.0,1.0,0.644689584,11.172396,1
A-05503-A,11.416552585,0.0,1.0,1.0,1.0,0.64566621034,11.416552585,1
A-05503-A,11.21484564,0.0,1.0,1.0,1.0,0.64485938256,11.21484564,1
A-05503-A,125.523062,0.0,1.0,1.0,1.0,0.8,125.523062,1
A-05503-A,31.701574,0.0,1.0,1.0,1.0,0.726806296,31.701574,1
A-05503-A,10.46442,0.0,1.0,1.0,1.0,0.64185768,10.46442,1
A-05503-A,11.205505,0.0,1.0,1.0,1.0,0.64482202,11.205505,1
A-05503-A,11.212549,0.0,1.0,1.0,1.0,0.6448501959999999,11.212549,1
A-05503-A,11.176888,0.0,1.0,1.0,1.0,0.6447075520000001,11.176888,1
A-05503-A,10.460427,0.0,1.0,1.0,1.0,0.6418417080000001,10.460427,1
A-05503-A,37.626583,0.0,1.0,1.0,1.0,0.7505063319999999,37.626583,1
A-05503-A,16.389029,0.0,1.0,1.0,1.0,0.665556116,16.389029,1
A-05503-A,30.21188,0.0,1.0,1.0,1.0,0.7208475200000001,30.21188,1
A-05503-A,26.72785415,0.0,1.0,1.0,1.0,0.7069114166,26.72785415,1
A-05503-A,26.672453,0.0,1.0,1.0,1.0,0.706689812,26.672453,1
A-05503-A,26.709551926000003,0.0,1.0,1.0,1.0,0.706838207704,26.709551926000003,1
A-05503-A,11.172104,0.0,1.0,1.0,1.0,0.6446884159999999,11.172104,1
A-05503-A,64.669411,0.0,1.0,1.0,1.0,0.8,64.669411,1
A-05503-A,26.701899,0.0,1.0,1.0,1.0,0.706807596,26.701899,1
A-05503-A,24.342072681,0.0,1.0,1.0,1.0,0.6973682907240001,24.342072681,1
A-05503-A,26.663355,0.0,1.0,1.0,1.0,0.70665342,26.663355,1
A-05503-A,11.142953,0.0,1.0,1.0,1.0,0.644571812,11.142953,1
A-05503-A,97.565549,0.0,1.0,1.0,1.0,0.8,97.565549,1
A-05503-A,31.689837,0.0,1.0,1.0,1.0,0.7267593480000001,31.689837,1
A-05503-A,11.121476,0.0,1.0,1.0,1.0,0.6444859039999999,11.121476,1
A-05503-A,11.121095,0.0,1.0,1.0,1.0,0.64448438,11.121095,1
A-05503-A,11.129893,0.0,1.0,1.0,1.0,0.644519572,11.129893,1
A-05503-A,11.140142,0.0,1.0,1.0,1.0,0.644560568,11.140142,1
A-05503-A,10.507464653,0.0,1.0,1.0,1.0,0.6420298586119999,10.507464653,1
A-05503-A,11.24256,0.0,1.0,1.0,1.0,0.6449702399999999,11.24256,1
A-05503-A,11.171776074,0.0,1.0,1.0,1.0,0.644687104296,11.171776074,1
A-05503-A,11.109372,0.0,1.0,1.0,1.0,0.644437488,11.109372,1
A-05503-A,41.115734,0.0,1.0,1.0,1.0,0.7644629359999999,41.115734,1
A-05503-A,22.39192658,0.0,1.0,1.0,1.0,0.68956770632,22.39192658,1
A-05503-A,0.5316877,0.0,1.0,1.0,1.0,0.6021267508,0.5316877,1
A-05503-A,31.715075,0.0,1.0,1.0,1.0,0.7268603,31.715075,1
A-05503-A,10.46673,0.0,1.0,1.0,1.0,0.64186692,10.46673,1
A-05503-A,11.173645,0.0,1.0,1.0,1.0,0.64469458,11.173645,1
A-05503-A,87.63547,0.0,1.0,1.0,1.0,0.8,87.63547,1
A-05503-A,71.306814,0.0,1.0,1.0,1.0,0.8,71.306814,1
A-05503-A,11.17633,0.0,1.0,1.0,1.0,0.64470532,11.17633,1
A-05503-A,86.880025,0.0,1.0,1.0,1.0,0.8,86.880025,1
A-05503-A,10.525979,0.0,1.0,1.0,1.0,0.6421039159999999,10.525979,1
A-05503-A,49.125966,0.0,1.0,1.0,1.0,0.796503864,49.125966,1
A-05503-A,26766.2119731451,0.0,1.0,1.0,0.0871483638135919,0.9825703272372817,26766.2119731451,1
A-05504-A,0.29119083,0.0,0.0,1.0,1.0,0.40116476332,0.29119083,1
A-05504-A,59.034900647,0.0,0.0,1.0,1.0,0.6,59.034900647,1
A-05504-A,7.264864,0.0,0.0,1.0,1.0,0.42905945600000006,7.264864,1
A-05504-A,59.002506576,0.0,0.0,1.0,1.0,0.6,59.002506576,1
A-05504-A,0.016323507,0.0,0.0,1.0,1.0,0.400065294028,0.016323507,1
A-05504-A,2.430915868,0.0,0.0,1.0,1.0,0.40972366347199995,2.430915868,1
A-05504-A,59.048883528000005,0.0,0.0,1.0,1.0,0.6,59.048883528000005,1
A-05504-A,59.386295092000005,0.0,0.0,1.0,1.0,0.6,59.386295092000005,1
A-05504-A,59.003777,0.0,0.0,1.0,1.0,0.6,59.003777,1
A-05504-A,58.998208668,0.0,0.0,1.0,1.0,0.6,58.998208668,1
A-05504-A,66.98611537000001,0.0,0.0,1.0,1.0,0.6,66.98611537000001,1
A-05504-A,11.104754348,0.0,0.0,1.0,1.0,0.444419017392,11.104754348,1
A-05504-A,59.0440278805,0.0,0.0,1.0,1.0,0.6,59.0440278805,1
A-05504-A,59.058177655,0.0,0.0,1.0,1.0,0.6,59.058177655,1
A-05504-A,0.012402998,0.0,0.0,1.0,1.0,0.400049611992,0.012402998,1
A-05504-A,15.310214682,0.0,0.0,1.0,1.0,0.461240858728,15.310214682,1
A-05504-A,59.85552503,0.0,0.0,1.0,1.0,0.6,59.85552503,1
A-05504-A,59.05916747,0.0,0.0,1.0,1.0,0.6,59.05916747,1
A-05504-A,0.026356743,0.0,0.0,1.0,1.0,0.400105426972,0.026356743,1
A-05504-A,1.306892,0.0,0.0,1.0,1.0,0.40522756800000004,1.306892,1
A-05504-A,78.587365013,0.0,0.0,1.0,1.0,0.6,78.587365013,1
A-05504-A,63.530368861,0.0,0.0,1.0,1.0,0.6,63.530368861,1
A-05504-A,1.233633105,0.0,0.0,1.0,1.0,0.40493453242,1.233633105,1
A-05504-A,5.016000449,0.0,0.0,1.0,1.0,0.42006400179599995,5.016000449,1
A-05504-A,61.060272383,0.0,0.0,1.0,1.0,0.6,61.060272383,1
A-05504-A,59.304374875,0.0,0.0,1.0,1.0,0.6,59.304374875,1
A-05504-A,0.01138945,0.0,0.0,1.0,1.0,0.40004555780000006,0.01138945,1
A-05504-A,59.049267,0.0,0.0,1.0,1.0,0.6,59.049267,1
A-05504-A,59.601118557,0.0,0.0,1.0,1.0,0.6,59.601118557,1
A-05504-A,9.9589533395,0.0,0.0,1.0,1.0,0.43983581335800004,9.9589533395,1
A-05504-A,0.0139162475,0.0,0.0,1.0,1.0,0.40005566499,0.0139162475,1
A-05504-A,117.512156627,0.0,0.0,1.0,1.0,0.6,117.512156627,1
A-05504-A,50.55191191,0.0,0.0,1.0,1.0,0.6,50.55191191,1
A-05504-A,0.08027907,0.0,0.0,1.0,1.0,0.40032111627999994,0.08027907,1
A-05504-A,58.984262785,0.0,0.0,1.0,1.0,0.6,58.984262785,1
A-05504-A,59.055762820000005,0.0,0.0,1.0,1.0,0.6,59.055762820000005,1
A-05504-A,49.25677202,0.0,0.0,1.0,1.0,0.59702708808,49.25677202,1
A-05504-A,59.049004,0.0,0.0,1.0,1.0,0.6,59.049004,1
A-05504-A,118.24925746,0.0,0.0,1.0,1.0,0.6,118.24925746,1
A-05504-A,117.571179939,0.0,0.0,1.0,1.0,0.6,117.571179939,1
A-05504-A,51.978536817,0.0,0.0,1.0,1.0,0.6,51.978536817,1
A-05504-A,0.010709813,0.0,0.0,1.0,1.0,0.400042839252,0.010709813,1
A-05504-A,71.322609693,0.0,0.0,1.0,1.0,0.6,71.322609693,1
A-05504-A,0.08586899,0.0,0.0,1.0,1.0,0.40034347596000003,0.08586899,1
A-05504-A,53.922621150000005,0.0,0.0,1.0,1.0,0.6,53.922621150000005,1
A-05504-A,61.09759869999999,0.0,0.0,1.0,1.0,0.6,61.09759869999999,1
A-05504-A,0.010771459,0.0,0.0,1.0,1.0,0.40004308583599996,0.010771459,1
A-05504-A,59.94363688,0.0,0.0,1.0,1.0,0.6,59.94363688,1
A-05504-A,0.063758821,0.0,0.0,1.0,1.0,0.400255035284,0.063758821,1
A-05504-A,2.773606889,0.0,0.0,1.0,1.0,0.41109442755599995,2.773606889,1
A-05504-A,0.015668897,0.0,0.0,1.0,1.0,0.400062675588,0.015668897,1
A-05504-A,0.954443227,0.0,0.0,1.0,1.0,0.40381777290800003,0.954443227,1
A-05504-A,59.0785880567,0.0,0.0,1.0,1.0,0.6,59.0785880567,1
A-05504-A,0.090143692,0.0,0.0,1.0,1.0,0.400360574768,0.090143692,1
A-05504-A,0.703670315,0.0,0.0,1.0,1.0,0.40281468126000003,0.703670315,1
A-05504-A,2.730574989,0.0,0.0,1.0,1.0,0.410922299956,2.730574989,1
A-05504-A,0.091374764,0.0,0.0,1.0,1.0,0.40036549905599994,0.091374764,1
A-05504-A,334.274184348,0.0,0.0,1.0,1.0,0.6,334.274184348,1
A-05504-A,0.034264451,0.0,0.0,1.0,1.0,0.40013705780399994,0.034264451,1
A-05504-A,11.24743384,0.0,0.0,1.0,1.0,0.44498973535999997,11.24743384,1
A-05504-A,0.011587698,0.0,0.0,1.0,1.0,0.400046350792,0.011587698,1
A-05504-A,120.572521962,0.0,0.0,1.0,1.0,0.6,120.572521962,1
A-05504-A,0.3938015736,0.0,0.0,1.0,1.0,0.4015752062944,0.3938015736,1
A-05504-A,21.99889,0.0,0.0,1.0,1.0,0.48799556,21.99889,1
A-05504-A,0.085921954,0.0,0.0,1.0,1.0,0.40034368781600005,0.085921954,1
A-05504-A,104.666248598,0.0,0.0,1.0,1.0,0.6,104.666248598,1
A-05504-A,0.0102349045,0.0,0.0,1.0,1.0,0.400040939618,0.0102349045,1
A-05504-A,59.324902344,0.0,0.0,1.0,1.0,0.6,59.324902344,1
A-05504-A,0.078139946,0.0,0.0,1.0,1.0,0.40031255978400004,0.078139946,1
A-05504-A,108.13028,0.0,0.0,1.0,1.0,0.6,108.13028,1
A-05504-A,59.108419096,0.0,0.0,1.0,1.0,0.6,59.108419096,1
A-05504-A,10.465903474,0.0,0.0,1.0,1.0,0.44186361389600004,10.465903474,1
A-05504-A,49.003955363,0.0,0.0,1.0,1.0,0.5960158214519999,49.003955363,1
A-05504-A,64.076894,0.0,0.0,1.0,1.0,0.6,64.076894,1
A-05504-A,60.671403941,0.0,0.0,1.0,1.0,0.6,60.671403941,1
A-05504-A,3.08186446,0.0,0.0,1.0,1.0,0.41232745784,3.08186446,1
A-05504-A,0.0239786985,0.0,0.0,1.0,1.0,0.400095914794,0.0239786985,1
A-05504-A,369.279330684,0.0,0.0,1.0,1.0,0.6,369.279330684,1
A-05504-A,58.467468316,0.0,0.0,1.0,1.0,0.6,58.467468316,1
A-05504-A,54.376717,0.0,0.0,1.0,1.0,0.6,54.376717,1
A-05504-A,85.43799899999999,0.0,0.0,1.0,1.0,0.6,85.43799899999999,1
A-05504-A,117.856811917,0.0,0.0,1.0,1.0,0.6,117.856811917,1
A-05504-A,0.86277588,0.0,0.0,1.0,1.0,0.40345110351999997,0.86277588,1
A-05504-A,58.50614,0.0,0.0,1.0,1.0,0.6,58.50614,1
A-05504-A,61.1230347,0.0,0.0,1.0,1.0,0.6,61.1230347,1
A-05504-A,0.8102540635000001,0.0,0.0,1.0,1.0,0.403241016254,0.8102540635000001,1
A-05504-A,0.07296196,0.0,0.0,1.0,1.0,0.40029184784,0.07296196,1
A-05504-A,0.0210148295,0.0,0.0,1.0,1.0,0.40008405931799995,0.0210148295,1
A-05504-A,58.495377,0.0,0.0,1.0,1.0,0.6,58.495377,1
A-05504-A,58.601100403,0.0,0.0,1.0,1.0,0.6,58.601100403,1
A-05504-A,58.5572181494,0.0,0.0,1.0,1.0,0.6,58.5572181494,1
A-05504-A,58.65211138,0.0,0.0,1.0,1.0,0.6,58.65211138,1
A-05504-A,130.936505,0.0,0.0,1.0,1.0,0.6,130.936505,1
A-05504-A,58.514294,0.0,0.0,1.0,1.0,0.6,58.514294,1
A-05504-A,58.549790216,0.0,0.0,1.0,1.0,0.6,58.549790216,1
A-05504-A,52.681745222,0.0,0.0,1.0,1.0,0.6,52.681745222,1
A-05504-A,117.847773557,0.0,0.0,1.0,1.0,0.6,117.847773557,1
A-05504-A,115.71366272,0.0,0.0,1.0,1.0,0.6,115.71366272,1
A-05504-A,60.8217665,0.0,0.0,1.0,1.0,0.6,60.8217665,1
A-05504-A,31.898618,0.0,0.0,1.0,1.0,0.527594472,31.898618,1
A-05504-A,0.015102489,0.0,0.0,1.0,1.0,0.400060409956,0.015102489,1
A-05504-A,65.07487568,0.0,0.0,1.0,1.0,0.6,65.07487568,1
A-05504-A,85.004629155,0.0,0.0,1.0,1.0,0.6,85.004629155,1
A-05504-A,58.36787218,0.0,0.0,1.0,1.0,0.6,58.36787218,1
A-05504-A,48.528770589,0.0,0.0,1.0,1.0,0.594115082356,48.528770589,1
A-05504-A,0.0036013103,0.0,0.0,1.0,1.0,0.4000144052412001,0.0036013103,1
A-05504-A,25936.5374958669,0.0,0.6454556752080569,1.0,0.05627448219038074,0.9178362386035351,25936.5374958669,1
A-05507-A,0.0,0.0,0.0,1.0,1.0,0.4,0.0,1
A-05507-A,99.161952448,0.0,0.0,1.0,1.0,0.6,99.161952448,1
A-05507-A,121.90810235,0.0,0.0,1.0,1.0,0.6,121.90810235,1
A-05507-A,2.0960028059400004,0.0,0.0,1.0,1.0,0.40838401122376,2.0960028059400004,1
A-05507-A,63.04853615,0.0,0.0,1.0,1.0,0.6,63.04853615,1
A-05507-A,61.19851,0.0,0.0,1.0,1.0,0.6,61.19851,1
A-05507-A,49.025772,0.0,0.0,1.0,1.0,0.596103088,49.025772,1
A-05507-A,17.507194619,0.0,0.0,1.0,1.0,0.47002877847600005,17.507194619,1
A-05507-A,60.7151121,0.0,0.0,1.0,1.0,0.6,60.7151121,1
A-05507-A,69.67318552399999,0.0,0.0,1.0,1.0,0.6,69.67318552399999,1
A-05507-A,49.136585,0.0,0.0,1.0,1.0,0.59654634,49.136585,1
A-05507-A,66.5018964,0.0,0.0,1.0,1.0,0.6,66.5018964,1
A-05507-A,63.124222954,0.0,0.0,1.0,1.0,0.6,63.124222954,1
A-05507-A,113.877598856,0.0,0.0,1.0,1.0,0.6,113.877598856,1
A-05507-A,70.036964,0.0,0.0,1.0,1.0,0.6,70.036964,1
A-05507-A,0.378110914,0.0,0.0,1.0,1.0,0.401512443656,0.378110914,1
A-05507-A,93.553007507,0.0,0.0,1.0,1.0,0.6,93.553007507,1
A-05507-A,0.48650897,0.0,0.0,1.0,1.0,0.40194603588,0.48650897,1
A-05507-A,76.687037893,0.0,0.0,1.0,1.0,0.6,76.687037893,1
A-05507-A,64.49891848,0.0,0.0,1.0,1.0,0.6,64.49891848,1
A-05507-A,61.2138,0.0,0.0,1.0,1.0,0.6,61.2138,1
A-05507-A,43.788696,0.0,0.0,1.0,1.0,0.575154784,43.788696,1
A-05507-A,10.4107087575,0.0,0.0,1.0,1.0,0.44164283503,10.4107087575,1
A-05507-A,121.71931,0.0,0.0,1.0,1.0,0.6,121.71931,1
A-05507-A,62.82872228,0.0,0.0,1.0,1.0,0.6,62.82872228,1
A-05507-A,61.41673055,0.0,0.0,1.0,1.0,0.6,61.41673055,1
A-05507-A,62.565114755,0.0,0.0,1.0,1.0,0.6,62.565114755,1
A-05507-A,62.1369927697,0.0,0.0,1.0,1.0,0.6,62.1369927697,1
A-05507-A,90.101012,0.0,0.0,1.0,1.0,0.6,90.101012,1
A-05507-A,1.3891294,0.0,0.0,1.0,1.0,0.4055565176,1.3891294,1
A-05507-A,2.52586518,0.0,0.0,1.0,1.0,0.41010346072,2.52586518,1
A-05507-A,61.46952949,0.0,0.0,1.0,1.0,0.6,61.46952949,1
A-05507-A,62.12598954,0.0,0.0,1.0,1.0,0.6,62.12598954,1
A-05507-A,111.8774401,0.0,0.0,1.0,1.0,0.6,111.8774401,1
A-05507-A,0.005988706,0.0,0.0,1.0,1.0,0.400023954824,0.005988706,1
A-05507-A,49.001976,0.0,0.0,1.0,1.0,0.596007904,49.001976,1
A-05507-A,14.2247663,0.0,0.0,1.0,1.0,0.4568990652,14.2247663,1
A-05507-A,0.06812509,0.0,0.0,1.0,1.0,0.40027250036,0.06812509,1
A-05507-A,78.827805,0.0,0.0,1.0,1.0,0.6,78.827805,1
A-05507-A,10153.6580037365,0.0,0.0,1.0,0.6932230726512328,0.6613553854697535,10153.6580037365,1
A-05508-A,0.0023713864,0.0,0.0,1.0,1.0,0.4000094855456,0.0023713864,1
A-05508-A,1.8433454,0.0,0.0,1.0,1.0,0.4073733816,1.8433454,1
A-05508-A,2.6093867,0.0,0.0,1.0,1.0,0.41043754680000005,2.6093867,1
A-05508-A,15.0305505,0.0,0.0,1.0,1.0,0.460122202,15.0305505,1
A-05508-A,1.9669671,0.0,0.0,1.0,1.0,0.4078678684,1.9669671,1
A-05508-A,1.9696124,0.0,0.0,1.0,1.0,0.40787844959999997,1.9696124,1
A-05508-A,1.9599969,0.0,0.0,1.0,1.0,0.40783998760000006,1.9599969,1
A-05508-A,1.9939792,0.0,0.0,1.0,1.0,0.4079759168,1.9939792,1
A-05508-A,47.6135243,0.0,0.0,1.0,1.0,0.5904540972000001,47.6135243,1
A-05508-A,1.9588203,0.0,0.0,1.0,1.0,0.4078352812,1.9588203,1
A-05508-A,59.345894,0.0,0.0,1.0,1.0,0.6,59.345894,1
A-05508-A,0.35166356,0.0,0.0,1.0,1.0,0.40140665424,0.35166356,1
A-05508-A,1.9559519,0.0,0.0,1.0,1.0,0.4078238076,1.9559519,1
A-05508-A,1.9688998,0.0,0.0,1.0,1.0,0.40787559919999994,1.9688998,1
A-05508-A,46.15582,0.0,0.0,1.0,1.0,0.58462328,46.15582,1
A-05508-A,32.9862976,0.0,0.0,1.0,1.0,0.5319451904,32.9862976,1
A-05508-A,1.9737387,0.0,0.0,1.0,1.0,0.40789495480000004,1.9737387,1
A-05508-A,2.001946,0.0,0.0,1.0,1.0,0.40800778399999993,2.001946,1
A-05508-A,0.2503999,0.0,0.0,1.0,1.0,0.4010015996,0.2503999,1
A-05508-A,4.04627554,0.0,0.0,1.0,1.0,0.41618510216000004,4.04627554,1
A-05508-A,1.9636453,0.0,0.0,1.0,1.0,0.40785458119999995,1.9636453,1
A-05508-A,1.9567871,0.0,0.0,1.0,1.0,0.4078271484,1.9567871,1
A-05508-A,1.9575559,0.0,0.0,1.0,1.0,0.4078302236,1.9575559,1
A-05508-A,4.8768922,0.0,0.0,1.0,1.0,0.4195075688,4.8768922,1
A-05508-A,0.9428586,0.0,0.0,1.0,1.0,0.40377143439999996,0.9428586,1
A-05508-A,1.9611269,0.0,0.0,1.0,1.0,0.40784450759999996,1.9611269,1
A-05508-A,47.5153415,0.0,0.0,1.0,1.0,0.5900613659999999,47.5153415,1
A-05508-A,1.9702977,0.0,0.0,1.0,1.0,0.40788119080000007,1.9702977,1
A-05508-A,1.9574572,0.0,0.0,1.0,1.0,0.4078298288,1.9574572,1
A-05508-A,2.1669972,0.0,0.0,1.0,1.0,0.4086679888,2.1669972,1
A-05508-A,0.2544351,0.0,0.0,1.0,1.0,0.40101774040000004,0.2544351,1
A-05508-A,21.94745106,0.0,0.0,1.0,1.0,0.48778980424,21.94745106,1
A-05508-A,1.9635501,0.0,0.0,1.0,1.0,0.4078542004,1.9635501,1
A-05508-A,5.46000659,0.0,0.0,1.0,1.0,0.42184002635999995,5.46000659,1
A-05508-A,1.9617926,0.0,0.0,1.0,1.0,0.4078471704,1.9617926,1
A-05508-A,46.663895,0.0,0.0,1.0,1.0,0.58665558,46.663895,1
A-05508-A,0.2490159,0.0,0.0,1.0,1.0,0.40099606360000006,0.2490159,1
A-05508-A,1.9506639,0.0,0.0,1.0,1.0,0.4078026556,1.9506639,1
A-05508-A,1.958284,0.0,0.0,1.0,1.0,0.407833136,1.958284,1
A-05508-A,1.9605625,0.0,0.0,1.0,1.0,0.40784225,1.9605625,1
A-05508-A,0.31190443,0.0,0.0,1.0,1.0,0.40124761772,0.31190443,1
A-05508-A,26.4898672,0.0,0.0,1.0,1.0,0.5059594688,26.4898672,1
A-05508-A,1.9890851,0.0,0.0,1.0,1.0,0.4079563404,1.9890851,1
A-05508-A,1.972501,0.0,0.0,1.0,1.0,0.4078900040000001,1.972501,1
A-05508-A,1.9667519,0.0,0.0,1.0,1.0,0.4078670076,1.9667519,1
A-05508-A,1.9578635,0.0,0.0,1.0,1.0,0.407831454,1.9578635,1
A-05508-A,13.8864018,0.0,0.0,1.0,1.0,0.45554560720000004,13.8864018,1
A-05508-A,1.9748576,0.0,0.0,1.0,1.0,0.4078994304,1.9748576,1
A-05508-A,45.252167,0.0,0.0,1.0,1.0,0.581008668,45.252167,1
A-05508-A,1.9728408,0.0,0.0,1.0,1.0,0.40789136319999997,1.9728408,1
A-05508-A,1.9754066,0.0,0.0,1.0,1.0,0.4079016264,1.9754066,1
A-05508-A,1.9681203,0.0,0.0,1.0,1.0,0.40787248119999997,1.9681203,1
A-05508-A,0.3551765,0.0,0.0,1.0,1.0,0.401420706,0.3551765,1
A-05508-A,4.310465600000001,0.0,0.0,1.0,1.0,0.41724186240000005,4.310465600000001,1
A-05508-A,5.0374076,0.0,0.0,1.0,1.0,0.4201496304,5.0374076,1
A-05508-A,1.9551536,0.0,0.0,1.0,1.0,0.4078206144,1.9551536,1
A-05508-A,1.965459,0.0,0.0,1.0,1.0,0.40786183600000003,1.965459,1
A-05508-A,60.1032482,0.0,0.0,1.0,1.0,0.6,60.1032482,1
A-05508-A,2.12106305,0.0,0.0,1.0,1.0,0.40848425220000006,2.12106305,1
A-05508-A,1.8031876,0.0,0.0,1.0,1.0,0.4072127504,1.8031876,1
A-05508-A,16.5420085,0.0,0.0,1.0,1.0,0.466168034,16.5420085,1
A-05508-A,1.7977718,0.0,0.0,1.0,1.0,0.4071910872,1.7977718,1
A-05508-A,1.9685899,0.0,0.0,1.0,1.0,0.40787435959999996,1.9685899,1
A-05508-A,21.326213,0.0,0.0,1.0,1.0,0.48530485199999995,21.326213,1
A-05508-A,9.2981375,0.0,0.0,1.0,1.0,0.43719254999999996,9.2981375,1
A-05508-A,2.04890145,0.0,0.0,1.0,1.0,0.4081956057999999,2.04890145,1
A-05508-A,7.098317,0.0,0.0,1.0,1.0,0.42839326799999994,7.098317,1
A-05508-A,2.9736447000000004,0.0,0.0,1.0,1.0,0.41189457879999997,2.9736447000000004,1
A-05508-A,1.981665062,0.0,0.0,1.0,1.0,0.40792666024800006,1.981665062,1
A-05508-A,1.9597108,0.0,0.0,1.0,1.0,0.4078388432000001,1.9597108,1
A-05508-A,2.30737293,0.0,0.0,1.0,1.0,0.40922949172,2.30737293,1
A-05508-A,1.9564484,0.0,0.0,1.0,1.0,0.4078257936,1.9564484,1
A-05508-A,0.36895287,0.0,0.0,1.0,1.0,0.40147581148,0.36895287,1
A-05508-A,21207.506189975,0.0,0.7167040789152267,1.0,0.1477212818865476,0.9137965594057359,21207.506189975,1
