placa,overall_health_score,health_degradation_rate,maintenance_risk_score,days_to_maintenance,electrical_health,operational_efficiency
 A-05501-A,0.4613233748510815,0.5386766251489186,1.0,7,0.522625118035883,0.40002163166628
 A-05501-A,0.4824473750179415,0.5175526249820586,1.0,7,0.522625118035883,0.442269632
 A-05501-A,0.5613125590179415,0.4386874409820585,1.0,7,0.522625118035883,0.6
 A-05501-A,0.4626521496779415,0.5373478503220586,1.0,7,0.522625118035883,0.40267918132
 A-05501-A,0.5613125590179415,0.4386874409820585,1.0,7,0.522625118035883,0.6
 A-05501-A,0.5613125590179415,0.4386874409820585,1.0,7,0.522625118035883,0.6
 A-05501-A,0.5613125590179415,0.4386874409820585,1.0,7,0.522625118035883,0.6
 A-05501-A,0.4828346262479415,0.5171653737520585,1.0,7,0.522625118035883,0.44304413446
 A-05501-A,0.4638699744319415,0.5361300255680586,1.0,7,0.522625118035883,0.40511483082800004
 A-05501-A,0.48394489940194146,0.5160551005980585,1.0,7,0.522625118035883,0.44526468076799997
 A-05501-A,0.5613125590179415,0.4386874409820585,1.0,7,0.522625118035883,0.6
 A-05501-A,0.48647275081194147,0.5135272491880585,1.0,7,0.522625118035883,0.450320383588
 A-05501-A,0.5613125590179415,0.4386874409820585,1.0,7,0.522625118035883,0.6
 A-05501-A,0.5613125590179415,0.4386874409820585,1.0,7,0.522625118035883,0.6
 A-05501-A,0.4614238453739415,0.5385761546260586,1.0,7,0.522625118035883,0.400222572712
 A-05501-A,0.5613125590179415,0.4386874409820585,1.0,7,0.522625118035883,0.6
 A-05501-A,0.48281732301794145,0.5171826769820586,1.0,7,0.522625118035883,0.443009528
 A-05501-A,0.5613125590179415,0.4386874409820585,1.0,7,0.522625118035883,0.6
 A-05501-A,0.5613125590179415,0.4386874409820585,1.0,7,0.522625118035883,0.6
 A-05501-A,0.5613125590179415,0.4386874409820585,1.0,7,0.522625118035883,0.6
 A-05501-A,0.4828798146979415,0.5171201853020585,1.0,7,0.522625118035883,0.44313451136
 A-05501-A,0.4847094463379415,0.5152905536620584,1.0,7,0.522625118035883,0.44679377464000003
 A-05501-A,0.4827428530179415,0.5172571469820585,1.0,7,0.522625118035883,0.442860588
 A-05501-A,0.5613125590179415,0.4386874409820585,1.0,7,0.522625118035883,0.6
 A-05501-A,0.5610468270179415,0.4389531729820585,1.0,7,0.522625118035883,0.599468536
 A-05501-A,0.5613125590179415,0.4386874409820585,1.0,7,0.522625118035883,0.6
 A-05501-A,0.5613125590179415,0.4386874409820585,1.0,7,0.522625118035883,0.6
 A-05501-A,0.5613125590179415,0.4386874409820585,1.0,7,0.522625118035883,0.6
 A-05501-A,0.5613125590179415,0.4386874409820585,1.0,7,0.522625118035883,0.6
 A-05501-A,0.4828117257979415,0.5171882742020585,1.0,7,0.522625118035883,0.44299833356
 A-05501-A,0.5613125590179415,0.4386874409820585,1.0,7,0.522625118035883,0.6
 A-05501-A,0.5613125590179415,0.4386874409820585,1.0,7,0.522625118035883,0.6
 A-05501-A,0.5043691850179415,0.4956308149820585,1.0,7,0.522625118035883,0.486113252
 A-05501-A,0.4824580590179415,0.5175419409820585,1.0,7,0.522625118035883,0.442291
 A-05501-A,0.4826950951285415,0.5173049048714585,1.0,7,0.522625118035883,0.44276507222120004
 A-05501-A,0.5613125590179415,0.4386874409820585,1.0,7,0.522625118035883,0.6
 A-05501-A,0.4827301150179415,0.5172698849820585,1.0,7,0.522625118035883,0.44283511200000003
 A-05501-A,0.48273860901794147,0.5172613909820585,1.0,7,0.522625118035883,0.44285209999999997
 A-05501-A,0.48283956063194144,0.5171604393680586,1.0,7,0.522625118035883,0.443054003228
 A-05501-A,0.5613125590179415,0.4386874409820585,1.0,7,0.522625118035883,0.6
 A-05501-A,0.4655971116179415,0.5344028883820585,1.0,7,0.522625118035883,0.40856910519999995
 A-05501-A,0.5613125590179415,0.4386874409820585,1.0,7,0.522625118035883,0.6
 A-05501-A,0.5613125590179415,0.4386874409820585,1.0,7,0.522625118035883,0.6
 A-05501-A,0.46136550650994146,0.5386344934900585,1.0,7,0.522625118035883,0.400105894984
 A-05501-A,0.4828504064579415,0.5171495935420585,1.0,7,0.522625118035883,0.44307569488
 A-05501-A,0.5613125590179415,0.4386874409820585,1.0,7,0.522625118035883,0.6
 A-05501-A,0.5613125590179415,0.4386874409820585,1.0,7,0.522625118035883,0.6
 A-05501-A,0.48513141670794147,0.5148685832920585,1.0,7,0.522625118035883,0.44763771537999997
 A-05501-A,0.5613125590179415,0.4386874409820585,1.0,7,0.522625118035883,0.6
 A-05501-A,0.4827205745879415,0.5172794254120585,1.0,7,0.522625118035883,0.44281603114
 A-05501-A,0.5613125590179415,0.4386874409820585,1.0,7,0.522625118035883,0.6
 A-05501-A,0.5613125590179415,0.4386874409820585,1.0,7,0.522625118035883,0.6
 A-05501-A,0.5613125590179415,0.4386874409820585,1.0,7,0.522625118035883,0.6
 A-05501-A,0.48250723233794146,0.5174927676620585,1.0,7,0.522625118035883,0.44238934664
 A-05501-A,0.5613125590179415,0.4386874409820585,1.0,7,0.522625118035883,0.6
 A-05501-A,0.5613125590179415,0.4386874409820585,1.0,7,0.522625118035883,0.6
 A-05501-A,0.5613125590179415,0.4386874409820585,1.0,7,0.522625118035883,0.6
 A-05501-A,0.5613125590179415,0.4386874409820585,1.0,7,0.522625118035883,0.6
 A-05501-A,0.5613125590179415,0.4386874409820585,1.0,7,0.522625118035883,0.6
 A-05501-A,0.5613125590179415,0.4386874409820585,1.0,7,0.522625118035883,0.6
 A-05501-A,0.4824957544959415,0.5175042455040585,1.0,7,0.522625118035883,0.442366390956
 A-05501-A,0.5178626330179414,0.48213736698205856,1.0,7,0.522625118035883,0.513100148
 A-05501-A,0.5613125590179415,0.4386874409820585,1.0,7,0.522625118035883,0.6
 A-05501-A,0.5613125590179415,0.4386874409820585,1.0,7,0.522625118035883,0.6
 A-05501-A,0.4828433088299415,0.5171566911700585,1.0,7,0.522625118035883,0.443061499624
 A-05501-A,0.5613125590179415,0.4386874409820585,1.0,7,0.522625118035883,0.6
 A-05501-A,0.4824573790179415,0.5175426209820585,1.0,7,0.522625118035883,0.44228964
 A-05501-A,0.4827771702539415,0.5172228297460585,1.0,7,0.522625118035883,0.442929222472
 A-05501-A,0.5613125590179415,0.4386874409820585,1.0,7,0.522625118035883,0.6
 A-05501-A,0.48272969701794144,0.5172703029820586,1.0,7,0.522625118035883,0.44283427599999997
 A-05501-A,0.5613125590179415,0.4386874409820585,1.0,7,0.522625118035883,0.6
 A-05501-A,0.4827274890179415,0.5172725109820585,1.0,7,0.522625118035883,0.44282985999999996
 A-05501-A,0.5613125590179415,0.4386874409820585,1.0,7,0.522625118035883,0.6
 A-05501-A,0.5289081755099415,0.4710918244900585,1.0,7,0.522625118035883,0.5351912329840001
 A-05501-A,0.5613125590179415,0.4386874409820585,1.0,7,0.522625118035883,0.6
 A-05501-A,0.46166387419794147,0.5383361258020585,1.0,7,0.522625118035883,0.40070263036
 A-05501-A,0.5613125590179415,0.4386874409820585,1.0,7,0.522625118035883,0.6
 A-05501-A,0.5613125590179415,0.4386874409820585,1.0,7,0.522625118035883,0.6
 A-05501-A,0.4704607502179415,0.5295392497820586,1.0,7,0.522625118035883,0.4182963824
 A-05501-A,0.5613125590179415,0.4386874409820585,1.0,7,0.522625118035883,0.6
 A-05501-A,0.4613948679279415,0.5386051320720585,1.0,7,0.522625118035883,0.40016461781999996
 A-05501-A,0.5613125590179415,0.4386874409820585,1.0,7,0.522625118035883,0.6
 A-05501-A,0.4629953878879415,0.5370046121120585,1.0,7,0.522625118035883,0.40336565774000005
 A-05501-A,0.4857366261099415,0.5142633738900585,1.0,7,0.522625118035883,0.448848134184
 A-05501-A,0.5613125590179415,0.4386874409820585,1.0,7,0.522625118035883,0.6
 A-05501-A,0.5613125590179415,0.4386874409820585,1.0,7,0.522625118035883,0.6
 A-05501-A,0.5028751930179415,0.4971248069820585,1.0,7,0.522625118035883,0.48312526800000005
 A-05501-A,0.4827286914539415,0.5172713085460585,1.0,7,0.522625118035883,0.442832264872
 A-05501-A,0.5613125590179415,0.4386874409820585,1.0,7,0.522625118035883,0.6
 A-05501-A,0.4827602577439415,0.5172397422560585,1.0,7,0.522625118035883,0.44289539745199996
 A-05501-A,0.5613125590179415,0.4386874409820585,1.0,7,0.522625118035883,0.6
 A-05501-A,0.4827202370179415,0.5172797629820585,1.0,7,0.522625118035883,0.442815356
 A-05501-A,0.5613125590179415,0.4386874409820585,1.0,7,0.522625118035883,0.6
 A-05501-A,0.46285903761794145,0.5371409623820586,1.0,7,0.522625118035883,0.4030929572
 A-05501-A,0.7083033909794081,0.2916966090205919,1.0,7,0.522625118035883,0.8939816639229333
A-05355-A,0.5804804700602612,0.41951952993973884,1.0,7,0.5609609401205223,0.6
A-05355-A,0.5804804700602612,0.41951952993973884,1.0,7,0.5609609401205223,0.6
A-05355-A,0.5541746548602611,0.4458253451397389,1.0,7,0.5609609401205223,0.5473883695999999
A-05355-A,0.5804804700602612,0.41951952993973884,1.0,7,0.5609609401205223,0.6
A-05355-A,0.5804804700602612,0.41951952993973884,1.0,7,0.5609609401205223,0.6
A-05355-A,0.5804804700602612,0.41951952993973884,1.0,7,0.5609609401205223,0.6
A-05355-A,0.5752119619942612,0.42478803800573883,1.0,7,0.5609609401205223,0.589462983868
A-05355-A,0.4804804700602612,0.5195195299397388,1.0,7,0.5609609401205223,0.4
A-05355-A,0.48055488589226114,0.5194451141077389,1.0,7,0.5609609401205223,0.40014883166399995
A-05355-A,0.4804804700602612,0.5195195299397388,1.0,7,0.5609609401205223,0.4
A-05355-A,0.4804804700602612,0.5195195299397388,1.0,7,0.5609609401205223,0.4
A-05355-A,0.48061514835026115,0.5193848516497388,1.0,7,0.5609609401205223,0.40026935657999996
A-05355-A,0.48054311148626117,0.5194568885137388,1.0,7,0.5609609401205223,0.400125282852
A-05355-A,0.5019252900602612,0.4980747099397388,1.0,7,0.5609609401205223,0.44288964000000003
A-05355-A,0.5353002597002612,0.4646997402997388,1.0,7,0.5609609401205223,0.50963957928
A-05355-A,0.4913187840602612,0.5086812159397388,1.0,7,0.5609609401205223,0.421676628
A-05355-A,0.4825271271772612,0.5174728728227388,1.0,7,0.5609609401205223,0.404093314234
A-05355-A,0.5127056895022611,0.48729431049773886,1.0,7,0.5609609401205223,0.46445043888399995
A-05355-A,0.5804804700602612,0.41951952993973884,1.0,7,0.5609609401205223,0.6
A-05355-A,0.5804804700602612,0.41951952993973884,1.0,7,0.5609609401205223,0.6
A-05355-A,0.5804804700602612,0.41951952993973884,1.0,7,0.5609609401205223,0.6
A-05355-A,0.5804804700602612,0.41951952993973884,1.0,7,0.5609609401205223,0.6
A-05355-A,0.5804804700602612,0.41951952993973884,1.0,7,0.5609609401205223,0.6
A-05355-A,0.5804804700602612,0.41951952993973884,1.0,7,0.5609609401205223,0.6
A-05355-A,0.5210959680602611,0.47890403193973885,1.0,7,0.5609609401205223,0.481230996
A-05355-A,0.5685645493936211,0.4314354506063789,1.0,7,0.5609609401205223,0.57616815866672
A-05355-A,0.5804804700602612,0.41951952993973884,1.0,7,0.5609609401205223,0.6
A-05355-A,0.5804804700602612,0.41951952993973884,1.0,7,0.5609609401205223,0.6
A-05355-A,0.5804804700602612,0.41951952993973884,1.0,7,0.5609609401205223,0.6
A-05355-A,0.5624213267262612,0.4375786732737388,1.0,7,0.5609609401205223,0.563881713332
A-05355-A,0.5804804700602612,0.41951952993973884,1.0,7,0.5609609401205223,0.6
A-05355-A,0.5804804700602612,0.41951952993973884,1.0,7,0.5609609401205223,0.6
A-05355-A,0.5804804700602612,0.41951952993973884,1.0,7,0.5609609401205223,0.6
A-05355-A,0.5804804700602612,0.41951952993973884,1.0,7,0.5609609401205223,0.6
A-05355-A,0.5804804700602612,0.41951952993973884,1.0,7,0.5609609401205223,0.6
A-05355-A,0.5804804700602612,0.41951952993973884,1.0,7,0.5609609401205223,0.6
A-05355-A,0.5804804700602612,0.41951952993973884,1.0,7,0.5609609401205223,0.6
A-05355-A,0.4849677182082612,0.5150322817917388,1.0,7,0.5609609401205223,0.408974496296
A-05355-A,0.5804804700602612,0.41951952993973884,1.0,7,0.5609609401205223,0.6
A-05355-A,0.5804804700602612,0.41951952993973884,1.0,7,0.5609609401205223,0.6
A-05355-A,0.49330553286026113,0.5066944671397389,1.0,7,0.5609609401205223,0.4256501256
A-05355-A,0.5804804700602612,0.41951952993973884,1.0,7,0.5609609401205223,0.6
A-05355-A,0.5804804700602612,0.41951952993973884,1.0,7,0.5609609401205223,0.6
A-05355-A,0.5804804700602612,0.41951952993973884,1.0,7,0.5609609401205223,0.6
A-05355-A,0.5804804700602612,0.41951952993973884,1.0,7,0.5609609401205223,0.6
A-05355-A,0.5804804700602612,0.41951952993973884,1.0,7,0.5609609401205223,0.6
A-05355-A,0.5804804700602612,0.41951952993973884,1.0,7,0.5609609401205223,0.6
A-05355-A,0.5710635793402612,0.4289364206597388,1.0,7,0.5609609401205223,0.5811662185600001
A-05355-A,0.5804804700602612,0.41951952993973884,1.0,7,0.5609609401205223,0.6
A-05355-A,0.5804804700602612,0.41951952993973884,1.0,7,0.5609609401205223,0.6
A-05355-A,0.5804804700602612,0.41951952993973884,1.0,7,0.5609609401205223,0.6
A-05355-A,0.5804804700602612,0.41951952993973884,1.0,7,0.5609609401205223,0.6
A-05355-A,0.5804804700602612,0.41951952993973884,1.0,7,0.5609609401205223,0.6
A-05355-A,0.5804804700602612,0.41951952993973884,1.0,7,0.5609609401205223,0.6
A-05355-A,0.5804804700602612,0.41951952993973884,1.0,7,0.5609609401205223,0.6
A-05355-A,0.5804804700602612,0.41951952993973884,1.0,7,0.5609609401205223,0.6
A-05355-A,0.5804804700602612,0.41951952993973884,1.0,7,0.5609609401205223,0.6
A-05355-A,0.5804804700602612,0.41951952993973884,1.0,7,0.5609609401205223,0.6
A-05355-A,0.5804804700602612,0.41951952993973884,1.0,7,0.5609609401205223,0.6
A-05355-A,0.5725473948602612,0.4274526051397388,1.0,7,0.5609609401205223,0.5841338496
A-05355-A,0.5804804700602612,0.41951952993973884,1.0,7,0.5609609401205223,0.6
A-05355-A,0.5804804700602612,0.41951952993973884,1.0,7,0.5609609401205223,0.6
A-05355-A,0.5804804700602612,0.41951952993973884,1.0,7,0.5609609401205223,0.6
A-05355-A,0.5804804700602612,0.41951952993973884,1.0,7,0.5609609401205223,0.6
A-05355-A,0.5804804700602612,0.41951952993973884,1.0,7,0.5609609401205223,0.6
A-05355-A,0.5804804700602612,0.41951952993973884,1.0,7,0.5609609401205223,0.6
A-05355-A,0.5804804700602612,0.41951952993973884,1.0,7,0.5609609401205223,0.6
A-05355-A,0.5804804700602612,0.41951952993973884,1.0,7,0.5609609401205223,0.6
A-05355-A,0.5804804700602612,0.41951952993973884,1.0,7,0.5609609401205223,0.6
A-05355-A,0.5804804700602612,0.41951952993973884,1.0,7,0.5609609401205223,0.6
A-05355-A,0.5804804700602612,0.41951952993973884,1.0,7,0.5609609401205223,0.6
A-05355-A,0.5804804700602612,0.41951952993973884,1.0,7,0.5609609401205223,0.6
A-05355-A,0.5804804700602612,0.41951952993973884,1.0,7,0.5609609401205223,0.6
A-05355-A,0.5804804700602612,0.41951952993973884,1.0,7,0.5609609401205223,0.6
A-05355-A,0.5804804700602612,0.41951952993973884,1.0,7,0.5609609401205223,0.6
A-05355-A,0.5804804700602612,0.41951952993973884,1.0,7,0.5609609401205223,0.6
A-05355-A,0.5804804700602612,0.41951952993973884,1.0,7,0.5609609401205223,0.6
A-05355-A,0.5804804700602612,0.41951952993973884,1.0,7,0.5609609401205223,0.6
A-05355-A,0.5804804700602612,0.41951952993973884,1.0,7,0.5609609401205223,0.6
A-05355-A,0.5804804700602612,0.41951952993973884,1.0,7,0.5609609401205223,0.6
A-05355-A,0.5804804700602612,0.41951952993973884,1.0,7,0.5609609401205223,0.6
A-05355-A,0.5804804700602612,0.41951952993973884,1.0,7,0.5609609401205223,0.6
A-05355-A,0.5804804700602612,0.41951952993973884,1.0,7,0.5609609401205223,0.6
A-05355-A,0.5804804700602612,0.41951952993973884,1.0,7,0.5609609401205223,0.6
A-05355-A,0.5804804700602612,0.41951952993973884,1.0,7,0.5609609401205223,0.6
A-05355-A,0.5804804700602612,0.41951952993973884,1.0,7,0.5609609401205223,0.6
A-05355-A,0.5804804700602612,0.41951952993973884,1.0,7,0.5609609401205223,0.6
A-05355-A,0.5713481231596611,0.4286518768403389,1.0,7,0.5609609401205223,0.5817353061988
A-05355-A,0.5804804700602612,0.41951952993973884,1.0,7,0.5609609401205223,0.6
A-05355-A,0.5804804700602612,0.41951952993973884,1.0,7,0.5609609401205223,0.6
A-05355-A,0.5804804700602612,0.41951952993973884,1.0,7,0.5609609401205223,0.6
A-05355-A,0.5804804700602612,0.41951952993973884,1.0,7,0.5609609401205223,0.6
A-05355-A,0.7332966250915361,0.26670337490846385,1.0,7,0.5609609401205223,0.90563231006255
A-05502-A,0.5441147812530449,0.4558852187469551,1.0,7,0.4882295625060899,0.6
A-05502-A,0.5350880472530449,0.46491195274695507,1.0,7,0.4882295625060899,0.581946532
A-05502-A,0.44650171715304493,0.553498282846955,1.0,7,0.4882295625060899,0.40477387179999996
A-05502-A,0.5441147812530449,0.4558852187469551,1.0,7,0.4882295625060899,0.6
A-05502-A,0.44545204265304494,0.5545479573469551,1.0,7,0.4882295625060899,0.40267452279999993
A-05502-A,0.44416644791904497,0.555833552080955,1.0,7,0.4882295625060899,0.40010333333200004
A-05502-A,0.44413928725104496,0.555860712748955,1.0,7,0.4882295625060899,0.400049011996
A-05502-A,0.5441147812530449,0.4558852187469551,1.0,7,0.4882295625060899,0.6
A-05502-A,0.467959709253045,0.532040290746955,1.0,7,0.4882295625060899,0.44768985600000005
A-05502-A,0.5321696120930449,0.4678303879069551,1.0,7,0.4882295625060899,0.57610966168
A-05502-A,0.535094227253045,0.464905772746955,1.0,7,0.4882295625060899,0.5819588920000001
A-05502-A,0.5441147812530449,0.4558852187469551,1.0,7,0.4882295625060899,0.6
A-05502-A,0.5441147812530449,0.4558852187469551,1.0,7,0.4882295625060899,0.6
A-05502-A,0.44542246317304496,0.554577536826955,1.0,7,0.4882295625060899,0.40261536384
A-05502-A,0.5441147812530449,0.4558852187469551,1.0,7,0.4882295625060899,0.6
A-05502-A,0.5441147812530449,0.4558852187469551,1.0,7,0.4882295625060899,0.6
A-05502-A,0.468230314853045,0.531769685146955,1.0,7,0.4882295625060899,0.44823106720000006
A-05502-A,0.5441147812530449,0.4558852187469551,1.0,7,0.4882295625060899,0.6
A-05502-A,0.5256878012530449,0.47431219874695507,1.0,7,0.4882295625060899,0.56314604
A-05502-A,0.5441147812530449,0.4558852187469551,1.0,7,0.4882295625060899,0.6
A-05502-A,0.5441147812530449,0.4558852187469551,1.0,7,0.4882295625060899,0.6
A-05502-A,0.5441147812530449,0.4558852187469551,1.0,7,0.4882295625060899,0.6
A-05502-A,0.445349357953045,0.554650642046955,1.0,7,0.4882295625060899,0.40246915340000006
A-05502-A,0.46760911725304494,0.532390882746955,1.0,7,0.4882295625060899,0.446988672
A-05502-A,0.5441147812530449,0.4558852187469551,1.0,7,0.4882295625060899,0.6
A-05502-A,0.5441147812530449,0.4558852187469551,1.0,7,0.4882295625060899,0.6
A-05502-A,0.5441147812530449,0.4558852187469551,1.0,7,0.4882295625060899,0.6
A-05502-A,0.5441147812530449,0.4558852187469551,1.0,7,0.4882295625060899,0.6
A-05502-A,0.445453191993045,0.554546808006955,1.0,7,0.4882295625060899,0.40267682148000006
A-05502-A,0.445201697853045,0.554798302146955,1.0,7,0.4882295625060899,0.4021738332
A-05502-A,0.44460174217304493,0.5553982578269551,1.0,7,0.4882295625060899,0.40097392184
A-05502-A,0.5441147812530449,0.4558852187469551,1.0,7,0.4882295625060899,0.6
A-05502-A,0.44554203805304493,0.5544579619469551,1.0,7,0.4882295625060899,0.4028545136
A-05502-A,0.444187527796445,0.555812472203555,1.0,7,0.4882295625060899,0.40014549308680003
A-05502-A,0.5408031512530449,0.4591968487469551,1.0,7,0.4882295625060899,0.59337674
A-05502-A,0.5316320012530449,0.4683679987469551,1.0,7,0.4882295625060899,0.5750344399999999
A-05502-A,0.5441147812530449,0.4558852187469551,1.0,7,0.4882295625060899,0.6
A-05502-A,0.445148921653045,0.554851078346955,1.0,7,0.4882295625060899,0.4020682808
A-05502-A,0.44595992785304495,0.554040072146955,1.0,7,0.4882295625060899,0.40369029320000005
A-05502-A,0.5441147812530449,0.4558852187469551,1.0,7,0.4882295625060899,0.6
A-05502-A,0.44724667925304495,0.552753320746955,1.0,7,0.4882295625060899,0.406263796
A-05502-A,0.5441147812530449,0.4558852187469551,1.0,7,0.4882295625060899,0.6
A-05502-A,0.4454510262530449,0.5545489737469551,1.0,7,0.4882295625060899,0.40267248999999994
A-05502-A,0.44550551879304495,0.554494481206955,1.0,7,0.4882295625060899,0.40278147508
A-05502-A,0.5441147812530449,0.4558852187469551,1.0,7,0.4882295625060899,0.6
A-05502-A,0.457110502653045,0.542889497346955,1.0,7,0.4882295625060899,0.4259914428
A-05502-A,0.45854705525304496,0.541452944746955,1.0,7,0.4882295625060899,0.42886454799999996
A-05502-A,0.44537047125304496,0.554629528746955,1.0,7,0.4882295625060899,0.40251138
A-05502-A,0.5441147812530449,0.4558852187469551,1.0,7,0.4882295625060899,0.6
A-05502-A,0.536875221273045,0.463124778726955,1.0,7,0.4882295625060899,0.58552088004
A-05502-A,0.535063939133045,0.46493606086695505,1.0,7,0.4882295625060899,0.58189831576
A-05502-A,0.49097289545304496,0.509027104546955,1.0,7,0.4882295625060899,0.4937162284
A-05502-A,0.5441147812530449,0.4558852187469551,1.0,7,0.4882295625060899,0.6
A-05502-A,0.5441147812530449,0.4558852187469551,1.0,7,0.4882295625060899,0.6
A-05502-A,0.44554667045304497,0.554453329546955,1.0,7,0.4882295625060899,0.4028637784
A-05502-A,0.5441147812530449,0.4558852187469551,1.0,7,0.4882295625060899,0.6
A-05502-A,0.445459584253045,0.554540415746955,1.0,7,0.4882295625060899,0.40268960600000003
A-05502-A,0.5441147812530449,0.4558852187469551,1.0,7,0.4882295625060899,0.6
A-05502-A,0.5441147812530449,0.4558852187469551,1.0,7,0.4882295625060899,0.6
A-05502-A,0.5441147812530449,0.4558852187469551,1.0,7,0.4882295625060899,0.6
A-05502-A,0.44631928405304494,0.553680715946955,1.0,7,0.4882295625060899,0.4044090056
A-05502-A,0.5441147812530449,0.4558852187469551,1.0,7,0.4882295625060899,0.6
A-05502-A,0.5441147812530449,0.4558852187469551,1.0,7,0.4882295625060899,0.6
A-05502-A,0.445339862053045,0.554660137946955,1.0,7,0.4882295625060899,0.4024501616
A-05502-A,0.537456067253045,0.46254393274695504,1.0,7,0.4882295625060899,0.586682572
A-05502-A,0.5441147812530449,0.4558852187469551,1.0,7,0.4882295625060899,0.6
A-05502-A,0.4507607553790449,0.5492392446209551,1.0,7,0.4882295625060899,0.413291948252
A-05502-A,0.5441147812530449,0.4558852187469551,1.0,7,0.4882295625060899,0.6
A-05502-A,0.44547207045304493,0.5545279295469551,1.0,7,0.4882295625060899,0.4027145784
A-05502-A,0.446550587473045,0.553449412526955,1.0,7,0.4882295625060899,0.40487161244000003
A-05502-A,0.4560928033330449,0.5439071966669551,1.0,7,0.4882295625060899,0.42395604416
A-05502-A,0.44545542251304493,0.5545445774869551,1.0,7,0.4882295625060899,0.40268128252
A-05502-A,0.6706413033503098,0.3293586966496902,1.0,7,0.4882295625060899,0.8530530441945297
A-05503-A,0.5474825818906494,0.45251741810935064,1.0,7,0.4949201361612987,0.60004502762
A-05503-A,0.5698599680806493,0.4301400319193507,1.0,7,0.4949201361612987,0.6447998
A-05503-A,0.6474600680806494,0.3525399319193506,1.0,7,0.4949201361612987,0.8
A-05503-A,0.6474600680806494,0.3525399319193506,1.0,7,0.4949201361612987,0.8
A-05503-A,0.6066281773406493,0.39337182265935067,1.0,7,0.4949201361612987,0.71833621852
A-05503-A,0.5698463580806493,0.4301536419193507,1.0,7,0.4949201361612987,0.6447725799999999
A-05503-A,0.5698172640806494,0.43018273591935063,1.0,7,0.4949201361612987,0.644714392
A-05503-A,0.5915216940806494,0.40847830591935064,1.0,7,0.4949201361612987,0.688123252
A-05503-A,0.5684327960806493,0.43156720391935066,1.0,7,0.4949201361612987,0.641945456
A-05503-A,0.5697329280806493,0.43026707191935065,1.0,7,0.4949201361612987,0.64454572
A-05503-A,0.6033274854766494,0.3966725145233506,1.0,7,0.4949201361612987,0.7117348347920001
A-05503-A,0.6474600680806494,0.3525399319193506,1.0,7,0.4949201361612987,0.8
A-05503-A,0.6008293460806493,0.3991706539193507,1.0,7,0.4949201361612987,0.706738556
A-05503-A,0.6109002880806493,0.38909971191935067,1.0,7,0.4949201361612987,0.72688044
A-05503-A,0.6007998780806494,0.3992001219193506,1.0,7,0.4949201361612987,0.70667962
A-05503-A,0.6008348740806493,0.3991651259193507,1.0,7,0.4949201361612987,0.706749612
A-05503-A,0.5684605974926493,0.4315394025073507,1.0,7,0.4949201361612987,0.642001058824
A-05503-A,0.6008987280806494,0.39910127191935063,1.0,7,0.4949201361612987,0.70687732
A-05503-A,0.6008097960806493,0.3991902039193507,1.0,7,0.4949201361612987,0.706699456
A-05503-A,0.6008111240806493,0.3991888759193507,1.0,7,0.4949201361612987,0.706702112
A-05503-A,0.6464691780806493,0.3535308219193507,1.0,7,0.4949201361612987,0.79801822
A-05503-A,0.5697651370806494,0.43023486291935065,1.0,7,0.4949201361612987,0.644610138
A-05503-A,0.5684913410766493,0.43150865892335066,1.0,7,0.4949201361612987,0.642062545992
A-05503-A,0.5696577320806494,0.4303422679193506,1.0,7,0.4949201361612987,0.6443953280000001
A-05503-A,0.6108405160806494,0.3891594839193506,1.0,7,0.4949201361612987,0.726760896
A-05503-A,0.6464957220806493,0.3535042779193507,1.0,7,0.4949201361612987,0.798071308
A-05503-A,0.6474600680806494,0.3525399319193506,1.0,7,0.4949201361612987,0.8
A-05503-A,0.6474600680806494,0.3525399319193506,1.0,7,0.4949201361612987,0.8
A-05503-A,0.6452944523606494,0.3547055476393506,1.0,7,0.4949201361612987,0.79566876856
A-05503-A,0.5697938600806494,0.43020613991935064,1.0,7,0.4949201361612987,0.644667584
A-05503-A,0.6474600680806494,0.3525399319193506,1.0,7,0.4949201361612987,0.8
A-05503-A,0.6474600680806494,0.3525399319193506,1.0,7,0.4949201361612987,0.8
A-05503-A,0.5698050000806494,0.4301949999193506,1.0,7,0.4949201361612987,0.6446898640000001
A-05503-A,0.6326990744806493,0.3673009255193507,1.0,7,0.4949201361612987,0.7704780128
A-05503-A,0.5715769608026493,0.4284230391973507,1.0,7,0.4949201361612987,0.648233785444
A-05503-A,0.5683947540806493,0.4316052459193507,1.0,7,0.4949201361612987,0.641869372
A-05503-A,0.6108731200806494,0.3891268799193506,1.0,7,0.4949201361612987,0.726826104
A-05503-A,0.5698399240806493,0.4301600759193507,1.0,7,0.4949201361612987,0.644759712
A-05503-A,0.5698276180806494,0.4301723819193506,1.0,7,0.4949201361612987,0.6447351
A-05503-A,0.6474600680806494,0.3525399319193506,1.0,7,0.4949201361612987,0.8
A-05503-A,0.5670212500806493,0.4329787499193507,1.0,7,0.4949201361612987,0.639122364
A-05503-A,0.6474600680806494,0.3525399319193506,1.0,7,0.4949201361612987,0.8
A-05503-A,0.6438513940806494,0.3561486059193506,1.0,7,0.4949201361612987,0.792782652
A-05503-A,0.5697841240806494,0.4302158759193506,1.0,7,0.4949201361612987,0.6446481119999999
A-05503-A,0.6007848280806494,0.39921517191935063,1.0,7,0.4949201361612987,0.70664952
A-05503-A,0.6007821360806493,0.39921786391935066,1.0,7,0.4949201361612987,0.706644136
A-05503-A,0.6474600680806494,0.3525399319193506,1.0,7,0.4949201361612987,0.8
A-05503-A,0.6231801340806493,0.3768198659193507,1.0,7,0.4949201361612987,0.751440132
A-05503-A,0.6078623500806494,0.39213764991935063,1.0,7,0.4949201361612987,0.720804564
A-05503-A,0.5683826740806494,0.43161732591935065,1.0,7,0.4949201361612987,0.641845212
A-05503-A,0.6304923940806494,0.3695076059193506,1.0,7,0.4949201361612987,0.7660646520000001
A-05503-A,0.6461089780806494,0.3538910219193506,1.0,7,0.4949201361612987,0.79729782
A-05503-A,0.5720032362806493,0.4279967637193507,1.0,7,0.4949201361612987,0.6490863364
A-05503-A,0.5696780840806493,0.43032191591935065,1.0,7,0.4949201361612987,0.644436032
A-05503-A,0.5698086640806493,0.43019133591935066,1.0,7,0.4949201361612987,0.644697192
A-05503-A,0.5683690840806493,0.43163091591935066,1.0,7,0.4949201361612987,0.641818032
A-05503-A,0.5715020654806493,0.4284979345193507,1.0,7,0.4949201361612987,0.6480839948
A-05503-A,0.5915302400806494,0.40846975991935064,1.0,7,0.4949201361612987,0.688140344
A-05503-A,0.6397142340806493,0.3602857659193507,1.0,7,0.4949201361612987,0.7845083319999999
A-05503-A,0.5696597660806494,0.4303402339193506,1.0,7,0.4949201361612987,0.6443993960000001
A-05503-A,0.5697949050806493,0.43020509491935066,1.0,7,0.4949201361612987,0.644669674
A-05503-A,0.6303925320806494,0.3696074679193506,1.0,7,0.4949201361612987,0.765864928
A-05503-A,0.5683733800806493,0.4316266199193507,1.0,7,0.4949201361612987,0.6418266239999999
A-05503-A,0.6474600680806494,0.3525399319193506,1.0,7,0.4949201361612987,0.8
A-05503-A,0.5698048600806493,0.43019513991935066,1.0,7,0.4949201361612987,0.644689584
A-05503-A,0.5702931732506493,0.4297068267493507,1.0,7,0.4949201361612987,0.64566621034
A-05503-A,0.5698897593606493,0.43011024063935066,1.0,7,0.4949201361612987,0.64485938256
A-05503-A,0.6474600680806494,0.3525399319193506,1.0,7,0.4949201361612987,0.8
A-05503-A,0.6108632160806493,0.3891367839193507,1.0,7,0.4949201361612987,0.726806296
A-05503-A,0.5683889080806493,0.43161109191935065,1.0,7,0.4949201361612987,0.64185768
A-05503-A,0.5698710780806493,0.4301289219193507,1.0,7,0.4949201361612987,0.64482202
A-05503-A,0.5698851660806493,0.4301148339193507,1.0,7,0.4949201361612987,0.6448501959999999
A-05503-A,0.5698138440806494,0.4301861559193506,1.0,7,0.4949201361612987,0.6447075520000001
A-05503-A,0.5683809220806494,0.4316190779193506,1.0,7,0.4949201361612987,0.6418417080000001
A-05503-A,0.6227132340806494,0.3772867659193506,1.0,7,0.4949201361612987,0.7505063319999999
A-05503-A,0.5802381260806493,0.4197618739193507,1.0,7,0.4949201361612987,0.665556116
A-05503-A,0.6078838280806493,0.39211617191935066,1.0,7,0.4949201361612987,0.7208475200000001
A-05503-A,0.6009157763806494,0.3990842236193506,1.0,7,0.4949201361612987,0.7069114166
A-05503-A,0.6008049740806494,0.39919502591935063,1.0,7,0.4949201361612987,0.706689812
A-05503-A,0.6008791719326494,0.3991208280673506,1.0,7,0.4949201361612987,0.706838207704
A-05503-A,0.5698042760806493,0.4301957239193507,1.0,7,0.4949201361612987,0.6446884159999999
A-05503-A,0.6474600680806494,0.3525399319193506,1.0,7,0.4949201361612987,0.8
A-05503-A,0.6008638660806493,0.39913613391935066,1.0,7,0.4949201361612987,0.706807596
A-05503-A,0.5961442134426493,0.40385578655735066,1.0,7,0.4949201361612987,0.6973682907240001
A-05503-A,0.6007867780806493,0.3992132219193507,1.0,7,0.4949201361612987,0.70665342
A-05503-A,0.5697459740806494,0.4302540259193506,1.0,7,0.4949201361612987,0.644571812
A-05503-A,0.6474600680806494,0.3525399319193506,1.0,7,0.4949201361612987,0.8
A-05503-A,0.6108397420806494,0.3891602579193506,1.0,7,0.4949201361612987,0.7267593480000001
A-05503-A,0.5697030200806493,0.4302969799193507,1.0,7,0.4949201361612987,0.6444859039999999
A-05503-A,0.5697022580806493,0.43029774191935066,1.0,7,0.4949201361612987,0.64448438
A-05503-A,0.5697198540806494,0.4302801459193506,1.0,7,0.4949201361612987,0.644519572
A-05503-A,0.5697403520806493,0.4302596479193507,1.0,7,0.4949201361612987,0.644560568
A-05503-A,0.5684749973866493,0.4315250026133507,1.0,7,0.4949201361612987,0.6420298586119999
A-05503-A,0.5699451880806493,0.4300548119193507,1.0,7,0.4949201361612987,0.6449702399999999
A-05503-A,0.5698036202286494,0.4301963797713506,1.0,7,0.4949201361612987,0.644687104296
A-05503-A,0.5696788120806493,0.4303211879193507,1.0,7,0.4949201361612987,0.644437488
A-05503-A,0.6296915360806493,0.3703084639193507,1.0,7,0.4949201361612987,0.7644629359999999
A-05503-A,0.5922439212406494,0.4077560787593506,1.0,7,0.4949201361612987,0.68956770632
A-05503-A,0.5485234434806494,0.4514765565193506,1.0,7,0.4949201361612987,0.6021267508
A-05503-A,0.6108902180806494,0.38910978191935064,1.0,7,0.4949201361612987,0.7268603
A-05503-A,0.5683935280806494,0.43160647191935064,1.0,7,0.4949201361612987,0.64186692
A-05503-A,0.5698073580806493,0.4301926419193507,1.0,7,0.4949201361612987,0.64469458
A-05503-A,0.6474600680806494,0.3525399319193506,1.0,7,0.4949201361612987,0.8
A-05503-A,0.6474600680806494,0.3525399319193506,1.0,7,0.4949201361612987,0.8
A-05503-A,0.5698127280806493,0.4301872719193507,1.0,7,0.4949201361612987,0.64470532
A-05503-A,0.6474600680806494,0.3525399319193506,1.0,7,0.4949201361612987,0.8
A-05503-A,0.5685120260806493,0.4314879739193507,1.0,7,0.4949201361612987,0.6421039159999999
A-05503-A,0.6457120000806493,0.35428799991935067,1.0,7,0.4949201361612987,0.796503864
A-05503-A,0.7387452316992902,0.2612547683007098,1.0,7,0.4949201361612987,0.9825703272372817
A-05504-A,0.44878593261764016,0.5512140673823598,1.0,7,0.4964071019152803,0.40116476332
A-05504-A,0.5482035509576402,0.4517964490423598,1.0,7,0.4964071019152803,0.6
A-05504-A,0.46273327895764016,0.5372667210423598,1.0,7,0.4964071019152803,0.42905945600000006
A-05504-A,0.5482035509576402,0.4517964490423598,1.0,7,0.4964071019152803,0.6
A-05504-A,0.44823619797164016,0.5517638020283598,1.0,7,0.4964071019152803,0.400065294028
A-05504-A,0.45306538269364016,0.5469346173063598,1.0,7,0.4964071019152803,0.40972366347199995
A-05504-A,0.5482035509576402,0.4517964490423598,1.0,7,0.4964071019152803,0.6
A-05504-A,0.5482035509576402,0.4517964490423598,1.0,7,0.4964071019152803,0.6
A-05504-A,0.5482035509576402,0.4517964490423598,1.0,7,0.4964071019152803,0.6
A-05504-A,0.5482035509576402,0.4517964490423598,1.0,7,0.4964071019152803,0.6
A-05504-A,0.5482035509576402,0.4517964490423598,1.0,7,0.4964071019152803,0.6
A-05504-A,0.47041305965364016,0.5295869403463598,1.0,7,0.4964071019152803,0.444419017392
A-05504-A,0.5482035509576402,0.4517964490423598,1.0,7,0.4964071019152803,0.6
A-05504-A,0.5482035509576402,0.4517964490423598,1.0,7,0.4964071019152803,0.6
A-05504-A,0.44822835695364016,0.5517716430463598,1.0,7,0.4964071019152803,0.400049611992
A-05504-A,0.4788239803216402,0.5211760196783598,1.0,7,0.4964071019152803,0.461240858728
A-05504-A,0.5482035509576402,0.4517964490423598,1.0,7,0.4964071019152803,0.6
A-05504-A,0.5482035509576402,0.4517964490423598,1.0,7,0.4964071019152803,0.6
A-05504-A,0.4482562644436402,0.5517437355563598,1.0,7,0.4964071019152803,0.400105426972
A-05504-A,0.4508173349576402,0.5491826650423598,1.0,7,0.4964071019152803,0.40522756800000004
A-05504-A,0.5482035509576402,0.4517964490423598,1.0,7,0.4964071019152803,0.6
A-05504-A,0.5482035509576402,0.4517964490423598,1.0,7,0.4964071019152803,0.6
A-05504-A,0.4506708171676401,0.5493291828323599,1.0,7,0.4964071019152803,0.40493453242
A-05504-A,0.45823555185564013,0.5417644481443599,1.0,7,0.4964071019152803,0.42006400179599995
A-05504-A,0.5482035509576402,0.4517964490423598,1.0,7,0.4964071019152803,0.6
A-05504-A,0.5482035509576402,0.4517964490423598,1.0,7,0.4964071019152803,0.6
A-05504-A,0.4482263298576402,0.5517736701423598,1.0,7,0.4964071019152803,0.40004555780000006
A-05504-A,0.5482035509576402,0.4517964490423598,1.0,7,0.4964071019152803,0.6
A-05504-A,0.5482035509576402,0.4517964490423598,1.0,7,0.4964071019152803,0.6
A-05504-A,0.46812145763664015,0.5318785423633599,1.0,7,0.4964071019152803,0.43983581335800004
A-05504-A,0.44823138345264013,0.5517686165473599,1.0,7,0.4964071019152803,0.40005566499
A-05504-A,0.5482035509576402,0.4517964490423598,1.0,7,0.4964071019152803,0.6
A-05504-A,0.5482035509576402,0.4517964490423598,1.0,7,0.4964071019152803,0.6
A-05504-A,0.44836410909764013,0.5516358909023599,1.0,7,0.4964071019152803,0.40032111627999994
A-05504-A,0.5482035509576402,0.4517964490423598,1.0,7,0.4964071019152803,0.6
A-05504-A,0.5482035509576402,0.4517964490423598,1.0,7,0.4964071019152803,0.6
A-05504-A,0.5467170949976402,0.4532829050023598,1.0,7,0.4964071019152803,0.59702708808
A-05504-A,0.5482035509576402,0.4517964490423598,1.0,7,0.4964071019152803,0.6
A-05504-A,0.5482035509576402,0.4517964490423598,1.0,7,0.4964071019152803,0.6
A-05504-A,0.5482035509576402,0.4517964490423598,1.0,7,0.4964071019152803,0.6
A-05504-A,0.5482035509576402,0.4517964490423598,1.0,7,0.4964071019152803,0.6
A-05504-A,0.4482249705836402,0.5517750294163598,1.0,7,0.4964071019152803,0.400042839252
A-05504-A,0.5482035509576402,0.4517964490423598,1.0,7,0.4964071019152803,0.6
A-05504-A,0.44837528893764017,0.5516247110623598,1.0,7,0.4964071019152803,0.40034347596000003
A-05504-A,0.5482035509576402,0.4517964490423598,1.0,7,0.4964071019152803,0.6
A-05504-A,0.5482035509576402,0.4517964490423598,1.0,7,0.4964071019152803,0.6
A-05504-A,0.44822509387564013,0.5517749061243599,1.0,7,0.4964071019152803,0.40004308583599996
A-05504-A,0.5482035509576402,0.4517964490423598,1.0,7,0.4964071019152803,0.6
A-05504-A,0.44833106859964017,0.5516689314003598,1.0,7,0.4964071019152803,0.400255035284
A-05504-A,0.45375076473564013,0.5462492352643599,1.0,7,0.4964071019152803,0.41109442755599995
A-05504-A,0.4482348887516402,0.5517651112483598,1.0,7,0.4964071019152803,0.400062675588
A-05504-A,0.4501124374116402,0.5498875625883598,1.0,7,0.4964071019152803,0.40381777290800003
A-05504-A,0.5482035509576402,0.4517964490423598,1.0,7,0.4964071019152803,0.6
A-05504-A,0.4483838383416402,0.5516161616583598,1.0,7,0.4964071019152803,0.400360574768
A-05504-A,0.44961089158764017,0.5503891084123598,1.0,7,0.4964071019152803,0.40281468126000003
A-05504-A,0.45366470093564015,0.5463352990643598,1.0,7,0.4964071019152803,0.410922299956
A-05504-A,0.4483863004856401,0.5516136995143599,1.0,7,0.4964071019152803,0.40036549905599994
A-05504-A,0.5482035509576402,0.4517964490423598,1.0,7,0.4964071019152803,0.6
A-05504-A,0.4482720798596401,0.5517279201403599,1.0,7,0.4964071019152803,0.40013705780399994
A-05504-A,0.47069841863764017,0.5293015813623598,1.0,7,0.4964071019152803,0.44498973535999997
A-05504-A,0.44822672635364014,0.5517732736463599,1.0,7,0.4964071019152803,0.400046350792
A-05504-A,0.5482035509576402,0.4517964490423598,1.0,7,0.4964071019152803,0.6
A-05504-A,0.44899115410484014,0.5510088458951599,1.0,7,0.4964071019152803,0.4015752062944
A-05504-A,0.4922013309576402,0.5077986690423598,1.0,7,0.4964071019152803,0.48799556
A-05504-A,0.44837539486564015,0.5516246051343598,1.0,7,0.4964071019152803,0.40034368781600005
A-05504-A,0.5482035509576402,0.4517964490423598,1.0,7,0.4964071019152803,0.6
A-05504-A,0.44822402076664014,0.5517759792333599,1.0,7,0.4964071019152803,0.400040939618
A-05504-A,0.5482035509576402,0.4517964490423598,1.0,7,0.4964071019152803,0.6
A-05504-A,0.44835983084964015,0.5516401691503598,1.0,7,0.4964071019152803,0.40031255978400004
A-05504-A,0.5482035509576402,0.4517964490423598,1.0,7,0.4964071019152803,0.6
A-05504-A,0.5482035509576402,0.4517964490423598,1.0,7,0.4964071019152803,0.6
A-05504-A,0.4691353579056402,0.5308646420943598,1.0,7,0.4964071019152803,0.44186361389600004
A-05504-A,0.5462114616836401,0.4537885383163599,1.0,7,0.4964071019152803,0.5960158214519999
A-05504-A,0.5482035509576402,0.4517964490423598,1.0,7,0.4964071019152803,0.6
A-05504-A,0.5482035509576402,0.4517964490423598,1.0,7,0.4964071019152803,0.6
A-05504-A,0.45436727987764014,0.5456327201223599,1.0,7,0.4964071019152803,0.41232745784
A-05504-A,0.4482515083546401,0.5517484916453599,1.0,7,0.4964071019152803,0.400095914794
A-05504-A,0.5482035509576402,0.4517964490423598,1.0,7,0.4964071019152803,0.6
A-05504-A,0.5482035509576402,0.4517964490423598,1.0,7,0.4964071019152803,0.6
A-05504-A,0.5482035509576402,0.4517964490423598,1.0,7,0.4964071019152803,0.6
A-05504-A,0.5482035509576402,0.4517964490423598,1.0,7,0.4964071019152803,0.6
A-05504-A,0.5482035509576402,0.4517964490423598,1.0,7,0.4964071019152803,0.6
A-05504-A,0.44992910271764014,0.5500708972823598,1.0,7,0.4964071019152803,0.40345110351999997
A-05504-A,0.5482035509576402,0.4517964490423598,1.0,7,0.4964071019152803,0.6
A-05504-A,0.5482035509576402,0.4517964490423598,1.0,7,0.4964071019152803,0.6
A-05504-A,0.4498240590846402,0.5501759409153598,1.0,7,0.4964071019152803,0.403241016254
A-05504-A,0.44834947487764015,0.5516505251223598,1.0,7,0.4964071019152803,0.40029184784
A-05504-A,0.4482455806166401,0.5517544193833599,1.0,7,0.4964071019152803,0.40008405931799995
A-05504-A,0.5482035509576402,0.4517964490423598,1.0,7,0.4964071019152803,0.6
A-05504-A,0.5482035509576402,0.4517964490423598,1.0,7,0.4964071019152803,0.6
A-05504-A,0.5482035509576402,0.4517964490423598,1.0,7,0.4964071019152803,0.6
A-05504-A,0.5482035509576402,0.4517964490423598,1.0,7,0.4964071019152803,0.6
A-05504-A,0.5482035509576402,0.4517964490423598,1.0,7,0.4964071019152803,0.6
A-05504-A,0.5482035509576402,0.4517964490423598,1.0,7,0.4964071019152803,0.6
A-05504-A,0.5482035509576402,0.4517964490423598,1.0,7,0.4964071019152803,0.6
A-05504-A,0.5482035509576402,0.4517964490423598,1.0,7,0.4964071019152803,0.6
A-05504-A,0.5482035509576402,0.4517964490423598,1.0,7,0.4964071019152803,0.6
A-05504-A,0.5482035509576402,0.4517964490423598,1.0,7,0.4964071019152803,0.6
A-05504-A,0.5482035509576402,0.4517964490423598,1.0,7,0.4964071019152803,0.6
A-05504-A,0.5120007869576402,0.4879992130423598,1.0,7,0.4964071019152803,0.527594472
A-05504-A,0.4482337559356402,0.5517662440643598,1.0,7,0.4964071019152803,0.400060409956
A-05504-A,0.5482035509576402,0.4517964490423598,1.0,7,0.4964071019152803,0.6
A-05504-A,0.5482035509576402,0.4517964490423598,1.0,7,0.4964071019152803,0.6
A-05504-A,0.5482035509576402,0.4517964490423598,1.0,7,0.4964071019152803,0.6
A-05504-A,0.5452610921356401,0.4547389078643599,1.0,7,0.4964071019152803,0.594115082356
A-05504-A,0.4482107535782402,0.5517892464217597,1.0,7,0.4964071019152803,0.4000144052412001
A-05504-A,0.7071216702594078,0.29287832974059225,1.0,7,0.4964071019152803,0.9178362386035351
A-05507-A,0.36654719235364397,0.633452807646356,1.0,7,0.3330943847072879,0.4
A-05507-A,0.46654719235364395,0.533452807646356,1.0,7,0.3330943847072879,0.6
A-05507-A,0.46654719235364395,0.533452807646356,1.0,7,0.3330943847072879,0.6
A-05507-A,0.37073919796552396,0.6292608020344761,1.0,7,0.3330943847072879,0.40838401122376
A-05507-A,0.46654719235364395,0.533452807646356,1.0,7,0.3330943847072879,0.6
A-05507-A,0.46654719235364395,0.533452807646356,1.0,7,0.3330943847072879,0.6
A-05507-A,0.46459873635364396,0.5354012636463561,1.0,7,0.3330943847072879,0.596103088
A-05507-A,0.401561581591644,0.598438418408356,1.0,7,0.3330943847072879,0.47002877847600005
A-05507-A,0.46654719235364395,0.533452807646356,1.0,7,0.3330943847072879,0.6
A-05507-A,0.46654719235364395,0.533452807646356,1.0,7,0.3330943847072879,0.6
A-05507-A,0.46482036235364393,0.535179637646356,1.0,7,0.3330943847072879,0.59654634
A-05507-A,0.46654719235364395,0.533452807646356,1.0,7,0.3330943847072879,0.6
A-05507-A,0.46654719235364395,0.533452807646356,1.0,7,0.3330943847072879,0.6
A-05507-A,0.46654719235364395,0.533452807646356,1.0,7,0.3330943847072879,0.6
A-05507-A,0.46654719235364395,0.533452807646356,1.0,7,0.3330943847072879,0.6
A-05507-A,0.3673034141816439,0.6326965858183561,1.0,7,0.3330943847072879,0.401512443656
A-05507-A,0.46654719235364395,0.533452807646356,1.0,7,0.3330943847072879,0.6
A-05507-A,0.36752021029364396,0.6324797897063561,1.0,7,0.3330943847072879,0.40194603588
A-05507-A,0.46654719235364395,0.533452807646356,1.0,7,0.3330943847072879,0.6
A-05507-A,0.46654719235364395,0.533452807646356,1.0,7,0.3330943847072879,0.6
A-05507-A,0.46654719235364395,0.533452807646356,1.0,7,0.3330943847072879,0.6
A-05507-A,0.45412458435364395,0.5458754156463561,1.0,7,0.3330943847072879,0.575154784
A-05507-A,0.38736860986864396,0.612631390131356,1.0,7,0.3330943847072879,0.44164283503
A-05507-A,0.46654719235364395,0.533452807646356,1.0,7,0.3330943847072879,0.6
A-05507-A,0.46654719235364395,0.533452807646356,1.0,7,0.3330943847072879,0.6
A-05507-A,0.46654719235364395,0.533452807646356,1.0,7,0.3330943847072879,0.6
A-05507-A,0.46654719235364395,0.533452807646356,1.0,7,0.3330943847072879,0.6
A-05507-A,0.46654719235364395,0.533452807646356,1.0,7,0.3330943847072879,0.6
A-05507-A,0.46654719235364395,0.533452807646356,1.0,7,0.3330943847072879,0.6
A-05507-A,0.36932545115364396,0.6306745488463561,1.0,7,0.3330943847072879,0.4055565176
A-05507-A,0.3715989227136439,0.6284010772863561,1.0,7,0.3330943847072879,0.41010346072
A-05507-A,0.46654719235364395,0.533452807646356,1.0,7,0.3330943847072879,0.6
A-05507-A,0.46654719235364395,0.533452807646356,1.0,7,0.3330943847072879,0.6
A-05507-A,0.46654719235364395,0.533452807646356,1.0,7,0.3330943847072879,0.6
A-05507-A,0.36655916976564396,0.633440830234356,1.0,7,0.3330943847072879,0.400023954824
A-05507-A,0.464551144353644,0.535448855646356,1.0,7,0.3330943847072879,0.596007904
A-05507-A,0.39499672495364396,0.6050032750463561,1.0,7,0.3330943847072879,0.4568990652
A-05507-A,0.36668344253364393,0.6333165574663561,1.0,7,0.3330943847072879,0.40027250036
A-05507-A,0.46654719235364395,0.533452807646356,1.0,7,0.3330943847072879,0.6
A-05507-A,0.4972248850885207,0.5027751149114793,1.0,7,0.3330943847072879,0.6613553854697535
A-05508-A,0.43493724536885403,0.565062754631146,1.0,7,0.469865005192108,0.4000094855456
A-05508-A,0.438619193396054,0.5613808066039461,1.0,7,0.469865005192108,0.4073733816
A-05508-A,0.440151275996054,0.559848724003946,1.0,7,0.469865005192108,0.41043754680000005
A-05508-A,0.464993603596054,0.535006396403946,1.0,7,0.469865005192108,0.460122202
A-05508-A,0.43886643679605397,0.561133563203946,1.0,7,0.469865005192108,0.4078678684
A-05508-A,0.43887172739605396,0.561128272603946,1.0,7,0.469865005192108,0.40787844959999997
A-05508-A,0.43885249639605406,0.5611475036039459,1.0,7,0.469865005192108,0.40783998760000006
A-05508-A,0.438920460996054,0.561079539003946,1.0,7,0.469865005192108,0.4079759168
A-05508-A,0.5301595511960541,0.46984044880394593,1.0,7,0.469865005192108,0.5904540972000001
A-05508-A,0.438850143196054,0.561149856803946,1.0,7,0.469865005192108,0.4078352812
A-05508-A,0.534932502596054,0.46506749740394604,1.0,7,0.469865005192108,0.6
A-05508-A,0.43563582971605397,0.564364170283946,1.0,7,0.469865005192108,0.40140665424
A-05508-A,0.438844406396054,0.5611555936039461,1.0,7,0.469865005192108,0.4078238076
A-05508-A,0.43887030219605394,0.5611296978039461,1.0,7,0.469865005192108,0.40787559919999994
A-05508-A,0.527244142596054,0.472755857403946,1.0,7,0.469865005192108,0.58462328
A-05508-A,0.500905097796054,0.49909490220394603,1.0,7,0.469865005192108,0.5319451904
A-05508-A,0.438879979996054,0.561120020003946,1.0,7,0.469865005192108,0.40789495480000004
A-05508-A,0.43893639459605394,0.5610636054039461,1.0,7,0.469865005192108,0.40800778399999993
A-05508-A,0.435433302396054,0.5645666976039461,1.0,7,0.469865005192108,0.4010015996
A-05508-A,0.44302505367605405,0.556974946323946,1.0,7,0.469865005192108,0.41618510216000004
A-05508-A,0.43885979319605395,0.561140206803946,1.0,7,0.469865005192108,0.40785458119999995
A-05508-A,0.43884607679605403,0.561153923203946,1.0,7,0.469865005192108,0.4078271484
A-05508-A,0.438847614396054,0.561152385603946,1.0,7,0.469865005192108,0.4078302236
A-05508-A,0.444686286996054,0.555313713003946,1.0,7,0.469865005192108,0.4195075688
A-05508-A,0.43681821979605395,0.563181780203946,1.0,7,0.469865005192108,0.40377143439999996
A-05508-A,0.438854756396054,0.561145243603946,1.0,7,0.469865005192108,0.40784450759999996
A-05508-A,0.5299631855960539,0.47003681440394607,1.0,7,0.469865005192108,0.5900613659999999
A-05508-A,0.438873097996054,0.561126902003946,1.0,7,0.469865005192108,0.40788119080000007
A-05508-A,0.438847416996054,0.561152583003946,1.0,7,0.469865005192108,0.4078298288
A-05508-A,0.439266496996054,0.560733503003946,1.0,7,0.469865005192108,0.4086679888
A-05508-A,0.435441372796054,0.564558627203946,1.0,7,0.469865005192108,0.40101774040000004
A-05508-A,0.478827404716054,0.521172595283946,1.0,7,0.469865005192108,0.48778980424
A-05508-A,0.43885960279605396,0.561140397203946,1.0,7,0.469865005192108,0.4078542004
A-05508-A,0.445852515776054,0.554147484223946,1.0,7,0.469865005192108,0.42184002635999995
A-05508-A,0.438856087796054,0.561143912203946,1.0,7,0.469865005192108,0.4078471704
A-05508-A,0.528260292596054,0.471739707403946,1.0,7,0.469865005192108,0.58665558
A-05508-A,0.43543053439605406,0.5645694656039459,1.0,7,0.469865005192108,0.40099606360000006
A-05508-A,0.438833830396054,0.561166169603946,1.0,7,0.469865005192108,0.4078026556
A-05508-A,0.438849070596054,0.5611509294039461,1.0,7,0.469865005192108,0.407833136
A-05508-A,0.438853627596054,0.561146372403946,1.0,7,0.469865005192108,0.40784225
A-05508-A,0.435556311456054,0.564443688543946,1.0,7,0.469865005192108,0.40124761772
A-05508-A,0.487912236996054,0.512087763003946,1.0,7,0.469865005192108,0.5059594688
A-05508-A,0.438910672796054,0.561089327203946,1.0,7,0.469865005192108,0.4079563404
A-05508-A,0.438877504596054,0.561122495403946,1.0,7,0.469865005192108,0.4078900040000001
A-05508-A,0.438866006396054,0.561133993603946,1.0,7,0.469865005192108,0.4078670076
A-05508-A,0.43884822959605396,0.561151770403946,1.0,7,0.469865005192108,0.407831454
A-05508-A,0.462705306196054,0.537294693803946,1.0,7,0.469865005192108,0.45554560720000004
A-05508-A,0.43888221779605396,0.561117782203946,1.0,7,0.469865005192108,0.4078994304
A-05508-A,0.525436836596054,0.474563163403946,1.0,7,0.469865005192108,0.581008668
A-05508-A,0.43887818419605396,0.561121815803946,1.0,7,0.469865005192108,0.40789136319999997
A-05508-A,0.438883315796054,0.561116684203946,1.0,7,0.469865005192108,0.4079016264
A-05508-A,0.43886874319605396,0.561131256803946,1.0,7,0.469865005192108,0.40787248119999997
A-05508-A,0.435642855596054,0.564357144403946,1.0,7,0.469865005192108,0.401420706
A-05508-A,0.44355343379605405,0.556446566203946,1.0,7,0.469865005192108,0.41724186240000005
A-05508-A,0.44500731779605396,0.554992682203946,1.0,7,0.469865005192108,0.4201496304
A-05508-A,0.438842809796054,0.561157190203946,1.0,7,0.469865005192108,0.4078206144
A-05508-A,0.438863420596054,0.561136579403946,1.0,7,0.469865005192108,0.40786183600000003
A-05508-A,0.534932502596054,0.46506749740394604,1.0,7,0.469865005192108,0.6
A-05508-A,0.43917462869605406,0.5608253713039459,1.0,7,0.469865005192108,0.40848425220000006
A-05508-A,0.438538877796054,0.5614611222039461,1.0,7,0.469865005192108,0.4072127504
A-05508-A,0.468016519596054,0.531983480403946,1.0,7,0.469865005192108,0.466168034
A-05508-A,0.438528046196054,0.561471953803946,1.0,7,0.469865005192108,0.4071910872
A-05508-A,0.43886968239605395,0.561130317603946,1.0,7,0.469865005192108,0.40787435959999996
A-05508-A,0.47758492859605395,0.522415071403946,1.0,7,0.469865005192108,0.48530485199999995
A-05508-A,0.453528777596054,0.5464712224039461,1.0,7,0.469865005192108,0.43719254999999996
A-05508-A,0.43903030549605393,0.5609696945039461,1.0,7,0.469865005192108,0.4081956057999999
A-05508-A,0.44912913659605397,0.5508708634039461,1.0,7,0.469865005192108,0.42839326799999994
A-05508-A,0.440879791996054,0.559120208003946,1.0,7,0.469865005192108,0.41189457879999997
A-05508-A,0.43889583272005406,0.5611041672799459,1.0,7,0.469865005192108,0.40792666024800006
A-05508-A,0.438851924196054,0.561148075803946,1.0,7,0.469865005192108,0.4078388432000001
A-05508-A,0.439547248456054,0.560452751543946,1.0,7,0.469865005192108,0.40922949172
A-05508-A,0.438845399396054,0.5611546006039461,1.0,7,0.469865005192108,0.4078257936
A-05508-A,0.43567040833605397,0.564329591663946,1.0,7,0.469865005192108,0.40147581148
A-05508-A,0.6918307822989219,0.3081692177010781,1.0,7,0.469865005192108,0.9137965594057359
