placa,market,plan_type,balance,payment,term_months,protections_allowed,protections_used,protections_remaining,contract_status,contract_valid_until,contract_reset_cycle_days,requires_manual_review,expected_payment,bank_transfer,cash_collection,observed_payment,arrears_amount,coverage_ratio_30d,coverage_ratio_14d,coverage_ratio_7d,gnv_credit_30d,gnv_credit_14d,gnv_credit_7d,litros_30d,avg_30d_litros,downtime_hours_30d,downtime_hours_14d,downtime_hours_7d,distance_km_30d,engine_hours_30d,fault_events_30d,hase_consumption_gap_flag,hase_fault_alert_flag,hase_telemetry_ok_flag,has_recent_promise_break,last_protection_at,scenario,risk_story
LAB-000,EDOMEX - ECATEPEC,proteccion_ilimitada,610000,20500,60,4,4,0,active,2026-03-10,180,False,20500,13464.13,8242.16,21706.29,0.0,0.867,0.901,0.868,15444.62,18465.19,17797.86,652.22,21.74,129.58,73.04,43.0,1861.4,59.2,0,0,0,1,0,2025-08-10,baseline,baseline
LAB-001,AGUASCALIENTES,proteccion_basica,470000,16800,44,2,0,2,active,2025-12-06,240,False,16800,8261.24,8033.87,16295.11,504.89,0.407,0.338,0.257,6533.1,5670.27,4317.7,200.0,6.67,280.0,160.0,96.0,530.1,18.6,2,0,0,0,0,2025-08-18,baseline,baseline
LAB-002,EDOMEX - ECATEPEC,proteccion_basica,470000,16800,44,2,0,2,active,2026-03-16,240,False,16800,8863.9,4105.14,12969.04,3830.96,1.6,1.5,1.4,26183.15,25200.0,23520.0,3800.0,126.67,5.82,3.47,0.46,10762.0,378.9,0,1,0,1,0,2025-06-04,consumption_gap,consumption_gap
LAB-003,EDOMEX - ECATEPEC,proteccion_caduca,455000,17200,40,2,1,1,active,2026-04-09,365,False,17200,7836.0,7704.62,15540.62,1659.38,0.433,0.384,0.113,7820.32,6613.12,1936.83,212.62,7.09,280.0,111.99,64.38,683.1,23.5,5,0,1,1,0,2025-08-02,fault_alert,fault_alert
LAB-004,EDOMEX - TLANEPANTLA,proteccion_basica,470000,16800,44,2,0,2,active,2026-02-16,240,False,16800,10964.22,6074.2,17038.42,0.0,0.1,0.057,0.057,1630.37,960.89,960.89,200.0,6.67,34.41,34.41,34.41,560.6,17.6,0,0,0,1,0,2025-06-02,baseline,baseline
LAB-005,AGUASCALIENTES,proteccion_total,520000,19000,48,3,3,-1,active,2026-04-27,365,True,19000,5333.31,4447.58,9780.89,9219.11,0.821,0.346,0.183,16044.16,6581.51,3468.0,752.14,25.07,222.07,104.12,53.0,2408.9,75.8,1,0,0,1,0,2025-07-30,delinquency,proteccion_negativa
LAB-006,EDOMEX - TLANEPANTLA,proteccion_basica,470000,16800,44,2,0,2,active,2026-05-03,240,False,16800,10126.86,7051.63,17178.49,-1404.75,0.131,0.093,0.07,2334.31,1558.75,1184.31,200.0,6.67,33.06,18.99,9.45,625.3,24.6,0,0,0,1,0,2025-08-31,baseline,baseline
LAB-007,AGUASCALIENTES,proteccion_caduca,455000,17200,40,2,0,2,active,2025-11-21,365,False,17200,5209.74,9314.47,14524.21,2675.79,1.452,0.686,0.357,26566.45,11794.05,6136.02,1140.14,38.0,154.69,51.69,25.1,3108.6,102.8,0,0,0,1,1,2025-07-03,delinquency,promesa_incumplida
LAB-008,AGUASCALIENTES,proteccion_total,520000,19000,48,3,3,-1,active,2026-02-06,365,True,19000,5414.31,8588.54,14002.85,4997.15,0.171,0.135,0.12,2982.13,2565.08,2284.74,200.0,6.67,5.3,5.26,7.45,559.6,22.0,0,0,0,1,1,2025-07-27,delinquency,proteccion_negativa
LAB-009,EDOMEX - TLANEPANTLA,proteccion_total,520000,19000,48,3,3,0,active,2026-04-14,365,False,19000,9699.84,5975.34,15675.18,3324.82,0.952,0.992,1.025,16486.77,18851.69,19475.31,470.96,15.7,121.63,109.96,41.87,1263.5,47.4,5,0,1,1,0,2025-07-12,fault_alert,fault_alert
LAB-010,EDOMEX - ECATEPEC,proteccion_total,520000,19000,48,3,2,1,active,2026-03-03,365,False,19000,9106.56,7433.04,16539.6,2460.4,0.306,0.249,0.098,4947.27,4730.17,1862.98,211.87,7.06,199.73,110.18,84.57,601.1,21.4,2,1,0,1,0,2025-07-13,consumption_gap,consumption_gap
LAB-011,AGUASCALIENTES,proteccion_caduca,455000,17200,40,2,1,1,active,2026-02-22,365,False,17200,9956.27,7884.96,17841.23,0.0,0.1,0.05,0.035,1701.52,860.0,604.72,200.0,6.67,8.99,3.07,5.88,530.4,19.9,0,0,0,1,0,2025-07-02,baseline,baseline
LAB-012,AGUASCALIENTES,proteccion_basica,470000,16800,44,2,2,0,active,2025-11-12,240,False,16800,9774.89,6959.91,16734.8,65.2,1.045,1.086,1.062,17502.57,18242.59,17840.53,404.86,13.5,164.83,77.63,39.4,1114.7,43.4,0,0,0,1,0,2025-07-30,baseline,baseline
LAB-013,EDOMEX - TLANEPANTLA,proteccion_basica,470000,16800,44,2,0,2,active,2026-02-06,240,False,16800,11747.68,4926.87,16674.55,125.45,0.953,0.947,0.902,15236.85,15908.02,15157.99,349.26,11.64,46.19,46.19,46.19,926.3,29.9,0,0,0,1,0,2025-07-31,baseline,baseline
LAB-014,EDOMEX - TLANEPANTLA,proteccion_total,520000,19000,48,3,0,3,active,2026-02-14,365,False,19000,10291.99,7539.5,17831.49,1168.51,0.68,0.619,0.124,11635.6,11756.93,2363.36,244.47,8.15,280.0,97.75,58.0,767.5,25.0,1,1,0,1,0,2025-07-01,consumption_gap,consumption_gap
LAB-015,EDOMEX - TLANEPANTLA,proteccion_total,520000,19000,48,3,0,3,active,2025-12-15,365,False,19000,11836.75,7382.84,19219.59,0.0,1.022,0.518,0.25,18679.89,9836.03,4753.09,802.66,26.76,194.37,86.55,40.99,2288.7,77.3,1,0,0,1,0,2025-09-03,baseline,baseline
LAB-016,EDOMEX - TLANEPANTLA,proteccion_ilimitada,610000,20500,60,4,1,3,active,2025-12-24,180,False,20500,10997.61,5502.13,16499.74,4000.26,0.1,0.05,0.033,1974.67,1025.0,674.98,200.0,6.67,58.06,29.95,8.53,555.1,18.3,0,1,0,1,0,2025-08-11,consumption_gap,consumption_gap
LAB-017,EDOMEX - TLANEPANTLA,proteccion_light,360000,13500,36,1,0,1,active,2025-12-31,180,False,13500,6800.1,6748.29,13548.39,0.0,0.85,0.866,0.896,10275.3,11687.38,12095.84,783.5,26.12,23.64,23.64,23.64,2532.1,87.1,0,0,0,1,0,2025-07-16,baseline,baseline
LAB-018,EDOMEX - TLANEPANTLA,proteccion_light,360000,13500,36,1,1,0,active,2025-12-11,180,False,13500,8409.14,6164.07,14573.21,0.0,0.1,0.062,0.062,1470.32,836.58,836.58,200.0,6.67,22.91,22.91,22.91,563.1,21.8,0,0,0,1,0,2025-08-30,baseline,baseline
LAB-019,EDOMEX - ECATEPEC,proteccion_basica,470000,16800,44,2,2,0,active,2026-03-14,240,False,16800,11104.59,5094.55,16199.14,600.86,1.071,1.035,1.066,15367.75,17390.24,17911.56,736.49,24.55,280.0,139.34,69.28,2165.1,79.5,2,0,0,0,0,2025-09-05,baseline,baseline
LAB-020,EDOMEX - TLANEPANTLA,proteccion_caduca,455000,17200,40,2,2,-1,expired,2026-04-21,365,True,17200,6037.47,4898.75,10936.22,6263.78,1.6,1.5,1.4,29603.96,25800.0,24080.0,3800.0,126.67,3.28,4.0,1.74,10087.3,336.3,0,0,0,1,0,2025-08-04,delinquency,proteccion_negativa
LAB-021,EDOMEX - TLANEPANTLA,proteccion_total,520000,19000,48,3,0,3,active,2025-12-28,365,False,19000,13195.66,6903.48,20099.14,0.0,0.487,0.433,0.143,9254.31,8223.58,2715.39,277.4,9.25,280.0,122.15,28.94,784.1,27.7,2,0,0,0,0,2025-09-04,baseline,baseline
LAB-022,EDOMEX - ECATEPEC,proteccion_basica,470000,16800,44,2,1,1,expired,2026-05-05,240,True,16800,4156.09,6122.21,10278.3,6521.7,0.358,0.259,0.032,6122.67,4344.16,533.32,200.0,6.67,279.39,99.96,66.72,578.8,20.8,2,0,0,1,1,2025-07-05,delinquency,promesa_incumplida
LAB-023,EDOMEX - ECATEPEC,proteccion_light,360000,13500,36,1,0,1,active,2025-11-19,180,False,13500,5999.54,4493.31,10492.85,3007.15,1.6,1.5,1.4,18401.43,20250.0,18900.0,3800.0,126.67,5.76,1.16,0.84,10046.5,316.9,0,1,0,1,0,2025-08-17,consumption_gap,consumption_gap
LAB-024,EDOMEX - TLANEPANTLA,proteccion_basica,470000,16800,44,2,2,0,active,2026-03-27,240,False,16800,7833.61,10067.52,17901.13,0.0,0.889,0.889,0.883,16195.73,14927.29,14842.7,422.65,14.09,23.37,23.37,23.37,1255.2,44.3,0,0,0,1,0,2025-08-29,baseline,baseline
LAB-025,EDOMEX - TLANEPANTLA,proteccion_light,360000,13500,36,1,1,0,active,2025-11-22,180,False,13500,6809.98,7100.8,13910.78,0.0,0.439,0.201,0.099,5559.45,2712.27,1340.88,365.63,12.19,280.0,133.97,67.14,1214.0,41.1,2,0,0,0,0,2025-06-03,baseline,baseline
LAB-026,EDOMEX - ECATEPEC,proteccion_total,520000,19000,48,3,1,2,active,2026-04-23,365,False,19000,10420.35,7197.95,17618.3,1381.7,0.317,0.19,0.272,5936.71,3613.67,5167.11,200.0,6.67,280.0,160.0,96.0,597.2,20.9,4,0,1,0,0,2025-07-11,fault_alert,fault_alert
LAB-027,EDOMEX - TLANEPANTLA,proteccion_total,520000,19000,48,3,0,3,active,2026-02-16,365,False,19000,7183.0,7506.31,14689.31,4310.69,0.478,0.435,0.099,8193.66,8258.65,1889.72,200.0,6.67,280.0,110.61,61.4,592.7,19.2,1,1,0,1,0,2025-09-04,consumption_gap,consumption_gap
LAB-028,EDOMEX - TLANEPANTLA,proteccion_total,520000,19000,48,3,0,3,active,2026-01-22,365,False,19000,12353.23,8147.37,20500.6,0.0,1.505,1.45,1.316,29238.33,27544.01,24995.66,3800.0,126.67,5.34,1.46,4.38,10691.6,384.5,0,0,0,1,0,2025-08-13,baseline,baseline
LAB-029,AGUASCALIENTES,proteccion_light,360000,13500,36,1,1,0,active,2026-04-17,180,False,13500,7888.98,5266.0,13154.98,345.02,0.179,0.098,0.081,2287.03,1323.88,1097.56,200.0,6.67,42.4,17.08,0.71,578.0,20.5,0,0,0,1,0,2025-07-28,baseline,baseline
LAB-030,EDOMEX - ECATEPEC,proteccion_caduca,455000,17200,40,2,1,1,active,2025-12-30,365,False,17200,10675.7,6059.45,16735.15,464.85,0.539,0.248,0.127,9769.51,4268.84,2192.28,448.77,14.96,265.93,125.57,63.24,1198.4,38.1,1,0,0,0,0,2025-08-24,baseline,baseline
LAB-031,EDOMEX - TLANEPANTLA,proteccion_total,520000,19000,48,3,3,0,active,2026-02-26,365,True,19000,10335.0,7918.16,18253.16,746.84,1.6,1.5,1.4,30858.31,28500.0,26600.0,3800.0,126.67,4.55,5.72,4.38,11834.8,396.5,2,0,1,1,0,2025-06-04,fault_alert,fault_alert
LAB-032,EDOMEX - ECATEPEC,proteccion_caduca,455000,17200,40,2,0,2,active,2025-12-26,365,False,17200,9902.53,7077.62,16980.15,-2053.36,0.405,0.341,0.273,6271.48,5871.87,4700.15,200.0,6.67,280.0,160.0,90.77,548.2,18.8,1,0,0,0,0,2025-08-12,baseline,baseline
LAB-033,EDOMEX - ECATEPEC,proteccion_total,520000,19000,48,3,3,0,active,2026-01-22,365,False,19000,9209.09,9754.88,18963.97,36.03,0.44,0.186,0.089,8297.72,3525.39,1683.83,358.0,11.93,280.0,131.9,67.36,1067.1,38.4,2,0,0,0,0,2025-06-28,baseline,baseline
LAB-034,EDOMEX - TLANEPANTLA,proteccion_light,360000,13500,36,1,1,0,active,2026-01-19,180,False,13500,7504.45,5904.22,13408.67,91.33,1.125,1.119,1.071,15313.58,15108.04,14459.52,534.63,17.82,263.04,125.57,62.78,1740.8,65.2,4,0,1,0,0,2025-08-15,fault_alert,fault_alert
LAB-035,EDOMEX - TLANEPANTLA,proteccion_basica,470000,16800,44,2,1,1,active,2025-12-14,240,False,16800,8400.43,7763.99,16164.42,635.58,0.576,0.243,0.12,9842.06,4080.09,2016.41,483.6,16.12,256.97,125.76,63.37,1636.5,60.4,1,0,0,0,0,2025-06-18,baseline,baseline
LAB-036,AGUASCALIENTES,proteccion_caduca,455000,17200,40,2,0,2,active,2026-04-23,365,False,17200,7693.29,5893.71,13587.0,3613.0,0.843,0.881,0.856,13822.92,15152.4,14726.45,688.46,22.95,87.82,87.82,23.82,2218.4,70.6,0,1,0,1,0,2025-08-23,consumption_gap,consumption_gap
LAB-037,EDOMEX - TLANEPANTLA,proteccion_caduca,455000,17200,40,2,0,2,expired,2025-12-01,365,True,17200,7315.52,6851.16,14166.68,3033.32,0.987,0.992,1.024,15462.48,17056.67,17619.78,703.44,23.45,106.62,106.62,72.38,1940.2,66.2,0,0,0,1,1,2025-06-14,delinquency,promesa_incumplida
LAB-038,EDOMEX - TLANEPANTLA,proteccion_basica,470000,16800,44,2,1,1,active,2026-03-12,240,False,16800,6956.97,5593.58,12550.55,4249.45,0.389,0.314,0.117,6019.45,5281.75,1959.08,200.0,6.67,280.0,140.05,96.0,601.9,23.1,1,0,0,0,1,2025-06-13,delinquency,promesa_incumplida
LAB-039,EDOMEX - TLANEPANTLA,proteccion_light,360000,13500,36,1,1,0,active,2025-12-18,180,True,13500,7151.1,5322.22,12473.32,1026.68,0.532,0.254,0.119,6508.79,3429.73,1606.63,439.95,14.66,266.16,125.48,62.42,1370.4,49.1,4,0,1,0,0,2025-07-05,fault_alert,fault_alert
LAB-040,EDOMEX - ECATEPEC,proteccion_caduca,455000,17200,40,2,1,1,active,2025-12-04,365,False,17200,8970.21,8359.55,17329.76,0.0,0.671,0.582,0.075,11852.67,10005.56,1282.75,200.0,6.67,280.0,131.66,75.22,658.6,21.5,1,0,0,0,0,2025-06-30,baseline,baseline
LAB-041,EDOMEX - TLANEPANTLA,proteccion_light,360000,13500,36,1,1,0,active,2026-01-28,180,False,13500,6506.67,4368.74,10875.41,2624.59,0.455,0.328,0.02,5787.08,4425.03,270.0,200.0,6.67,280.0,160.0,96.0,526.6,16.9,4,0,1,0,0,2025-06-25,fault_alert,fault_alert
LAB-042,EDOMEX - TLANEPANTLA,proteccion_total,520000,19000,48,3,1,2,active,2026-03-01,365,True,19000,8816.82,8127.77,16944.59,2055.41,0.317,0.28,0.195,6461.62,5329.46,3709.89,200.0,6.67,280.0,160.0,96.0,579.6,18.2,5,0,1,0,0,2025-07-28,fault_alert,fault_alert
LAB-043,EDOMEX - TLANEPANTLA,proteccion_light,360000,13500,36,1,1,0,active,2026-01-17,180,False,13500,7474.37,6047.31,13521.68,0.0,0.177,0.177,0.112,2501.43,2394.93,1508.05,200.0,6.67,130.73,130.73,73.32,622.1,20.2,0,0,0,0,0,2025-08-14,baseline,baseline
LAB-044,EDOMEX - TLANEPANTLA,proteccion_ilimitada,610000,20500,60,4,3,1,active,2026-03-27,180,False,20500,14093.14,7288.56,21381.7,0.0,1.366,1.361,1.343,26450.86,27901.96,27532.89,3800.0,126.67,0.94,4.85,4.24,10226.8,401.9,0,0,0,1,0,2025-06-07,baseline,baseline
LAB-045,AGUASCALIENTES,proteccion_total,520000,19000,48,3,1,2,active,2025-12-02,365,False,19000,9435.3,9273.89,18709.19,290.81,0.89,0.403,0.204,16825.67,7660.08,3875.54,726.66,24.22,209.7,98.67,49.03,2095.4,70.0,2,0,0,1,0,2025-07-04,baseline,baseline
LAB-046,EDOMEX - ECATEPEC,proteccion_caduca,455000,17200,40,2,2,0,active,2026-02-12,365,False,17200,10403.02,6212.33,16615.35,584.65,1.6,1.5,1.4,29540.28,25800.0,24080.0,3800.0,126.67,4.93,0.64,5.95,12409.1,414.0,0,0,0,1,0,2025-05-31,baseline,baseline
LAB-047,AGUASCALIENTES,proteccion_basica,470000,16800,44,2,2,0,active,2026-01-05,240,False,16800,7427.0,7699.32,15126.32,1673.68,1.6,1.5,1.4,29513.76,25200.0,23520.0,3800.0,126.67,4.7,5.71,5.5,12644.3,474.9,0,1,0,1,0,2025-08-20,consumption_gap,consumption_gap
LAB-048,EDOMEX - TLANEPANTLA,proteccion_ilimitada,610000,20500,60,4,2,2,active,2026-03-27,180,False,20500,11785.84,6094.85,17880.69,2619.31,0.236,0.186,0.139,5005.37,3820.59,2854.12,200.0,6.67,13.92,7.68,10.61,565.4,21.6,5,0,1,1,0,2025-07-11,fault_alert,fault_alert
LAB-049,EDOMEX - ECATEPEC,proteccion_caduca,455000,17200,40,2,1,1,active,2025-12-14,365,False,17200,9621.74,7201.54,16823.28,376.72,0.391,0.368,0.188,7068.33,6325.25,3227.36,200.0,6.67,280.0,160.0,67.84,541.0,19.9,1,0,0,0,0,2025-08-25,baseline,baseline
LAB-050,EDOMEX - ECATEPEC,proteccion_basica,470000,16800,44,2,1,1,active,2026-01-17,240,False,16800,9735.85,6233.32,15969.17,830.83,0.572,0.237,0.123,9728.47,3987.31,2066.79,504.2,16.81,270.24,123.67,62.72,1527.8,58.8,2,0,0,0,0,2025-08-02,baseline,baseline
LAB-051,EDOMEX - ECATEPEC,proteccion_total,520000,19000,48,3,0,3,active,2026-03-14,365,False,19000,12678.66,7786.45,20465.11,0.0,0.556,0.257,0.156,8981.15,4876.34,2971.37,509.24,16.97,269.92,125.86,63.28,1402.4,50.2,2,0,0,0,0,2025-07-26,baseline,baseline
LAB-052,EDOMEX - TLANEPANTLA,proteccion_ilimitada,610000,20500,60,4,2,2,active,2026-05-01,180,False,20500,9554.35,6677.38,16231.73,4268.27,0.514,0.218,0.116,10517.21,4469.51,2375.0,432.64,14.42,271.98,128.03,64.78,1184.8,38.3,1,1,0,0,0,2025-08-02,consumption_gap,consumption_gap
LAB-053,EDOMEX - ECATEPEC,proteccion_ilimitada,610000,20500,60,4,3,1,active,2025-11-22,180,False,20500,10614.29,8644.41,19258.7,1241.3,1.383,0.657,0.338,26256.19,13459.86,6925.95,1086.09,36.2,133.48,61.74,29.76,3379.5,122.9,2,0,1,1,0,2025-07-22,fault_alert,fault_alert
LAB-054,AGUASCALIENTES,proteccion_caduca,455000,17200,40,2,2,0,active,2026-01-04,365,False,17200,9049.58,8593.77,17643.35,0.0,1.049,0.473,0.223,17058.33,8143.33,3842.27,1048.46,34.95,186.56,85.31,42.85,2786.9,87.3,1,0,0,1,0,2025-07-29,baseline,baseline
LAB-055,EDOMEX - TLANEPANTLA,proteccion_total,520000,19000,48,3,1,2,active,2026-01-25,365,False,19000,11304.59,4800.36,16104.95,2895.05,0.1,0.05,0.02,1759.38,950.0,380.0,200.0,6.67,11.84,11.84,11.84,522.3,19.3,2,0,1,1,0,2025-06-10,fault_alert,fault_alert
LAB-056,AGUASCALIENTES,proteccion_basica,470000,16800,44,2,0,2,active,2026-04-19,240,False,16800,8584.11,8811.73,17395.84,-1055.54,1.6,1.5,1.4,24226.77,25200.0,23520.0,3800.0,126.67,3.19,1.68,1.01,12051.4,421.1,0,0,0,1,0,2025-09-01,baseline,baseline
LAB-057,EDOMEX - TLANEPANTLA,proteccion_light,360000,13500,36,1,0,1,active,2026-02-28,180,False,13500,6890.53,6509.25,13399.78,100.22,0.104,0.074,0.062,1458.02,999.04,837.8,200.0,6.67,11.01,8.83,3.75,554.3,20.1,0,0,0,1,0,2025-08-03,baseline,baseline
LAB-058,EDOMEX - TLANEPANTLA,proteccion_basica,470000,16800,44,2,0,2,active,2026-04-15,240,False,16800,7890.46,8477.4,16367.86,432.14,1.6,1.5,1.4,27942.59,25200.0,23520.0,3800.0,126.67,5.95,5.14,4.82,12129.0,417.8,0,0,0,1,0,2025-07-17,baseline,baseline
LAB-059,EDOMEX - TLANEPANTLA,proteccion_basica,470000,16800,44,2,2,0,active,2026-02-12,240,False,16800,10868.13,7262.42,18130.55,0.0,1.135,1.155,1.19,18486.85,19404.43,19992.77,378.87,12.63,11.78,11.78,11.78,1150.3,38.5,0,0,0,1,0,2025-08-16,baseline,baseline
LAB-060,EDOMEX - TLANEPANTLA,proteccion_total,520000,19000,48,3,3,0,active,2026-03-04,365,False,19000,11201.23,7929.77,19131.0,0.0,0.231,0.156,0.143,4063.29,2963.61,2712.71,200.0,6.67,280.0,160.0,96.0,524.6,20.9,1,0,0,0,0,2025-07-02,baseline,baseline
LAB-061,AGUASCALIENTES,proteccion_light,360000,13500,36,1,0,1,active,2026-04-03,180,False,13500,7170.49,6578.69,13749.18,0.0,0.226,0.117,0.086,2851.82,1578.53,1162.43,200.0,6.67,49.02,32.58,4.83,675.3,24.4,0,0,0,1,0,2025-07-22,baseline,baseline
LAB-062,AGUASCALIENTES,proteccion_caduca,455000,17200,40,2,0,2,active,2026-02-01,365,False,17200,7969.76,9249.76,17219.52,0.0,1.081,0.487,0.229,18388.77,8369.13,3947.22,1187.79,39.59,169.94,80.05,41.47,3542.5,112.6,0,0,0,1,0,2025-06-16,baseline,baseline
LAB-063,EDOMEX - ECATEPEC,proteccion_total,520000,19000,48,3,1,2,active,2026-01-20,365,False,19000,8255.87,8361.79,16617.66,2382.34,1.214,1.206,1.099,24368.92,22905.41,20871.7,3800.0,126.67,2.67,2.2,1.67,10992.0,434.0,2,0,1,1,0,2025-07-19,fault_alert,fault_alert
LAB-064,AGUASCALIENTES,proteccion_ilimitada,610000,20500,60,4,0,4,active,2026-04-06,180,False,20500,8462.12,10170.79,18632.91,1867.09,0.78,0.568,0.169,16756.95,11638.07,3459.67,200.0,6.67,280.0,160.0,75.71,567.8,19.3,1,1,0,0,0,2025-07-15,consumption_gap,consumption_gap
LAB-065,EDOMEX - ECATEPEC,proteccion_basica,470000,16800,44,2,1,1,active,2025-12-15,240,False,16800,8720.63,7627.18,16347.81,452.19,0.1,0.089,0.089,1766.07,1503.06,1503.06,200.0,6.67,56.45,56.45,56.45,635.1,21.2,3,0,1,1,0,2025-07-30,fault_alert,fault_alert
LAB-066,EDOMEX - ECATEPEC,proteccion_total,520000,19000,48,3,3,0,active,2026-04-27,365,False,19000,12068.15,7940.85,20009.0,0.0,0.583,0.287,0.136,11938.17,5447.47,2583.03,505.87,16.86,263.3,120.07,59.78,1539.7,59.8,2,0,0,0,0,2025-07-30,baseline,baseline
LAB-067,EDOMEX - ECATEPEC,proteccion_light,360000,13500,36,1,0,1,active,2025-12-29,180,False,13500,8234.67,5400.22,13634.89,-952.6,0.94,0.9,0.922,12361.43,12156.72,12446.81,503.03,16.77,260.24,119.38,60.12,1541.9,56.1,1,0,0,1,0,2025-07-04,baseline,baseline
LAB-068,EDOMEX - ECATEPEC,proteccion_total,520000,19000,48,3,2,1,active,2025-11-26,365,False,19000,10945.94,8084.11,19030.05,0.0,0.923,0.926,0.939,17213.69,17602.29,17846.2,544.29,18.14,13.46,0.0,0.0,1705.6,64.1,0,0,0,1,0,2025-09-08,baseline,baseline
LAB-069,EDOMEX - ECATEPEC,proteccion_basica,470000,16800,44,2,0,2,active,2026-02-10,240,False,16800,9755.09,7332.47,17087.56,0.0,0.476,0.218,0.11,7659.61,3662.28,1851.8,402.83,13.43,280.0,130.36,65.44,1156.8,38.7,2,0,0,0,0,2025-08-08,baseline,baseline
LAB-070,AGUASCALIENTES,proteccion_basica,470000,16800,44,2,1,1,active,2026-03-26,240,False,16800,7131.72,6424.53,13556.25,3243.75,0.649,0.501,0.409,10838.18,8412.27,6869.38,200.0,6.67,280.0,152.18,34.59,650.3,23.2,5,0,1,0,0,2025-09-02,fault_alert,fault_alert
LAB-071,EDOMEX - ECATEPEC,proteccion_total,520000,19000,48,3,0,3,active,2025-11-22,365,False,19000,8589.86,11207.89,19797.75,0.0,0.1,0.05,0.02,1965.67,950.0,380.0,200.0,6.67,11.78,11.78,11.78,551.6,19.7,0,0,0,1,0,2025-07-13,baseline,baseline
LAB-072,EDOMEX - ECATEPEC,proteccion_basica,470000,16800,44,2,1,1,active,2025-12-15,240,False,16800,9970.6,6570.45,16541.05,258.95,1.6,1.5,1.4,24158.31,25200.0,23520.0,3130.2,104.34,4.67,1.21,0.06,8702.0,281.3,2,0,1,1,0,2025-06-17,fault_alert,fault_alert
LAB-073,EDOMEX - TLANEPANTLA,proteccion_total,520000,19000,48,3,3,0,active,2026-03-03,365,False,19000,11058.74,9262.78,20321.52,0.0,0.679,0.334,0.134,11048.82,6339.72,2550.37,493.56,16.45,243.59,111.61,54.84,1352.5,52.6,2,0,0,1,0,2025-07-04,baseline,baseline
LAB-074,EDOMEX - ECATEPEC,proteccion_ilimitada,610000,20500,60,4,0,4,active,2026-03-10,180,False,20500,8382.61,7187.87,15570.48,4929.52,1.6,1.5,1.4,28016.43,30750.0,28700.0,3800.0,126.67,1.79,1.41,1.49,10888.5,362.0,0,0,0,1,0,2025-07-02,delinquency,delinquency
LAB-075,AGUASCALIENTES,proteccion_ilimitada,610000,20500,60,4,3,1,expired,2026-02-13,180,True,20500,6480.87,4765.64,11246.51,9253.49,0.103,0.058,0.046,2101.45,1194.82,944.35,200.0,6.67,46.94,27.28,0.51,574.4,20.4,0,0,0,1,0,2025-06-01,delinquency,delinquency
LAB-076,AGUASCALIENTES,proteccion_ilimitada,610000,20500,60,4,1,3,active,2026-01-14,180,False,20500,10245.68,7666.22,17911.9,2588.1,0.368,0.308,0.263,7242.14,6321.12,5383.63,200.0,6.67,280.0,160.0,96.0,566.5,22.4,5,0,1,0,0,2025-08-09,fault_alert,fault_alert
LAB-077,EDOMEX - ECATEPEC,proteccion_total,520000,19000,48,3,1,2,active,2026-01-20,365,True,19000,10051.81,5845.34,15897.15,3102.85,0.456,0.229,0.108,9304.69,4346.23,2059.24,403.06,13.44,280.0,130.94,65.01,1308.7,50.0,3,0,1,0,0,2025-06-18,fault_alert,fault_alert
LAB-078,AGUASCALIENTES,proteccion_basica,470000,16800,44,2,1,1,active,2026-02-06,240,False,16800,7924.0,8607.82,16531.82,268.18,0.805,0.793,0.81,13249.49,13317.01,13612.36,710.18,23.67,191.35,90.68,45.73,2071.2,78.1,1,0,0,1,0,2025-08-24,baseline,baseline
LAB-079,EDOMEX - TLANEPANTLA,proteccion_basica,470000,16800,44,2,0,2,active,2026-01-29,240,False,16800,8742.8,4167.94,12910.74,3889.26,0.1,0.05,0.02,1672.5,840.0,336.0,200.0,6.67,11.83,11.83,11.83,660.7,23.0,0,1,0,1,0,2025-08-20,consumption_gap,consumption_gap
LAB-080,EDOMEX - TLANEPANTLA,proteccion_caduca,455000,17200,40,2,1,1,active,2026-01-30,365,False,17200,6422.18,9346.79,15768.97,1431.03,0.509,0.382,0.059,8564.71,6576.86,1017.33,200.0,6.67,251.29,93.57,63.46,676.1,21.4,2,1,0,1,0,2025-08-27,consumption_gap,consumption_gap
LAB-081,EDOMEX - TLANEPANTLA,proteccion_caduca,455000,17200,40,2,2,0,active,2026-04-15,365,False,17200,7092.46,9328.76,16421.22,778.78,0.1,0.05,0.047,1829.16,860.0,813.85,200.0,6.67,34.86,34.86,34.86,626.0,21.5,5,0,1,1,0,2025-07-23,fault_alert,fault_alert
LAB-082,EDOMEX - TLANEPANTLA,proteccion_light,360000,13500,36,1,0,1,active,2026-02-18,180,False,13500,6588.07,6707.3,13295.37,204.63,0.55,0.256,0.128,6676.76,3450.66,1721.84,474.37,15.81,266.77,125.49,62.93,1495.8,47.1,1,0,0,0,0,2025-07-04,baseline,baseline
LAB-083,AGUASCALIENTES,proteccion_basica,470000,16800,44,2,2,0,active,2025-12-19,240,False,16800,9762.76,6321.65,16084.41,715.59,0.56,0.409,0.283,8473.19,6864.05,4752.22,200.0,6.67,280.0,95.62,50.51,621.4,20.2,1,0,0,1,0,2025-08-20,baseline,baseline
LAB-084,EDOMEX - TLANEPANTLA,proteccion_light,360000,13500,36,1,1,0,active,2026-01-18,180,False,13500,6654.92,7331.61,13986.53,0.0,0.1,0.053,0.053,1245.12,710.62,710.62,200.0,6.67,11.37,11.37,11.37,584.7,18.8,0,0,0,1,0,2025-08-20,baseline,baseline
LAB-085,EDOMEX - ECATEPEC,proteccion_basica,470000,16800,44,2,2,0,active,2025-12-25,240,False,16800,9731.48,7627.08,17358.56,-1649.05,0.562,0.367,0.223,9370.08,6165.11,3743.92,200.0,6.67,280.0,160.0,96.0,556.4,20.2,2,0,0,0,0,2025-06-27,baseline,baseline
LAB-086,EDOMEX - TLANEPANTLA,proteccion_total,520000,19000,48,3,1,2,active,2026-02-19,365,False,19000,9995.12,10513.09,20508.21,0.0,0.752,0.633,0.118,15109.8,12024.05,2235.32,200.0,6.67,280.0,131.41,59.73,657.4,25.1,1,0,0,0,0,2025-08-31,baseline,baseline
LAB-087,AGUASCALIENTES,proteccion_light,360000,13500,36,1,0,1,active,2026-04-22,180,False,13500,6455.79,6495.47,12951.26,548.74,1.583,0.785,0.411,23179.14,10595.57,5549.32,1438.12,47.94,102.35,46.24,20.8,4030.6,147.3,0,0,0,1,0,2025-07-19,baseline,baseline
LAB-088,AGUASCALIENTES,proteccion_ilimitada,610000,20500,60,4,4,0,active,2026-04-29,180,False,20500,8234.8,9168.71,17403.51,3096.49,1.6,1.488,1.36,31381.59,30496.9,27870.08,3800.0,126.67,0.1,1.69,1.47,12086.3,385.5,4,0,1,1,0,2025-08-23,fault_alert,fault_alert
LAB-089,AGUASCALIENTES,proteccion_caduca,455000,17200,40,2,1,1,active,2026-03-29,365,False,17200,8621.22,4703.06,13324.28,3875.72,0.492,0.353,0.235,8073.13,6077.38,4042.66,236.59,7.89,269.25,160.0,51.11,744.9,26.7,2,1,0,0,0,2025-06-30,consumption_gap,consumption_gap
LAB-090,AGUASCALIENTES,proteccion_basica,470000,16800,44,2,0,2,active,2026-04-30,240,False,16800,8496.18,7805.32,16301.5,498.5,0.993,1.014,1.004,16609.11,17041.6,16874.52,627.76,20.93,113.27,63.12,35.99,1846.4,65.3,0,0,0,1,0,2025-07-25,baseline,baseline
LAB-091,AGUASCALIENTES,proteccion_basica,470000,16800,44,2,2,0,active,2025-11-22,240,False,16800,10428.59,7144.25,17572.84,0.0,0.209,0.128,0.113,3133.18,2153.88,1890.32,200.0,6.67,47.84,33.62,6.92,642.9,22.7,0,0,0,1,0,2025-06-19,baseline,baseline
LAB-092,EDOMEX - TLANEPANTLA,proteccion_light,360000,13500,36,1,0,1,active,2026-01-23,180,False,13500,6857.4,6797.56,13654.96,0.0,1.03,0.478,0.219,14961.67,6458.84,2951.99,808.68,26.96,187.95,87.49,43.87,2521.6,82.5,1,0,0,1,0,2025-06-24,baseline,baseline
LAB-093,AGUASCALIENTES,proteccion_light,360000,13500,36,1,1,0,active,2025-12-27,180,False,13500,9300.4,4753.52,14053.92,-1243.14,1.1,1.062,1.095,14010.55,14337.77,14778.4,516.12,17.2,113.93,56.24,27.97,1612.1,52.8,0,0,0,1,0,2025-08-17,baseline,baseline
LAB-094,EDOMEX - TLANEPANTLA,proteccion_light,360000,13500,36,1,0,1,active,2026-01-13,180,False,13500,7401.66,7149.28,14550.94,0.0,0.1,0.05,0.02,1337.48,675.0,270.0,200.0,6.67,11.8,11.8,11.8,678.7,22.9,0,0,0,1,0,2025-07-14,baseline,baseline
LAB-095,AGUASCALIENTES,proteccion_total,520000,19000,48,3,2,1,active,2025-11-17,365,False,19000,7814.48,8582.5,16396.98,2603.02,0.895,0.418,0.211,17913.59,7942.75,4001.99,893.72,29.79,209.47,98.19,49.02,3032.2,106.0,1,1,0,1,0,2025-08-09,consumption_gap,consumption_gap
LAB-096,AGUASCALIENTES,proteccion_total,520000,19000,48,3,1,2,active,2026-01-23,365,False,19000,7059.78,7382.65,14442.43,4557.57,1.06,1.018,1.047,17369.42,19341.13,19887.65,598.6,19.95,196.47,92.79,45.07,1981.0,73.3,2,1,0,1,0,2025-07-28,consumption_gap,consumption_gap
LAB-097,AGUASCALIENTES,proteccion_total,520000,19000,48,3,0,3,expired,2026-05-01,365,True,19000,6075.88,9744.72,15820.6,3179.4,0.113,0.079,0.068,2020.82,1503.98,1290.07,200.0,6.67,66.53,26.44,2.99,549.8,21.2,0,0,0,1,0,2025-08-10,delinquency,delinquency
LAB-098,EDOMEX - TLANEPANTLA,proteccion_basica,470000,16800,44,2,2,0,active,2026-01-28,240,False,16800,8927.44,7364.36,16291.8,508.2,0.991,1.011,0.988,18080.17,16976.58,16606.65,582.92,19.43,275.44,128.76,64.32,1848.4,59.9,2,0,0,0,0,2025-06-22,baseline,baseline
LAB-099,EDOMEX - TLANEPANTLA,proteccion_total,520000,19000,48,3,2,1,active,2026-02-02,365,False,19000,8569.53,9965.12,18534.65,465.35,0.596,0.295,0.144,11558.56,5600.03,2739.53,467.63,15.59,258.41,120.32,59.8,1459.1,48.2,2,0,0,0,0,2025-09-06,baseline,baseline
LAB-100,EDOMEX - ECATEPEC,proteccion_total,520000,19000,48,3,3,0,active,2026-02-03,365,False,19000,11028.16,7756.3,18784.46,215.54,0.316,0.233,0.131,5673.62,4422.0,2498.21,258.33,8.61,280.0,125.27,56.51,842.5,31.2,2,0,0,0,0,2025-07-30,baseline,baseline
LAB-101,EDOMEX - TLANEPANTLA,proteccion_basica,470000,16800,44,2,0,2,active,2026-01-01,240,False,16800,7386.6,6798.42,14185.02,2614.98,0.494,0.201,0.086,8629.53,3375.75,1443.49,421.02,14.03,280.0,127.47,65.22,1333.0,53.2,2,1,0,0,0,2025-06-25,consumption_gap,consumption_gap
LAB-102,EDOMEX - TLANEPANTLA,proteccion_total,520000,19000,48,3,3,-1,expired,2026-03-22,365,True,19000,5278.01,2140.81,7418.82,11581.18,0.563,0.297,0.157,9204.34,5638.11,2982.88,478.94,15.96,268.29,121.24,59.45,1269.1,48.0,2,0,0,0,1,2025-06-10,delinquency,proteccion_negativa
LAB-103,AGUASCALIENTES,proteccion_light,360000,13500,36,1,0,1,active,2026-04-20,180,False,13500,6402.09,4528.75,10930.84,2569.16,1.098,0.514,0.24,13720.43,6938.69,3235.4,1206.3,40.21,169.66,77.51,38.24,3920.8,144.1,0,1,0,1,0,2025-09-06,consumption_gap,consumption_gap
LAB-104,EDOMEX - TLANEPANTLA,proteccion_basica,470000,16800,44,2,1,1,active,2025-11-27,240,False,16800,9299.48,4214.61,13514.09,3285.91,1.5,1.359,1.4,23287.26,22828.17,23520.0,3800.0,126.67,0.93,4.41,2.03,11150.0,415.6,5,0,1,1,0,2025-07-26,fault_alert,fault_alert
LAB-105,EDOMEX - TLANEPANTLA,proteccion_total,520000,19000,48,3,3,0,active,2025-11-26,365,False,19000,9423.75,10827.64,20251.39,0.0,0.928,0.429,0.199,16392.27,8148.63,3779.77,675.01,22.5,202.33,95.05,47.94,1830.6,59.3,2,0,0,1,0,2025-08-16,baseline,baseline
LAB-106,EDOMEX - TLANEPANTLA,proteccion_light,360000,13500,36,1,1,0,active,2026-03-07,180,False,13500,8686.38,5526.52,14212.9,0.0,1.6,1.5,1.4,22666.09,20250.0,18900.0,3073.04,102.43,5.11,2.89,2.56,9060.2,355.8,0,0,0,1,0,2025-09-06,baseline,baseline
LAB-107,EDOMEX - TLANEPANTLA,proteccion_ilimitada,610000,20500,60,4,1,3,active,2026-02-02,180,False,20500,13857.43,5901.52,19758.95,741.05,0.217,0.145,0.107,4728.83,2978.5,2193.54,200.0,6.67,0.64,0.39,6.4,579.7,21.7,0,0,0,1,0,2025-08-12,baseline,baseline
LAB-108,EDOMEX - TLANEPANTLA,proteccion_light,360000,13500,36,1,0,1,expired,2026-05-05,180,True,13500,5930.93,1736.48,7667.41,5832.59,0.47,0.221,0.129,6431.57,2980.94,1743.18,430.2,14.34,280.0,133.66,66.26,1319.2,44.7,1,0,0,0,1,2025-06-29,delinquency,promesa_incumplida
LAB-109,EDOMEX - ECATEPEC,proteccion_basica,470000,16800,44,2,0,2,active,2026-04-28,240,False,16800,7142.62,8506.83,15649.45,1150.55,0.597,0.52,0.417,10725.06,8737.49,7000.08,208.42,6.95,280.0,83.12,29.65,652.1,24.0,2,1,0,1,0,2025-07-04,consumption_gap,consumption_gap
LAB-110,EDOMEX - ECATEPEC,proteccion_total,520000,19000,48,3,2,1,active,2026-02-06,365,False,19000,12185.45,6754.11,18939.56,60.44,0.37,0.343,0.095,6976.21,6511.92,1804.29,200.0,6.67,232.06,157.21,29.26,620.5,20.2,2,0,0,0,0,2025-08-14,baseline,baseline
LAB-111,EDOMEX - TLANEPANTLA,proteccion_total,520000,19000,48,3,1,2,active,2025-12-18,365,False,19000,8705.17,10753.93,19459.1,0.0,0.556,0.233,0.12,10294.88,4418.93,2271.83,470.45,15.68,265.34,123.69,63.02,1238.8,42.7,2,0,0,0,0,2025-08-07,baseline,baseline
LAB-112,AGUASCALIENTES,proteccion_total,520000,19000,48,3,2,1,active,2025-11-23,365,False,19000,11811.82,7404.61,19216.43,-1630.29,1.231,0.608,0.309,22098.42,11544.91,5870.37,1229.42,40.98,159.11,70.28,33.51,3778.8,121.9,0,0,0,1,0,2025-06-20,baseline,baseline
LAB-113,AGUASCALIENTES,proteccion_caduca,455000,17200,40,2,2,-1,active,2025-11-30,365,True,17200,6276.28,4552.61,10828.89,6371.11,0.563,0.462,0.332,10094.94,7944.71,5709.65,200.0,6.67,280.0,160.0,96.0,523.1,20.0,1,0,0,0,1,2025-07-28,delinquency,proteccion_negativa
LAB-114,EDOMEX - ECATEPEC,proteccion_caduca,455000,17200,40,2,1,1,active,2026-01-09,365,False,17200,7451.01,7315.82,14766.83,2433.17,1.6,1.5,1.4,27257.39,25800.0,24080.0,3800.0,126.67,1.46,2.41,2.35,11630.1,396.7,4,0,1,1,0,2025-08-30,fault_alert,fault_alert
LAB-115,EDOMEX - TLANEPANTLA,proteccion_light,360000,13500,36,1,0,1,active,2026-02-02,180,False,13500,8521.97,4988.47,13510.44,0.0,0.558,0.457,0.125,6703.4,6173.39,1683.11,200.0,6.67,280.0,160.0,69.28,521.1,20.3,2,0,0,0,0,2025-07-15,baseline,baseline
LAB-116,EDOMEX - TLANEPANTLA,proteccion_basica,470000,16800,44,2,0,2,active,2026-03-17,240,False,16800,11487.42,6278.74,17766.16,-1116.75,1.298,1.277,1.228,20991.86,21453.27,20632.4,3800.0,126.67,2.39,3.42,0.01,10887.1,381.3,0,0,0,1,0,2025-06-29,baseline,baseline
LAB-117,EDOMEX - TLANEPANTLA,proteccion_light,360000,13500,36,1,1,0,active,2026-02-17,180,False,13500,7348.21,6086.14,13434.35,65.65,0.1,0.05,0.048,1196.47,675.0,649.83,200.0,6.67,34.79,34.79,34.79,526.7,18.1,0,0,0,1,0,2025-08-02,baseline,baseline
LAB-118,AGUASCALIENTES,proteccion_caduca,455000,17200,40,2,1,1,active,2026-04-14,365,False,17200,11492.77,6972.91,18465.68,0.0,0.711,0.527,0.237,12340.93,9072.56,4082.62,249.46,8.32,280.0,160.0,46.14,756.8,29.7,2,0,0,0,0,2025-07-13,baseline,baseline
LAB-119,EDOMEX - TLANEPANTLA,proteccion_total,520000,19000,48,3,1,2,active,2026-03-17,365,False,19000,12986.42,6327.64,19314.06,0.0,1.6,1.5,1.4,31590.83,28500.0,26600.0,3800.0,126.67,4.81,4.64,0.4,10200.1,319.2,0,0,0,1,0,2025-06-06,baseline,baseline
LAB-120,EDOMEX - ECATEPEC,proteccion_light,360000,13500,36,1,1,0,active,2026-04-01,180,False,13500,7116.51,6267.13,13383.64,116.36,1.413,0.663,0.325,18931.37,8949.87,4388.88,1109.77,36.99,108.99,62.12,28.69,3181.3,105.1,5,0,1,1,0,2025-06-19,fault_alert,fault_alert
LAB-121,EDOMEX - ECATEPEC,proteccion_caduca,455000,17200,40,2,2,0,active,2026-02-26,365,False,17200,7459.76,8525.81,15985.57,1214.43,0.145,0.09,0.067,2599.57,1549.28,1144.72,200.0,6.67,35.4,16.96,10.34,671.2,23.4,0,1,0,1,0,2025-08-11,consumption_gap,consumption_gap
LAB-122,EDOMEX - TLANEPANTLA,proteccion_light,360000,13500,36,1,1,0,active,2026-04-25,180,False,13500,7497.31,5525.8,13023.11,476.89,1.6,1.5,1.4,23191.04,20250.0,18900.0,3800.0,126.67,0.58,4.51,2.72,11408.0,374.4,0,0,0,1,0,2025-06-11,baseline,baseline
LAB-123,AGUASCALIENTES,proteccion_total,520000,19000,48,3,1,2,active,2025-12-08,365,False,19000,9696.17,9818.09,19514.26,0.0,0.97,0.519,0.24,16219.02,9860.37,4554.5,781.66,26.06,214.94,78.47,38.62,2187.1,78.2,1,0,0,1,0,2025-07-14,baseline,baseline
LAB-124,AGUASCALIENTES,proteccion_ilimitada,610000,20500,60,4,2,2,active,2026-01-04,180,False,20500,10900.11,9439.06,20339.17,160.83,0.715,0.588,0.204,13548.39,12062.75,4182.34,200.0,6.67,280.0,160.0,64.59,618.3,22.8,3,0,1,0,0,2025-08-07,fault_alert,fault_alert
LAB-125,EDOMEX - ECATEPEC,proteccion_caduca,455000,17200,40,2,1,1,active,2026-01-04,365,False,17200,7185.38,6184.25,13369.63,3830.37,1.141,1.086,1.1,17941.94,18678.94,18914.08,733.92,24.46,15.93,15.93,0.0,2325.1,76.6,0,1,0,1,0,2025-08-02,consumption_gap,consumption_gap
LAB-126,EDOMEX - ECATEPEC,proteccion_total,520000,19000,48,3,1,2,active,2026-01-11,365,False,19000,11678.85,8024.18,19703.03,0.0,0.43,0.359,0.11,7604.94,6816.61,2081.65,200.0,6.67,280.0,154.65,54.04,665.3,26.5,1,0,0,0,0,2025-07-11,baseline,baseline
LAB-127,EDOMEX - ECATEPEC,proteccion_total,520000,19000,48,3,0,3,active,2025-12-19,365,False,19000,10961.59,7913.08,18874.67,125.33,0.824,0.852,0.863,14974.04,16194.99,16403.67,473.82,15.79,261.06,132.55,67.04,1395.1,49.0,2,0,0,0,0,2025-08-31,baseline,baseline
LAB-128,EDOMEX - TLANEPANTLA,proteccion_basica,470000,16800,44,2,0,2,active,2026-01-09,240,False,16800,8379.43,4852.46,13231.89,3568.11,0.513,0.223,0.117,7567.44,3751.08,1968.3,450.9,15.03,272.22,128.45,65.0,1508.4,50.2,1,1,0,0,0,2025-09-02,consumption_gap,consumption_gap
LAB-129,EDOMEX - ECATEPEC,proteccion_basica,470000,16800,44,2,0,2,active,2025-11-24,240,False,16800,10901.95,7162.34,18064.29,0.0,1.227,1.325,1.325,21526.74,22265.46,22258.26,3800.0,126.67,3.76,1.59,5.33,11416.4,410.1,0,0,0,1,0,2025-06-20,baseline,baseline
LAB-130,AGUASCALIENTES,proteccion_caduca,455000,17200,40,2,1,1,active,2026-02-19,365,False,17200,8301.14,5657.67,13958.81,3241.19,0.912,0.911,0.867,15872.09,15667.77,14918.29,574.55,19.15,179.21,79.68,39.17,1669.8,54.5,3,0,1,1,0,2025-06-28,fault_alert,fault_alert
LAB-131,EDOMEX - TLANEPANTLA,proteccion_light,360000,13500,36,1,1,0,active,2025-12-10,180,False,13500,6832.71,6803.36,13636.07,0.0,0.499,0.358,0.02,7018.75,4829.42,270.0,200.0,6.67,280.0,160.0,96.0,586.4,22.8,2,0,0,0,0,2025-06-16,baseline,baseline
LAB-132,AGUASCALIENTES,proteccion_basica,470000,16800,44,2,2,0,active,2026-03-14,240,False,16800,7267.57,8215.75,15483.32,1316.68,1.201,0.531,0.296,17335.52,8915.54,4976.81,1320.31,44.01,158.36,74.5,38.08,3879.9,146.9,5,0,1,1,0,2025-06-06,fault_alert,fault_alert
LAB-133,EDOMEX - ECATEPEC,proteccion_total,520000,19000,48,3,1,2,active,2025-12-02,365,False,19000,10942.16,7740.03,18682.19,317.81,1.172,1.188,1.203,21388.06,22565.19,22858.88,506.24,16.87,0.0,0.0,0.0,1493.7,57.7,0,0,0,1,0,2025-06-23,baseline,baseline
LAB-134,EDOMEX - TLANEPANTLA,proteccion_ilimitada,610000,20500,60,4,4,0,active,2026-01-17,180,False,20500,9553.11,9053.25,18606.36,1893.64,0.1,0.071,0.071,1870.71,1464.07,1464.07,200.0,6.67,45.89,45.89,45.89,587.3,19.6,3,0,1,1,0,2025-06-25,fault_alert,fault_alert
LAB-135,EDOMEX - TLANEPANTLA,proteccion_light,360000,13500,36,1,0,1,active,2026-04-10,180,False,13500,6594.7,6492.77,13087.47,412.53,0.905,0.935,0.897,12448.37,12621.28,12113.6,527.09,17.57,11.77,11.77,11.77,1552.1,54.9,0,0,0,1,0,2025-06-10,baseline,baseline
LAB-136,EDOMEX - TLANEPANTLA,proteccion_total,520000,19000,48,3,3,0,active,2026-02-05,365,False,19000,8613.7,6601.6,15215.3,3784.7,0.2,0.2,0.128,3822.54,3802.94,2428.44,200.0,6.67,117.5,117.5,71.67,541.7,17.6,3,0,1,1,0,2025-08-25,fault_alert,fault_alert
LAB-137,EDOMEX - TLANEPANTLA,proteccion_basica,470000,16800,44,2,0,2,active,2026-03-22,240,False,16800,9744.18,8148.09,17892.27,0.0,0.1,0.05,0.02,1565.89,840.0,336.0,200.0,6.67,11.76,11.76,11.76,652.0,25.3,0,0,0,1,0,2025-06-05,baseline,baseline
LAB-138,EDOMEX - TLANEPANTLA,proteccion_ilimitada,610000,20500,60,4,3,1,active,2025-11-25,180,False,20500,11147.59,10796.65,21944.24,-2315.74,0.521,0.232,0.118,10827.61,4762.1,2416.05,459.49,15.32,271.22,127.46,64.05,1475.8,55.6,2,0,0,0,0,2025-07-22,baseline,baseline
LAB-139,EDOMEX - ECATEPEC,proteccion_ilimitada,610000,20500,60,4,0,4,active,2026-04-08,180,False,20500,9512.11,10772.31,20284.42,215.58,0.877,0.882,0.877,18962.46,18078.45,17978.65,605.38,20.18,0.0,0.0,0.0,1918.6,61.0,0,0,0,1,0,2025-08-05,baseline,baseline
LAB-140,EDOMEX - TLANEPANTLA,proteccion_light,360000,13500,36,1,0,1,active,2026-04-25,180,False,13500,7090.37,6697.93,13788.3,0.0,0.245,0.198,0.117,3460.53,2678.36,1580.44,200.0,6.67,280.0,160.0,59.49,564.6,18.2,1,0,0,0,0,2025-07-26,baseline,baseline
LAB-141,EDOMEX - TLANEPANTLA,proteccion_light,360000,13500,36,1,0,1,active,2026-01-15,180,False,13500,6519.25,7672.31,14191.56,0.0,0.1,0.05,0.02,1220.65,675.0,270.0,200.0,6.67,11.86,11.86,11.86,631.9,20.2,0,0,0,1,0,2025-08-06,baseline,baseline
LAB-142,EDOMEX - TLANEPANTLA,proteccion_ilimitada,610000,20500,60,4,0,4,active,2025-12-26,180,False,20500,13309.63,7539.3,20848.93,0.0,0.1,0.05,0.02,1743.59,1025.0,410.0,200.0,6.67,11.97,11.97,11.97,534.7,17.0,0,0,0,1,0,2025-07-28,baseline,baseline
LAB-143,EDOMEX - ECATEPEC,proteccion_total,520000,19000,48,3,2,1,active,2026-03-24,365,False,19000,8554.43,10624.33,19178.76,0.0,1.6,1.5,1.4,30772.15,28500.0,26600.0,3800.0,126.67,3.24,0.98,0.9,10919.0,393.5,0,0,0,1,0,2025-06-09,baseline,baseline
LAB-144,EDOMEX - TLANEPANTLA,proteccion_basica,470000,16800,44,2,0,2,active,2026-03-14,240,False,16800,4999.58,4656.78,9656.36,7143.64,0.1,0.05,0.036,1563.31,840.0,600.13,200.0,6.67,23.36,23.36,23.36,620.3,23.8,0,0,0,1,0,2025-07-10,delinquency,delinquency
LAB-145,EDOMEX - ECATEPEC,proteccion_ilimitada,610000,20500,60,4,4,0,active,2026-02-06,180,False,20500,14084.93,7690.92,21775.85,0.0,0.1,0.05,0.02,2047.63,1025.0,410.0,200.0,6.67,11.85,11.85,11.85,662.0,22.1,0,0,0,1,0,2025-07-28,baseline,baseline
LAB-146,EDOMEX - ECATEPEC,proteccion_light,360000,13500,36,1,1,-1,active,2026-01-14,180,True,13500,3939.69,3431.52,7371.21,6128.79,0.316,0.248,1.4,4109.02,3354.71,18900.0,257.63,8.59,268.11,93.55,25.62,806.5,27.2,1,0,0,1,0,2025-08-31,delinquency,proteccion_negativa
LAB-147,EDOMEX - ECATEPEC,proteccion_basica,470000,16800,44,2,2,0,active,2026-03-15,240,False,16800,11250.36,6005.01,17255.37,0.0,0.37,0.305,0.165,5588.02,5119.82,2768.78,200.0,6.67,280.0,141.13,36.75,609.7,21.3,2,0,0,0,0,2025-05-30,baseline,baseline
LAB-148,EDOMEX - TLANEPANTLA,proteccion_total,520000,19000,48,3,3,0,active,2026-03-22,365,False,19000,10694.96,9317.51,20012.47,0.0,0.1,0.05,0.021,1616.86,950.0,407.17,200.0,6.67,23.65,23.65,23.65,674.4,21.3,0,0,0,1,0,2025-08-06,baseline,baseline
LAB-149,AGUASCALIENTES,proteccion_total,520000,19000,48,3,0,3,active,2026-03-23,365,False,19000,10951.89,7256.89,18208.78,791.22,1.6,1.5,1.4,29402.45,28500.0,26600.0,3800.0,126.67,4.78,0.38,1.6,11262.9,400.8,0,0,0,1,0,2025-06-06,baseline,baseline
LAB-150,AGUASCALIENTES,proteccion_caduca,455000,17200,40,2,1,1,active,2026-01-26,365,False,17200,10404.71,6182.78,16587.49,612.51,1.6,1.5,1.4,23666.82,25800.0,24080.0,3800.0,126.67,1.08,1.2,5.13,11456.2,369.3,0,0,0,1,0,2025-07-24,baseline,baseline
LAB-151,EDOMEX - ECATEPEC,proteccion_total,520000,19000,48,3,2,1,active,2025-12-09,365,False,19000,8877.11,6474.33,15351.44,3648.56,1.001,1.019,1.02,20510.67,19354.31,19386.97,537.8,17.93,257.53,128.39,63.57,1742.9,69.1,5,0,1,0,0,2025-08-12,fault_alert,fault_alert
LAB-152,AGUASCALIENTES,proteccion_total,520000,19000,48,3,2,1,active,2026-04-20,365,False,19000,10312.94,6015.03,16327.97,2672.03,0.841,0.855,0.828,15227.28,16238.75,15733.21,776.08,25.87,121.21,59.8,29.79,2211.9,87.1,0,1,0,1,0,2025-06-16,consumption_gap,consumption_gap
LAB-153,EDOMEX - TLANEPANTLA,proteccion_basica,470000,16800,44,2,1,1,active,2026-02-21,240,True,16800,9075.64,6130.03,15205.67,1594.33,0.535,0.39,0.104,8289.75,6553.59,1751.25,200.0,6.67,280.0,160.0,86.63,675.4,23.1,4,0,1,0,0,2025-06-21,fault_alert,fault_alert
LAB-154,EDOMEX - ECATEPEC,proteccion_basica,470000,16800,44,2,0,2,active,2026-02-12,240,False,16800,9917.36,8114.35,18031.71,0.0,0.69,0.518,0.141,11863.31,8705.72,2362.97,278.92,9.3,280.0,143.16,48.13,909.4,30.2,1,0,0,0,0,2025-09-02,baseline,baseline
LAB-155,EDOMEX - ECATEPEC,proteccion_total,520000,19000,48,3,2,1,active,2025-11-26,365,True,19000,11179.23,5348.57,16527.8,2472.2,1.6,1.5,1.4,27245.47,28500.0,26600.0,3800.0,126.67,15.78,0.0,0.0,12829.5,509.7,4,0,1,1,0,2025-07-07,fault_alert,fault_alert
LAB-156,EDOMEX - ECATEPEC,proteccion_basica,470000,16800,44,2,1,1,expired,2026-03-12,240,True,16800,7461.77,265.11,7726.88,9073.12,1.6,1.5,1.4,24510.2,25200.0,23520.0,3800.0,126.67,4.7,5.71,3.78,11906.4,474.1,0,0,0,1,1,2025-06-09,delinquency,promesa_incumplida
LAB-157,EDOMEX - ECATEPEC,proteccion_total,520000,19000,48,3,2,1,active,2025-11-20,365,False,19000,7924.16,3990.25,11914.41,7085.59,0.405,0.292,0.065,8238.95,5544.09,1228.02,273.93,9.13,280.0,160.0,57.39,930.7,31.2,1,0,0,0,0,2025-07-13,delinquency,delinquency
LAB-158,EDOMEX - ECATEPEC,proteccion_ilimitada,610000,20500,60,4,1,3,active,2025-11-22,180,True,20500,11092.08,7153.86,18245.94,2254.06,0.1,0.075,0.075,2100.47,1528.93,1528.93,200.0,6.67,45.81,45.81,45.81,528.0,20.4,5,0,1,1,0,2025-08-28,fault_alert,fault_alert
LAB-159,EDOMEX - TLANEPANTLA,proteccion_light,360000,13500,36,1,1,0,active,2025-12-08,180,False,13500,6514.28,7903.85,14418.13,0.0,0.135,0.084,0.066,1932.04,1133.43,897.31,200.0,6.67,7.47,3.81,10.36,642.1,20.5,0,0,0,1,0,2025-07-31,baseline,baseline
LAB-160,EDOMEX - TLANEPANTLA,proteccion_caduca,455000,17200,40,2,0,2,active,2026-01-06,365,False,17200,7704.8,6473.07,14177.87,3022.13,0.475,0.364,0.243,8344.36,6253.36,4171.84,200.0,6.67,280.0,152.58,72.12,621.9,22.4,1,1,0,0,0,2025-06-26,consumption_gap,consumption_gap
LAB-161,AGUASCALIENTES,proteccion_caduca,455000,17200,40,2,1,1,active,2025-12-12,365,False,17200,8031.11,5462.9,13494.01,3705.99,0.579,0.221,0.116,8624.85,3800.67,1991.65,571.27,19.04,237.68,126.46,64.12,1893.1,64.9,1,1,0,0,0,2025-08-21,consumption_gap,consumption_gap
LAB-162,EDOMEX - ECATEPEC,proteccion_light,360000,13500,36,1,1,0,active,2026-03-29,180,False,13500,7757.1,5233.98,12991.08,508.92,0.106,0.066,0.054,1476.22,892.95,723.78,200.0,6.67,10.82,6.25,0.4,555.3,20.6,2,0,1,1,0,2025-07-25,fault_alert,fault_alert
LAB-163,EDOMEX - TLANEPANTLA,proteccion_basica,470000,16800,44,2,2,0,active,2025-12-07,240,False,16800,8344.13,6950.46,15294.59,1505.41,0.73,0.678,0.125,12655.55,11382.5,2107.89,276.57,9.22,280.0,131.01,36.41,837.9,30.5,2,1,0,0,0,2025-07-17,consumption_gap,consumption_gap
LAB-164,EDOMEX - ECATEPEC,proteccion_basica,470000,16800,44,2,1,1,active,2026-05-04,240,False,16800,6904.37,6503.63,13408.0,3392.0,0.18,0.123,0.075,3309.23,2063.07,1264.36,200.0,6.67,11.01,5.83,9.06,631.3,22.5,0,1,0,1,0,2025-08-06,consumption_gap,consumption_gap
LAB-165,EDOMEX - TLANEPANTLA,proteccion_ilimitada,610000,20500,60,4,4,0,active,2026-01-18,180,False,20500,13768.77,8260.92,22029.69,0.0,0.411,0.208,0.099,7470.46,4269.58,2024.27,361.81,12.06,280.0,133.17,66.34,1009.4,37.7,1,0,0,0,0,2025-06-28,baseline,baseline
LAB-166,AGUASCALIENTES,proteccion_caduca,455000,17200,40,2,2,0,active,2026-01-07,365,False,17200,8529.58,5614.42,14144.0,3056.0,0.341,0.248,0.196,5277.09,4272.6,3366.28,200.0,6.67,280.0,133.48,57.87,593.7,18.9,2,1,0,0,0,2025-07-13,consumption_gap,consumption_gap
LAB-167,AGUASCALIENTES,proteccion_total,520000,19000,48,3,1,2,active,2026-05-05,365,False,19000,7037.1,10173.42,17210.52,1789.48,1.237,0.56,0.29,24047.44,10640.0,5503.87,1359.71,45.32,150.69,77.15,39.3,3876.1,139.1,0,1,0,1,0,2025-09-06,consumption_gap,consumption_gap
LAB-168,EDOMEX - ECATEPEC,proteccion_light,360000,13500,36,1,1,0,active,2026-03-04,180,False,13500,7302.58,4610.53,11913.11,1586.89,1.394,1.465,1.4,16472.98,19780.54,18900.0,3800.0,126.67,4.68,3.38,4.2,11317.5,379.4,5,0,1,1,0,2025-06-17,fault_alert,fault_alert
LAB-169,EDOMEX - TLANEPANTLA,proteccion_total,520000,19000,48,3,1,2,active,2025-11-30,365,False,19000,10342.4,9216.06,19558.46,0.0,1.6,1.5,1.4,31473.97,28500.0,26600.0,3800.0,126.67,1.83,5.03,1.05,12102.8,432.8,0,0,0,1,0,2025-06-17,baseline,baseline
LAB-170,EDOMEX - TLANEPANTLA,proteccion_ilimitada,610000,20500,60,4,1,3,active,2026-03-03,180,False,20500,10191.69,8143.25,18334.94,2165.06,0.24,0.176,0.138,5342.22,3611.92,2819.48,200.0,6.67,8.89,7.82,1.83,650.5,21.4,3,0,1,1,0,2025-07-25,fault_alert,fault_alert
LAB-171,AGUASCALIENTES,proteccion_total,520000,19000,48,3,1,2,active,2026-04-05,365,False,19000,10243.0,9958.04,20201.04,0.0,1.216,0.529,0.257,20948.2,10050.49,4884.91,1104.86,36.83,154.15,73.29,38.27,3447.4,117.1,0,0,0,1,0,2025-08-15,baseline,baseline
LAB-172,AGUASCALIENTES,proteccion_total,520000,19000,48,3,2,1,expired,2026-01-03,365,True,19000,4698.69,2054.53,6753.22,12246.78,1.306,0.574,0.309,26405.24,10900.19,5875.93,1435.03,47.83,136.03,68.96,35.82,4569.6,160.2,0,0,0,1,1,2025-06-17,delinquency,promesa_incumplida
LAB-173,EDOMEX - TLANEPANTLA,proteccion_caduca,455000,17200,40,2,2,0,active,2025-12-21,365,False,17200,10303.16,6803.45,17106.61,93.39,1.6,1.5,1.4,26883.23,25800.0,24080.0,3800.0,126.67,0.22,1.18,2.35,11792.9,371.9,0,0,0,1,0,2025-06-21,baseline,baseline
LAB-174,EDOMEX - TLANEPANTLA,proteccion_light,360000,13500,36,1,1,0,active,2025-12-22,180,False,13500,6908.91,4169.53,11078.44,2421.56,0.166,0.111,0.094,2085.73,1496.66,1266.1,200.0,6.67,30.47,19.79,7.76,652.2,22.6,4,0,1,1,0,2025-08-12,fault_alert,fault_alert
LAB-175,AGUASCALIENTES,proteccion_caduca,455000,17200,40,2,0,2,active,2026-03-20,365,False,17200,11814.81,6732.18,18546.99,0.0,1.517,1.5,1.4,27221.3,25800.0,24080.0,3800.0,126.67,2.11,2.67,1.93,12422.2,434.9,0,0,0,1,0,2025-08-27,baseline,baseline
LAB-176,EDOMEX - TLANEPANTLA,proteccion_basica,470000,16800,44,2,0,2,active,2026-02-22,240,False,16800,9175.13,5310.86,14485.99,2314.01,0.1,0.05,0.02,1434.87,840.0,336.0,200.0,6.67,11.8,11.8,11.8,551.5,18.2,0,1,0,1,0,2025-07-10,consumption_gap,consumption_gap
LAB-177,EDOMEX - TLANEPANTLA,proteccion_total,520000,19000,48,3,1,2,active,2025-11-20,365,False,19000,11414.53,7521.59,18936.12,63.88,0.138,0.081,0.068,2688.35,1536.47,1288.28,200.0,6.67,31.73,12.24,12.26,588.9,19.4,0,0,0,1,0,2025-07-16,baseline,baseline
LAB-178,EDOMEX - ECATEPEC,proteccion_total,520000,19000,48,3,3,0,active,2026-03-16,365,False,19000,11363.1,7078.17,18441.27,558.73,0.1,0.05,0.029,1666.92,950.0,555.47,200.0,6.67,47.06,47.06,47.06,583.3,18.2,0,0,0,1,0,2025-07-01,baseline,baseline
LAB-179,AGUASCALIENTES,proteccion_basica,470000,16800,44,2,1,1,active,2026-04-28,240,False,16800,10208.35,6744.62,16952.97,0.0,1.051,1.005,1.004,18672.38,16883.1,16867.25,635.84,21.19,159.25,75.21,38.88,1797.9,62.7,0,0,0,1,0,2025-06-19,baseline,baseline
LAB-180,EDOMEX - TLANEPANTLA,proteccion_caduca,455000,17200,40,2,1,1,active,2026-01-27,365,False,17200,7605.62,8819.8,16425.42,774.58,0.801,0.772,0.789,14651.18,13283.45,13579.06,503.73,16.79,280.0,132.69,65.83,1389.8,48.5,2,0,1,0,0,2025-07-12,fault_alert,fault_alert
LAB-181,EDOMEX - TLANEPANTLA,proteccion_basica,470000,16800,44,2,2,0,active,2026-02-09,240,False,16800,9926.5,7231.88,17158.38,-1342.24,0.882,0.86,0.877,16144.07,14447.97,14726.42,499.31,16.64,97.66,97.66,74.24,1430.8,44.9,0,0,0,1,0,2025-06-07,baseline,baseline
LAB-182,EDOMEX - TLANEPANTLA,proteccion_caduca,455000,17200,40,2,0,2,active,2025-12-22,365,False,17200,10093.88,7015.88,17109.76,90.24,0.162,0.162,0.102,2676.98,2782.48,1754.38,200.0,6.67,131.8,131.8,74.04,653.4,23.0,0,0,0,0,0,2025-09-06,baseline,baseline
LAB-183,EDOMEX - TLANEPANTLA,proteccion_light,360000,13500,36,1,0,1,active,2025-12-31,180,False,13500,7595.15,6004.31,13599.46,0.0,1.281,1.326,1.4,17583.69,17904.93,18900.0,3800.0,126.67,2.26,3.64,0.4,12578.1,500.5,0,0,0,1,0,2025-06-30,baseline,baseline
LAB-184,EDOMEX - TLANEPANTLA,proteccion_total,520000,19000,48,3,1,2,active,2026-04-06,365,False,19000,13281.31,6947.71,20229.02,0.0,0.1,0.05,0.02,1679.59,950.0,380.0,200.0,6.67,11.79,11.79,11.79,655.5,20.6,0,0,0,1,0,2025-07-16,baseline,baseline
LAB-185,EDOMEX - ECATEPEC,proteccion_light,360000,13500,36,1,1,0,active,2026-04-14,180,False,13500,8765.48,5108.92,13874.4,0.0,0.1,0.077,0.058,1329.13,1036.4,777.22,200.0,6.67,63.3,34.4,8.63,522.6,16.5,0,0,0,1,0,2025-08-15,baseline,baseline
LAB-186,EDOMEX - ECATEPEC,proteccion_ilimitada,610000,20500,60,4,3,1,active,2025-12-12,180,False,20500,12732.36,9224.9,21957.26,0.0,1.534,1.464,1.358,31142.39,30005.18,27846.42,3800.0,126.67,1.63,3.43,2.68,12654.1,444.2,0,0,0,1,0,2025-07-05,baseline,baseline
LAB-187,EDOMEX - TLANEPANTLA,proteccion_total,520000,19000,48,3,2,1,active,2025-11-16,365,True,19000,8388.35,8152.65,16541.0,2459.0,0.874,0.909,0.891,16008.13,17277.96,16919.9,350.03,11.67,280.0,131.28,64.78,934.2,32.3,3,0,1,0,0,2025-08-13,fault_alert,fault_alert
LAB-188,EDOMEX - ECATEPEC,proteccion_basica,470000,16800,44,2,1,1,active,2026-02-13,240,False,16800,6680.56,4566.4,11246.96,5553.04,1.086,1.036,1.079,18789.82,17405.27,18118.91,532.42,17.75,263.45,123.67,64.39,1423.3,51.4,1,0,0,0,1,2025-06-25,delinquency,promesa_incumplida
LAB-189,EDOMEX - TLANEPANTLA,proteccion_total,520000,19000,48,3,2,1,active,2026-02-17,365,False,19000,7790.14,8098.7,15888.84,3111.16,0.536,0.258,0.131,10064.59,4904.89,2479.51,459.82,15.33,269.96,123.98,61.31,1303.4,48.0,3,0,1,0,0,2025-08-15,fault_alert,fault_alert
LAB-190,EDOMEX - TLANEPANTLA,proteccion_total,520000,19000,48,3,1,2,active,2025-12-02,365,False,19000,13072.99,6694.42,19767.41,0.0,0.843,0.866,0.903,15331.26,16447.1,17159.29,732.81,24.43,11.77,11.77,11.77,2143.9,78.9,0,0,0,1,0,2025-06-26,baseline,baseline
LAB-191,EDOMEX - TLANEPANTLA,proteccion_total,520000,19000,48,3,1,2,active,2026-02-10,365,False,19000,6963.44,10681.75,17645.19,1354.81,0.467,0.381,0.107,9254.48,7241.09,2037.52,200.0,6.67,280.0,116.94,31.08,676.2,25.3,2,1,0,1,0,2025-09-05,consumption_gap,consumption_gap
LAB-192,EDOMEX - ECATEPEC,proteccion_total,520000,19000,48,3,1,2,active,2026-01-16,365,False,19000,6724.33,11091.54,17815.87,1184.13,0.192,0.15,0.108,3769.73,2846.19,2046.77,200.0,6.67,8.05,3.12,4.91,672.3,22.4,0,1,0,1,0,2025-06-06,consumption_gap,consumption_gap
LAB-193,EDOMEX - ECATEPEC,proteccion_basica,470000,16800,44,2,0,2,active,2025-11-14,240,False,16800,8500.29,8879.49,17379.78,0.0,1.249,1.302,1.172,18063.34,21873.81,19696.14,3800.0,126.67,0.4,3.15,3.04,11120.3,369.6,0,0,0,1,0,2025-07-18,baseline,baseline
LAB-194,AGUASCALIENTES,proteccion_basica,470000,16800,44,2,2,0,active,2026-02-26,240,False,16800,11066.32,6169.55,17235.87,-1773.06,0.897,0.879,0.887,14850.3,14761.03,14902.03,548.22,18.27,112.61,48.88,23.82,1501.1,50.1,0,0,0,1,0,2025-07-21,baseline,baseline
LAB-195,EDOMEX - TLANEPANTLA,proteccion_light,360000,13500,36,1,0,1,active,2026-04-28,180,False,13500,6422.63,6519.01,12941.64,558.36,0.731,0.68,0.116,10739.85,9183.94,1560.3,200.0,6.67,254.7,101.97,56.15,604.8,20.2,1,0,0,1,0,2025-09-02,baseline,baseline
LAB-196,AGUASCALIENTES,proteccion_total,520000,19000,48,3,1,2,active,2025-11-22,365,False,19000,11853.64,6585.14,18438.78,561.22,0.1,0.05,0.023,1786.91,950.0,445.58,200.0,6.67,53.81,28.17,10.8,671.7,26.4,0,0,0,1,0,2025-09-05,baseline,baseline
LAB-197,EDOMEX - TLANEPANTLA,proteccion_caduca,455000,17200,40,2,1,1,active,2026-03-26,365,False,17200,7853.8,7784.41,15638.21,1561.79,0.244,0.163,0.073,4323.83,2809.73,1254.81,200.0,6.67,280.0,160.0,70.54,547.5,17.5,2,1,0,0,0,2025-07-28,consumption_gap,consumption_gap
LAB-198,AGUASCALIENTES,proteccion_basica,470000,16800,44,2,2,0,active,2025-11-28,240,False,16800,9558.21,8053.96,17612.17,0.0,1.138,0.531,0.253,19611.09,8923.78,4244.04,1250.93,41.7,165.61,77.11,38.92,3255.0,111.6,0,0,0,1,0,2025-07-27,baseline,baseline
LAB-199,EDOMEX - TLANEPANTLA,proteccion_light,360000,13500,36,1,0,1,active,2026-04-14,180,False,13500,7244.7,4902.56,12147.26,1352.74,0.471,0.346,0.14,6352.31,4675.03,1886.65,200.0,6.67,280.0,121.62,45.63,634.4,22.1,1,1,0,0,0,2025-09-06,consumption_gap,consumption_gap
