placa,market,plan_type,balance,payment,term_months,protections_allowed,protections_used,protections_remaining,contract_status,contract_valid_until,contract_reset_cycle_days,requires_manual_review,expected_payment,bank_transfer,cash_collection,observed_payment,arrears_amount,coverage_ratio_30d,coverage_ratio_14d,coverage_ratio_7d,gnv_credit_30d,gnv_credit_14d,gnv_credit_7d,litros_30d,avg_30d_litros,downtime_hours_30d,downtime_hours_14d,downtime_hours_7d,distance_km_30d,engine_hours_30d,driving_hours_30d,idling_hours_30d,fault_events_30d,idle_hours_ratio_30d,seatbelt_off_rate_30d,high_speed_ratio_30d,after_hours_distance_km_30d,after_hours_driving_hours_30d,after_hours_stop_hours_30d,after_hours_ratio_30d,safety_score,safety_alert,telemetry_health_score,telemetry_alert,idle_pressure_30d,high_speed_pressure_30d,seatbelt_pressure_30d,hase_consumption_gap_flag,hase_fault_alert_flag,hase_telemetry_ok_flag,has_recent_promise_break,last_protection_at,scenario,risk_story
LAB-000,EDOMEX - TLANEPANTLA,proteccion_caduca,455000,17200,40,2,0,2,active,2026-01-29,365,False,17200,11431.97,6467.34,17899.31,-2034.65,0.542,0.248,0.121,9702.41,4261.74,2088.81,477.53,15.92,270.7,125.44,62.82,1541.9,73.4,61.93,15.7,2,0.253,0.335,0.309,605.5,15.8,17.09,0.393,0.883,0,0.192,1,0.422,0.812,0.93,0,0,0,0,2025-07-19,baseline,baseline
LAB-001,AGUASCALIENTES,proteccion_light,360000,13500,36,1,1,0,active,2026-04-11,180,False,13500,9351.11,5041.32,14392.43,0.0,1.161,0.506,0.243,14089.76,6835.41,3282.8,1085.72,36.19,154.89,74.88,38.89,3228.3,145.6,132.82,48.6,0,0.366,0.416,0.276,738.6,30.5,26.78,0.229,0.89,1,0.168,1,0.61,0.725,1.0,0,0,1,0,2025-09-28,baseline,baseline
LAB-002,AGUASCALIENTES,proteccion_total,520000,19000,48,3,1,2,active,2026-03-04,365,False,19000,8311.18,9103.0,17414.18,1585.82,1.363,0.642,0.302,26542.64,12201.69,5745.03,1364.1,45.47,123.55,62.26,30.87,3887.5,168.3,130.34,33.82,0,0.259,0.301,0.365,1175.4,22.15,8.29,0.302,0.886,0,0.225,1,0.432,0.961,0.836,1,0,1,0,2025-08-05,consumption_gap,consumption_gap
LAB-003,EDOMEX - TLANEPANTLA,proteccion_caduca,455000,17200,40,2,2,0,active,2026-05-10,365,False,17200,10185.59,6467.0,16652.59,-1664.76,0.456,0.218,0.116,7587.93,3757.25,1996.42,403.55,13.45,280.0,134.19,67.0,1231.7,52.0,41.96,13.4,2,0.319,0.331,0.36,301.9,10.61,16.58,0.245,0.93,0,0.154,1,0.532,0.946,0.919,0,0,0,0,2025-09-18,baseline,baseline
LAB-004,EDOMEX - TLANEPANTLA,proteccion_total,520000,19000,48,3,0,3,active,2026-03-08,365,False,19000,9944.57,9740.36,19684.93,0.0,0.575,0.263,0.121,11427.66,4998.32,2291.94,468.19,15.61,263.15,121.59,61.28,1466.1,70.7,54.61,9.84,2,0.18,0.266,0.277,235.2,14.29,14.45,0.16,0.736,0,0.252,1,0.3,0.73,0.739,0,0,0,0,2025-08-01,baseline,baseline
LAB-005,EDOMEX - TLANEPANTLA,proteccion_basica,470000,16800,44,2,1,1,active,2026-04-14,240,False,16800,10207.19,6543.01,16750.2,-978.77,0.119,0.119,0.087,2171.27,1991.12,1464.14,200.0,6.67,100.7,100.7,77.29,665.4,26.0,23.03,10.8,0,0.469,0.267,0.356,124.2,4.5,11.86,0.187,0.819,0,0.165,1,0.782,0.936,0.741,0,0,1,0,2025-08-26,baseline,baseline
LAB-006,EDOMEX - TLANEPANTLA,proteccion_total,520000,19000,48,3,0,3,active,2026-04-09,365,False,19000,7321.74,10183.39,17505.13,1494.87,1.6,1.5,1.4,31604.75,28500.0,26600.0,3800.0,126.67,0.0,0.0,0.0,12067.2,552.9,446.53,147.48,0,0.33,0.274,0.232,3595.2,51.16,27.76,0.298,0.701,0,0.722,0,0.55,0.611,0.76,1,0,1,0,2025-09-27,consumption_gap,consumption_gap
LAB-007,AGUASCALIENTES,proteccion_light,360000,13500,36,1,1,0,active,2026-01-27,180,False,13500,9197.28,4647.48,13844.76,0.0,0.827,0.373,0.193,11141.63,5041.52,2611.45,908.99,30.3,220.39,107.21,53.88,2380.0,92.6,77.5,31.14,1,0.402,0.338,0.444,1359.9,33.19,30.87,0.571,0.964,1,0.128,1,0.67,1.0,0.94,0,0,1,0,2025-09-08,baseline,baseline
LAB-008,EDOMEX - TLANEPANTLA,proteccion_basica,470000,16800,44,2,0,2,active,2025-12-18,240,False,16800,7650.77,10113.85,17764.62,0.0,1.12,1.12,1.12,16647.22,18809.1,18809.1,801.79,26.73,10.48,10.48,10.48,2440.0,123.3,98.55,21.8,0,0.221,0.305,0.428,715.0,13.57,44.64,0.293,0.908,1,0.696,0,0.369,1.0,0.847,0,0,1,0,2025-08-16,baseline,baseline
LAB-009,EDOMEX - TLANEPANTLA,proteccion_basica,470000,16800,44,2,2,0,active,2026-03-04,240,False,16800,9435.72,5069.87,14505.59,2294.41,0.25,0.219,0.124,4567.78,3682.85,2089.71,211.25,7.04,168.87,145.47,68.19,598.4,24.4,21.68,9.91,5,0.457,0.315,0.272,94.2,9.7,43.67,0.157,0.811,0,0.122,1,0.762,0.716,0.874,0,1,0,0,2025-08-20,fault_alert,fault_alert
LAB-010,EDOMEX - ECATEPEC,proteccion_caduca,455000,17200,40,2,0,2,active,2026-06-04,365,False,17200,7305.38,5919.59,13224.97,3975.03,0.1,0.086,0.086,1783.12,1477.94,1477.94,200.0,6.67,56.94,56.94,56.94,562.0,20.6,18.39,3.02,0,0.164,0.391,0.291,135.8,5.7,42.98,0.242,0.907,1,0.401,0,0.274,0.767,1.0,1,0,1,0,2025-09-10,consumption_gap,consumption_gap
LAB-011,EDOMEX - TLANEPANTLA,proteccion_ilimitada,610000,20500,60,4,3,1,active,2026-03-21,180,False,20500,9962.47,9549.67,19512.14,987.86,0.1,0.05,0.045,1810.06,1025.0,919.64,200.0,6.67,34.9,34.9,34.9,628.4,30.4,25.28,9.35,0,0.37,0.215,0.243,155.0,8.86,37.56,0.247,0.613,0,0.43,0,0.617,0.638,0.597,0,0,1,0,2025-09-29,baseline,baseline
LAB-012,EDOMEX - ECATEPEC,proteccion_basica,470000,16800,44,2,2,0,active,2026-05-01,240,False,16800,9612.05,7795.65,17407.7,0.0,0.422,0.205,0.118,6534.11,3440.92,1988.9,356.82,11.89,280.0,136.27,67.82,1191.7,60.0,49.3,17.17,2,0.348,0.223,0.31,360.9,21.6,31.84,0.303,0.698,0,0.189,1,0.58,0.817,0.619,0,0,0,0,2025-08-25,baseline,baseline
LAB-013,EDOMEX - TLANEPANTLA,proteccion_caduca,455000,17200,40,2,0,2,active,2026-01-22,365,False,17200,8209.32,9985.28,18194.6,0.0,0.1,0.05,0.02,1562.04,860.0,344.0,200.0,6.67,11.85,11.85,11.85,604.9,28.1,21.42,7.22,0,0.337,0.256,0.243,163.7,8.64,26.16,0.271,0.682,0,0.491,0,0.562,0.638,0.712,0,0,1,0,2025-07-27,baseline,baseline
LAB-014,EDOMEX - ECATEPEC,proteccion_caduca,455000,17200,40,2,2,0,active,2025-12-21,365,False,17200,8026.2,9642.95,17669.15,0.0,0.141,0.141,0.108,2562.23,2425.97,1862.26,200.0,6.67,99.71,99.71,76.26,569.7,30.2,22.78,4.09,0,0.18,0.265,0.295,81.2,2.45,10.22,0.143,0.753,0,0.305,1,0.299,0.775,0.737,0,0,1,0,2025-08-12,baseline,baseline
LAB-015,AGUASCALIENTES,proteccion_light,360000,13500,36,1,0,1,active,2026-05-06,180,False,13500,7148.22,6562.22,13710.44,0.0,0.421,0.421,0.3,6045.56,5688.42,4053.26,343.08,11.44,81.63,81.63,59.83,903.9,40.1,35.77,7.5,0,0.21,0.382,0.331,184.1,8.25,28.95,0.204,0.948,1,0.345,1,0.35,0.871,1.0,0,0,1,0,2025-10-06,baseline,baseline
LAB-016,EDOMEX - TLANEPANTLA,proteccion_ilimitada,610000,20500,60,4,1,3,active,2026-01-27,180,False,20500,13548.32,8332.25,21880.57,0.0,0.155,0.155,0.106,3330.0,3169.9,2174.39,200.0,6.67,121.31,121.31,74.44,644.7,29.0,22.62,3.81,0,0.168,0.273,0.315,275.4,5.93,23.4,0.427,0.786,0,0.244,1,0.281,0.828,0.758,0,0,0,0,2025-09-27,baseline,baseline
LAB-017,EDOMEX - ECATEPEC,proteccion_basica,470000,16800,44,2,0,2,active,2026-05-01,240,False,16800,8536.79,8225.86,16762.65,37.35,1.338,0.615,0.278,20948.64,10333.45,4665.4,1050.62,35.02,130.35,54.08,28.87,3050.5,120.6,105.92,48.89,0,0.462,0.323,0.425,1213.3,30.44,41.94,0.398,0.938,1,0.126,1,0.769,1.0,0.897,0,0,1,0,2025-08-18,baseline,baseline
LAB-018,AGUASCALIENTES,proteccion_light,360000,13500,36,1,1,0,active,2026-05-23,180,False,13500,8555.26,4624.96,13180.22,319.78,0.673,0.338,0.173,9680.17,4563.11,2334.44,580.44,19.35,249.15,118.05,57.47,1570.5,59.9,55.49,21.16,1,0.381,0.332,0.194,429.2,24.17,40.04,0.273,0.757,0,0.174,1,0.635,0.51,0.922,0,0,1,0,2025-07-22,baseline,baseline
LAB-019,EDOMEX - TLANEPANTLA,proteccion_total,520000,19000,48,3,3,0,active,2026-04-17,365,False,19000,7011.19,9580.24,16591.43,2408.57,0.1,0.066,0.066,1696.36,1251.06,1251.06,200.0,6.67,22.81,22.81,22.81,610.4,25.9,21.79,6.72,0,0.308,0.292,0.333,269.6,6.75,45.25,0.442,0.838,0,0.451,0,0.514,0.876,0.812,1,0,1,0,2025-09-30,consumption_gap,consumption_gap
LAB-020,AGUASCALIENTES,proteccion_light,360000,13500,36,1,0,1,active,2026-05-27,180,False,13500,8688.33,5314.68,14003.01,0.0,1.329,0.617,0.32,19285.28,8327.63,4321.48,1328.17,44.27,138.01,65.85,33.68,4263.5,190.9,164.65,38.4,0,0.233,0.279,0.331,1620.1,41.7,23.33,0.38,0.813,0,0.254,1,0.389,0.871,0.775,0,0,1,0,2025-08-16,baseline,baseline
LAB-021,AGUASCALIENTES,proteccion_caduca,455000,17200,40,2,2,0,active,2026-02-05,365,False,17200,9358.35,9187.76,18546.11,0.0,1.326,0.585,0.274,24807.8,10063.54,4704.83,971.68,32.39,134.95,63.42,32.93,2618.5,108.5,87.42,14.33,0,0.164,0.384,0.272,761.4,22.64,41.02,0.291,0.886,1,0.259,1,0.273,0.716,1.0,0,0,1,0,2025-08-26,baseline,baseline
LAB-022,EDOMEX - ECATEPEC,proteccion_total,520000,19000,48,3,3,-1,expired,2026-04-26,365,True,19000,7511.15,189.44,7700.59,11299.41,0.586,0.256,0.114,12242.97,4855.96,2174.74,518.06,17.27,260.93,122.21,61.75,1711.3,85.7,65.85,10.42,1,0.158,0.296,0.357,518.4,7.25,17.63,0.303,0.87,0,0.233,1,0.264,0.94,0.823,0,0,0,0,2025-08-06,delinquency,proteccion_negativa
LAB-023,AGUASCALIENTES,proteccion_total,520000,19000,48,3,2,1,active,2026-03-17,365,False,19000,8795.38,10751.26,19546.64,0.0,0.754,0.506,0.281,13023.54,9611.6,5340.89,1115.66,37.19,241.98,104.92,47.08,3658.8,193.5,149.95,68.08,2,0.454,0.3,0.38,1510.2,17.1,16.07,0.413,0.9,1,0.137,1,0.757,1.0,0.833,0,0,1,0,2025-07-27,baseline,baseline
LAB-024,EDOMEX - ECATEPEC,proteccion_caduca,455000,17200,40,2,1,1,active,2026-06-01,365,False,17200,10898.87,5872.77,16771.64,428.36,0.371,0.223,0.109,6562.0,3835.13,1871.85,336.78,11.23,242.79,132.57,65.66,1139.7,43.0,40.3,13.78,2,0.342,0.316,0.295,110.4,6.47,11.67,0.097,0.838,0,0.162,1,0.57,0.776,0.879,0,0,0,0,2025-08-26,baseline,baseline
LAB-025,EDOMEX - ECATEPEC,proteccion_caduca,455000,17200,40,2,2,0,active,2026-01-04,365,False,17200,7989.1,5410.15,13399.25,3800.75,1.6,0.811,0.443,29900.65,13944.69,7620.99,1377.0,45.9,75.41,31.93,16.51,3912.1,175.7,139.49,49.34,0,0.354,0.355,0.331,1044.1,33.67,26.97,0.267,0.94,0,0.333,1,0.59,0.871,0.986,1,0,1,0,2025-09-13,consumption_gap,consumption_gap
LAB-026,EDOMEX - ECATEPEC,proteccion_total,520000,19000,48,3,2,1,active,2026-03-29,365,False,19000,11452.19,8165.34,19617.53,0.0,0.217,0.101,0.044,3926.93,1910.76,829.9,200.0,6.67,280.0,150.29,75.27,554.8,22.6,19.73,2.62,2,0.133,0.27,0.44,216.7,5.93,30.63,0.391,0.851,1,0.233,1,0.222,1.0,0.751,0,0,0,0,2025-08-06,baseline,baseline
LAB-027,EDOMEX - ECATEPEC,proteccion_caduca,455000,17200,40,2,0,2,active,2026-05-12,365,False,17200,9595.1,8144.66,17739.76,0.0,1.6,1.5,1.4,26919.65,25800.0,24080.0,3800.0,126.67,2.01,0.0,0.0,12119.6,532.2,401.25,120.9,0,0.301,0.278,0.249,3915.0,157.72,27.77,0.323,0.726,0,0.723,0,0.502,0.656,0.772,0,0,1,0,2025-10-04,baseline,baseline
LAB-028,EDOMEX - TLANEPANTLA,proteccion_total,520000,19000,48,3,3,0,active,2026-02-24,365,False,19000,10137.12,8340.18,18477.3,522.7,0.1,0.05,0.02,1967.78,950.0,380.0,200.0,6.67,11.89,11.89,11.89,522.3,22.9,17.53,4.45,0,0.254,0.342,0.254,67.8,3.99,46.34,0.13,0.837,0,0.494,0,0.423,0.667,0.949,0,0,1,0,2025-07-25,baseline,baseline
LAB-029,EDOMEX - ECATEPEC,proteccion_light,360000,13500,36,1,1,0,active,2026-02-28,180,False,13500,5772.17,6083.23,11855.4,1644.6,0.637,0.263,0.137,7332.9,3553.78,1848.42,538.6,17.95,255.09,117.61,60.81,1490.5,59.2,53.86,9.68,1,0.18,0.342,0.418,272.7,21.2,47.61,0.183,0.97,1,0.209,1,0.3,1.0,0.95,1,0,1,0,2025-09-01,consumption_gap,consumption_gap
LAB-030,EDOMEX - ECATEPEC,proteccion_total,520000,19000,48,3,3,0,active,2026-02-21,365,False,19000,9248.36,7735.08,16983.44,2016.56,0.1,0.05,0.042,1686.57,950.0,806.93,200.0,6.67,23.14,23.14,23.14,548.9,19.2,18.09,3.69,5,0.204,0.326,0.266,216.7,4.93,11.36,0.395,0.824,0,0.491,0,0.34,0.701,0.906,0,1,1,0,2025-08-06,fault_alert,fault_alert
LAB-031,AGUASCALIENTES,proteccion_caduca,455000,17200,40,2,2,0,active,2025-12-15,365,False,17200,9316.42,8229.96,17546.38,0.0,1.098,0.514,0.24,20035.02,8840.4,4122.14,1206.3,40.21,169.66,77.51,38.24,3602.1,160.1,122.6,36.99,0,0.302,0.27,0.251,636.8,26.88,27.95,0.177,0.714,0,0.23,1,0.503,0.661,0.749,0,0,1,0,2025-10-01,baseline,baseline
LAB-032,EDOMEX - ECATEPEC,proteccion_ilimitada,610000,20500,60,4,1,3,active,2026-05-14,180,False,20500,7902.78,8861.53,16764.31,3735.69,1.471,0.61,0.319,27079.64,12506.24,6533.91,1159.44,38.65,111.69,59.61,30.89,3037.6,118.0,99.62,22.98,0,0.231,0.201,0.299,930.1,34.47,33.35,0.306,0.65,0,0.312,1,0.385,0.787,0.559,1,0,1,0,2025-08-09,consumption_gap,consumption_gap
LAB-033,AGUASCALIENTES,proteccion_caduca,455000,17200,40,2,1,1,active,2026-02-02,365,False,17200,6538.99,7764.63,14303.62,2896.38,1.216,0.628,0.316,21861.89,10793.24,5436.85,1335.96,44.53,168.01,71.34,32.64,4399.9,225.3,177.42,49.4,0,0.278,0.238,0.32,1940.8,78.88,19.53,0.441,0.734,0,0.25,1,0.464,0.843,0.66,0,0,1,1,2025-09-29,delinquency,promesa_incumplida
LAB-034,EDOMEX - ECATEPEC,proteccion_caduca,455000,17200,40,2,2,0,active,2026-04-09,365,False,17200,11977.82,5401.86,17379.68,0.0,0.513,0.253,0.132,8415.81,4344.07,2278.42,464.41,15.48,270.37,126.65,63.34,1502.3,74.3,61.08,24.97,1,0.409,0.32,0.357,488.0,14.08,9.95,0.325,0.91,0,0.124,1,0.681,0.941,0.89,0,0,0,0,2025-07-31,baseline,baseline
LAB-035,EDOMEX - TLANEPANTLA,proteccion_caduca,455000,17200,40,2,1,1,active,2026-04-27,365,False,17200,9423.64,7091.36,16515.0,685.0,1.6,1.5,1.4,23728.87,25800.0,24080.0,3800.0,126.67,0.0,0.0,0.0,10593.0,488.5,373.61,45.44,3,0.122,0.304,0.261,3465.1,89.84,43.83,0.327,0.781,0,0.793,0,0.203,0.686,0.845,0,1,1,0,2025-09-06,fault_alert,fault_alert
LAB-036,EDOMEX - TLANEPANTLA,proteccion_total,520000,19000,48,3,0,3,active,2026-06-04,365,False,19000,8158.37,7135.97,15294.34,3705.66,0.471,0.264,0.142,9591.39,5010.49,2696.08,431.45,14.38,265.92,127.16,62.47,1186.5,55.6,48.24,18.25,2,0.378,0.33,0.448,352.6,11.71,13.47,0.297,0.95,1,0.131,1,0.631,1.0,0.917,1,0,0,0,2025-08-01,consumption_gap,consumption_gap
LAB-037,EDOMEX - TLANEPANTLA,proteccion_light,360000,13500,36,1,1,0,active,2026-01-30,180,False,13500,9164.13,4532.96,13697.09,0.0,0.1,0.05,0.044,1270.82,675.0,600.16,200.0,6.67,46.46,46.46,46.46,530.7,22.0,20.88,5.91,0,0.283,0.299,0.389,131.4,9.1,38.08,0.248,0.898,1,0.376,1,0.472,1.0,0.83,0,0,1,0,2025-07-12,baseline,baseline
LAB-038,EDOMEX - ECATEPEC,proteccion_total,520000,19000,48,3,3,0,active,2026-03-05,365,False,19000,12868.06,6489.91,19357.97,0.0,0.1,0.05,0.044,1895.6,950.0,827.53,200.0,6.67,34.98,34.98,34.98,624.6,26.9,23.93,5.65,0,0.236,0.309,0.471,201.1,9.03,39.35,0.322,0.915,1,0.425,0,0.393,1.0,0.858,0,0,1,0,2025-07-02,baseline,baseline
LAB-039,AGUASCALIENTES,proteccion_light,360000,13500,36,1,1,0,active,2026-01-27,180,True,13500,7836.9,5089.59,12926.49,573.51,0.604,0.287,0.15,7306.85,3869.71,2019.74,656.58,21.89,259.1,121.35,60.38,2002.4,100.9,81.03,37.59,2,0.464,0.307,0.287,751.3,35.32,12.12,0.375,0.813,0,0.124,1,0.773,0.755,0.852,0,1,0,0,2025-08-26,fault_alert,fault_alert
LAB-040,EDOMEX - TLANEPANTLA,proteccion_total,520000,19000,48,3,2,1,active,2026-03-18,365,False,19000,9080.1,9919.63,18999.73,-1878.59,0.1,0.055,0.055,1713.33,1042.48,1042.48,200.0,6.67,46.31,46.31,46.31,568.3,25.0,21.24,2.56,0,0.121,0.33,0.232,158.4,5.9,27.58,0.279,0.794,0,0.467,0,0.201,0.609,0.917,0,0,1,0,2025-08-29,baseline,baseline
LAB-041,AGUASCALIENTES,proteccion_caduca,455000,17200,40,2,0,2,active,2025-12-13,365,False,17200,9126.71,7755.48,16882.19,317.81,0.737,0.305,0.154,12934.82,5240.13,2650.51,809.55,26.99,233.64,111.89,56.78,2252.7,113.8,85.6,11.77,2,0.137,0.221,0.335,643.9,9.98,13.53,0.286,0.721,0,0.279,1,0.229,0.882,0.613,0,0,1,0,2025-09-22,baseline,baseline
LAB-042,EDOMEX - TLANEPANTLA,proteccion_total,520000,19000,48,3,3,0,active,2026-03-27,365,False,19000,11495.71,7151.14,18646.85,353.15,0.1,0.05,0.03,1895.34,950.0,577.53,200.0,6.67,23.42,23.42,23.42,655.9,35.6,27.29,9.36,0,0.343,0.319,0.278,125.1,5.16,44.75,0.191,0.824,0,0.43,0,0.571,0.732,0.886,0,0,1,0,2025-07-03,baseline,baseline
LAB-043,EDOMEX - TLANEPANTLA,proteccion_basica,470000,16800,44,2,2,0,active,2026-01-06,240,False,16800,7789.82,8335.54,16125.36,674.64,0.1,0.05,0.044,1680.31,840.0,732.95,200.0,6.67,11.48,11.48,11.48,554.6,23.6,20.62,3.05,3,0.148,0.308,0.179,159.9,3.26,37.01,0.288,0.703,0,0.573,0,0.247,0.471,0.857,0,1,1,0,2025-07-13,fault_alert,fault_alert
LAB-044,EDOMEX - ECATEPEC,proteccion_total,520000,19000,48,3,2,1,active,2026-02-28,365,False,19000,11842.2,6634.97,18477.17,522.83,0.1,0.063,0.063,2086.09,1202.89,1202.89,200.0,6.67,57.82,57.82,57.82,520.6,29.1,21.59,7.13,0,0.33,0.289,0.321,148.1,6.21,32.87,0.284,0.819,0,0.342,1,0.551,0.846,0.802,0,0,1,0,2025-10-06,baseline,baseline
LAB-045,EDOMEX - ECATEPEC,proteccion_total,520000,19000,48,3,2,1,active,2026-01-07,365,False,19000,9827.73,4491.28,14319.01,4680.99,1.6,0.751,0.377,30367.42,14263.75,7165.65,1295.48,43.18,89.85,37.49,22.06,3607.9,134.9,119.8,40.72,0,0.34,0.223,0.328,1147.1,42.41,30.68,0.318,0.717,0,0.328,1,0.566,0.863,0.619,1,0,1,0,2025-07-03,consumption_gap,consumption_gap
LAB-046,EDOMEX - TLANEPANTLA,proteccion_basica,470000,16800,44,2,1,1,active,2026-03-04,240,False,16800,10903.32,6192.86,17096.18,0.0,0.846,0.399,0.197,12413.02,6704.49,3309.44,674.0,22.47,219.26,101.78,50.7,2232.1,104.6,83.4,14.49,1,0.174,0.22,0.27,945.9,33.41,44.5,0.424,0.651,0,0.287,1,0.29,0.711,0.61,0,0,1,0,2025-07-29,baseline,baseline
LAB-047,EDOMEX - ECATEPEC,proteccion_caduca,455000,17200,40,2,2,0,active,2026-02-16,365,False,17200,9963.18,8035.3,17998.48,0.0,1.6,1.5,1.4,28778.77,25800.0,24080.0,3800.0,126.67,0.0,0.0,0.0,11612.6,620.3,469.53,202.65,0,0.432,0.234,0.281,4909.2,169.15,8.93,0.423,0.687,0,0.683,0,0.719,0.74,0.651,0,0,1,0,2025-07-30,baseline,baseline
LAB-048,EDOMEX - TLANEPANTLA,proteccion_caduca,455000,17200,40,2,0,2,active,2026-05-28,365,False,17200,9112.27,8588.88,17701.15,0.0,0.1,0.064,0.064,1637.93,1102.37,1102.37,200.0,6.67,46.2,46.2,46.2,616.3,24.0,20.18,3.85,0,0.191,0.29,0.324,173.4,3.17,35.38,0.281,0.824,0,0.434,0,0.318,0.851,0.805,0,0,1,0,2025-09-17,baseline,baseline
LAB-049,EDOMEX - TLANEPANTLA,proteccion_total,520000,19000,48,3,1,2,active,2026-02-02,365,False,19000,10947.94,5308.89,16256.83,2743.17,0.1,0.05,0.02,1710.99,950.0,380.0,200.0,6.67,11.88,11.88,11.88,549.7,23.7,19.88,4.24,2,0.213,0.305,0.233,193.7,6.53,27.82,0.352,0.754,0,0.528,0,0.356,0.614,0.846,0,1,1,0,2025-07-25,fault_alert,fault_alert
LAB-050,EDOMEX - TLANEPANTLA,proteccion_ilimitada,610000,20500,60,4,4,-1,active,2026-04-20,180,True,20500,9134.63,7808.61,16943.24,3556.76,0.1,0.05,0.02,1779.31,1025.0,410.0,200.0,6.67,11.81,11.81,11.81,542.0,25.2,20.74,3.21,0,0.155,0.186,0.246,121.5,3.27,18.13,0.224,0.568,0,0.591,0,0.258,0.647,0.516,0,0,1,1,2025-07-29,delinquency,proteccion_negativa
LAB-051,AGUASCALIENTES,proteccion_basica,470000,16800,44,2,0,2,active,2026-03-22,240,False,16800,10752.06,6894.76,17646.82,0.0,1.278,0.599,0.295,23308.73,10063.42,4962.06,1279.48,42.65,144.73,67.85,34.68,3450.1,123.1,113.97,24.53,0,0.215,0.223,0.251,1103.0,29.34,17.81,0.32,0.637,0,0.292,1,0.359,0.662,0.621,0,0,1,0,2025-07-17,baseline,baseline
LAB-052,AGUASCALIENTES,proteccion_basica,470000,16800,44,2,0,2,active,2026-03-06,240,False,16800,8603.31,7891.33,16494.64,305.36,0.964,0.421,0.199,17563.59,7070.14,3335.82,964.45,32.15,195.55,91.64,47.19,3192.7,130.7,108.44,32.17,2,0.297,0.278,0.333,819.8,15.84,13.03,0.257,0.814,0,0.204,1,0.494,0.876,0.772,0,0,1,0,2025-07-06,baseline,baseline
LAB-053,EDOMEX - TLANEPANTLA,proteccion_total,520000,19000,48,3,2,1,active,2026-05-07,365,False,19000,7439.33,7772.77,15212.1,3787.9,0.513,0.224,0.116,8358.03,4253.24,2195.97,457.13,15.24,280.0,128.33,65.25,1232.0,46.4,40.5,13.73,2,0.339,0.36,0.324,301.1,6.7,47.54,0.244,0.941,1,0.144,1,0.565,0.853,1.0,1,0,0,0,2025-08-25,consumption_gap,consumption_gap
LAB-054,EDOMEX - ECATEPEC,proteccion_ilimitada,610000,20500,60,4,0,4,active,2026-04-30,180,False,20500,9481.8,10905.71,20387.51,112.49,0.1,0.05,0.02,2061.64,1025.0,410.0,200.0,6.67,11.85,11.85,11.85,640.1,24.1,21.66,9.8,0,0.453,0.228,0.296,176.9,9.7,19.24,0.276,0.692,0,0.441,0,0.754,0.78,0.633,0,0,1,0,2025-08-26,baseline,baseline
LAB-055,EDOMEX - ECATEPEC,proteccion_total,520000,19000,48,3,0,3,active,2026-06-02,365,False,19000,8143.12,9609.92,17753.04,1246.96,1.6,1.5,1.4,28265.59,28500.0,26600.0,3800.0,126.67,14.68,0.0,0.0,12087.6,554.0,443.95,149.12,0,0.336,0.315,0.336,1534.3,71.93,35.12,0.127,0.879,0,0.642,0,0.56,0.885,0.874,1,0,1,0,2025-10-07,consumption_gap,consumption_gap
LAB-056,EDOMEX - ECATEPEC,proteccion_caduca,455000,17200,40,2,0,2,active,2026-04-04,365,False,17200,9431.82,5296.24,14728.06,2471.94,0.352,0.161,0.09,6136.62,2762.78,1541.64,321.95,10.73,280.0,142.48,71.3,915.0,34.6,29.87,11.53,1,0.386,0.281,0.329,326.4,8.31,44.28,0.357,0.815,0,0.144,1,0.643,0.865,0.782,1,0,0,0,2025-09-07,consumption_gap,consumption_gap
LAB-057,EDOMEX - TLANEPANTLA,proteccion_basica,470000,16800,44,2,2,0,active,2026-01-05,240,False,16800,8088.39,8071.93,16160.32,639.68,0.1,0.05,0.02,1703.32,840.0,336.0,200.0,6.67,11.97,11.97,11.97,626.1,29.8,25.94,4.96,0,0.191,0.258,0.188,109.9,8.66,13.17,0.175,0.628,0,0.56,0,0.319,0.495,0.717,0,0,1,0,2025-09-13,baseline,baseline
LAB-058,AGUASCALIENTES,proteccion_light,360000,13500,36,1,1,-1,active,2026-05-14,180,True,13500,3383.51,5000.52,8384.03,5115.97,1.119,0.551,0.26,15485.75,7443.22,3508.69,1229.38,40.98,174.05,80.76,38.99,4133.6,164.7,146.22,50.47,0,0.345,0.351,0.387,1241.2,49.7,8.93,0.3,0.985,1,0.161,1,0.575,1.0,0.974,0,0,1,1,2025-07-08,delinquency,proteccion_negativa
LAB-059,EDOMEX - TLANEPANTLA,proteccion_caduca,455000,17200,40,2,0,2,active,2026-04-01,365,False,17200,10081.56,7353.69,17435.25,0.0,0.236,0.181,0.089,3790.23,3115.29,1537.25,206.62,6.89,190.23,143.9,69.14,577.6,25.2,19.01,8.05,2,0.424,0.314,0.217,149.9,6.97,27.22,0.26,0.752,0,0.141,1,0.706,0.571,0.873,0,0,0,0,2025-08-07,baseline,baseline
LAB-060,EDOMEX - ECATEPEC,proteccion_total,520000,19000,48,3,1,2,active,2026-01-31,365,False,19000,8207.93,6873.73,15081.66,3918.34,0.158,0.158,0.158,3163.98,3001.83,3001.83,200.0,6.67,76.43,76.43,76.43,657.7,27.5,26.13,6.3,0,0.241,0.315,0.405,179.1,9.69,12.63,0.272,0.926,1,0.323,1,0.402,1.0,0.876,1,0,1,0,2025-07-02,consumption_gap,consumption_gap
LAB-061,EDOMEX - ECATEPEC,proteccion_total,520000,19000,48,3,0,3,active,2026-02-01,365,False,19000,11493.43,8860.83,20354.26,0.0,0.1,0.079,0.079,1648.08,1502.24,1502.24,200.0,6.67,22.48,22.48,22.48,542.1,20.8,18.35,8.05,0,0.439,0.264,0.206,68.1,2.97,24.94,0.126,0.656,0,0.436,0,0.731,0.542,0.732,0,0,1,0,2025-08-21,baseline,baseline
LAB-062,EDOMEX - ECATEPEC,proteccion_light,360000,13500,36,1,1,-1,active,2026-01-22,180,True,13500,6073.05,2138.05,8211.1,5288.9,1.325,0.579,0.314,15633.67,7819.32,4244.94,1200.66,40.02,130.42,69.38,35.64,3820.8,141.9,123.9,35.44,0,0.286,0.325,0.346,1268.4,27.71,39.5,0.332,0.905,0,0.213,1,0.477,0.91,0.902,0,0,1,1,2025-09-09,delinquency,proteccion_negativa
LAB-063,EDOMEX - TLANEPANTLA,proteccion_caduca,455000,17200,40,2,2,0,active,2025-12-16,365,False,17200,11580.03,5081.75,16661.78,538.22,1.6,0.776,0.373,24053.14,13350.26,6418.02,1262.51,42.08,94.81,41.33,20.35,3437.6,132.6,123.94,17.23,0,0.139,0.288,0.252,881.5,13.9,34.09,0.256,0.745,0,0.391,1,0.232,0.662,0.801,0,0,1,0,2025-09-24,baseline,baseline
LAB-064,EDOMEX - TLANEPANTLA,proteccion_caduca,455000,17200,40,2,1,1,active,2026-04-22,365,True,17200,8733.96,7844.09,16578.05,621.95,0.1,0.05,0.02,1501.89,860.0,344.0,200.0,6.67,11.77,11.77,11.77,583.1,22.5,19.99,7.81,2,0.391,0.283,0.304,263.5,4.57,16.77,0.452,0.791,0,0.448,0,0.651,0.801,0.785,0,1,1,0,2025-10-03,fault_alert,fault_alert
LAB-065,EDOMEX - ECATEPEC,proteccion_total,520000,19000,48,3,2,1,active,2026-04-21,365,False,19000,12459.76,6574.55,19034.31,0.0,0.475,0.218,0.104,7988.91,4149.62,1981.11,434.24,14.47,280.0,131.22,65.55,1356.1,58.4,49.96,21.74,1,0.435,0.376,0.132,187.5,8.86,34.24,0.138,0.739,1,0.142,1,0.725,0.349,1.0,0,0,0,0,2025-08-15,baseline,baseline
LAB-066,EDOMEX - ECATEPEC,proteccion_caduca,455000,17200,40,2,1,1,active,2026-04-02,365,False,17200,6111.43,6958.71,13070.14,4129.86,0.1,0.05,0.027,1720.67,860.0,468.9,200.0,6.67,23.53,23.53,23.53,597.8,27.2,23.15,9.09,0,0.393,0.192,0.251,176.3,4.51,28.88,0.295,0.584,0,0.456,0,0.655,0.66,0.533,1,0,1,0,2025-08-15,consumption_gap,consumption_gap
LAB-067,EDOMEX - TLANEPANTLA,proteccion_total,520000,19000,48,3,2,1,active,2026-02-22,365,False,19000,9558.32,10701.12,20259.44,0.0,0.1,0.05,0.02,1696.68,950.0,380.0,200.0,6.67,11.8,11.8,11.8,662.4,29.0,24.27,11.09,0,0.457,0.333,0.439,315.3,4.09,35.18,0.476,0.955,1,0.387,1,0.761,1.0,0.925,0,0,1,0,2025-10-01,baseline,baseline
LAB-068,EDOMEX - TLANEPANTLA,proteccion_basica,470000,16800,44,2,0,2,active,2026-02-21,240,False,16800,8125.71,9713.15,17838.86,0.0,0.113,0.113,0.113,1789.3,1903.13,1903.13,200.0,6.67,78.34,78.34,78.34,528.8,22.5,19.95,6.78,0,0.34,0.259,0.291,110.3,2.69,12.3,0.209,0.737,0,0.305,1,0.566,0.766,0.718,0,0,1,0,2025-08-09,baseline,baseline
LAB-069,EDOMEX - ECATEPEC,proteccion_caduca,455000,17200,40,2,1,1,active,2026-05-30,365,False,17200,9700.14,5869.51,15569.65,1630.35,0.482,0.25,0.129,9105.79,4306.57,2214.65,422.34,14.08,280.0,128.79,64.11,1113.0,47.6,41.52,19.16,2,0.462,0.322,0.344,250.5,18.37,27.95,0.225,0.898,0,0.104,1,0.769,0.904,0.893,0,1,0,0,2025-09-01,fault_alert,fault_alert
LAB-070,EDOMEX - TLANEPANTLA,proteccion_light,360000,13500,36,1,0,1,active,2026-02-11,180,False,13500,7158.66,6005.42,13164.08,-1493.51,0.631,0.294,0.158,8500.97,3965.87,2136.13,495.73,16.52,255.0,120.2,60.1,1431.2,62.8,53.28,18.54,1,0.348,0.263,0.177,376.2,11.47,26.04,0.263,0.626,0,0.212,1,0.58,0.467,0.731,0,0,0,0,2025-08-05,baseline,baseline
LAB-071,EDOMEX - TLANEPANTLA,proteccion_basica,470000,16800,44,2,1,1,active,2026-05-09,240,False,16800,9150.09,7016.6,16166.69,633.31,0.1,0.05,0.02,1731.71,840.0,336.0,200.0,6.67,11.82,11.82,11.82,582.3,27.8,22.83,8.95,0,0.392,0.281,0.245,201.6,7.06,34.76,0.346,0.727,0,0.46,0,0.653,0.646,0.781,0,0,1,0,2025-07-07,baseline,baseline
LAB-072,EDOMEX - ECATEPEC,proteccion_ilimitada,610000,20500,60,4,4,0,active,2026-02-15,180,False,20500,7193.94,8339.08,15533.02,4966.98,0.454,0.221,0.117,9498.33,4531.95,2394.15,356.62,11.89,280.0,132.49,65.64,1087.7,57.3,44.97,19.19,1,0.427,0.167,0.36,311.1,16.88,21.23,0.286,0.657,0,0.164,1,0.711,0.947,0.464,1,0,0,0,2025-08-15,consumption_gap,consumption_gap
LAB-073,EDOMEX - ECATEPEC,proteccion_total,520000,19000,48,3,2,1,active,2026-03-28,365,False,19000,12230.81,7045.77,19276.58,0.0,1.6,1.5,1.4,33177.16,28500.0,26600.0,3800.0,126.67,5.68,0.0,0.0,12809.3,472.5,427.13,142.63,0,0.334,0.291,0.158,4373.4,114.73,30.58,0.341,0.652,0,0.714,0,0.557,0.416,0.809,0,0,1,0,2025-08-29,baseline,baseline
LAB-074,EDOMEX - ECATEPEC,proteccion_basica,470000,16800,44,2,0,2,active,2026-05-29,240,False,16800,8057.28,9638.46,17695.74,0.0,0.367,0.268,0.146,5677.74,4497.24,2450.7,334.63,11.15,200.89,133.13,63.13,951.4,33.4,31.59,9.71,1,0.307,0.199,0.387,194.0,10.55,23.07,0.204,0.731,1,0.205,1,0.512,1.0,0.552,0,0,0,0,2025-08-25,baseline,baseline
LAB-075,EDOMEX - TLANEPANTLA,proteccion_total,520000,19000,48,3,1,2,active,2026-06-03,365,False,19000,9445.25,9454.78,18900.03,-2209.94,0.458,0.22,0.11,8273.45,4174.22,2097.29,403.04,13.43,280.0,130.34,65.05,1308.7,45.6,42.46,15.06,2,0.355,0.451,0.289,262.0,10.65,9.44,0.2,0.904,1,0.143,1,0.591,0.761,1.0,0,0,0,0,2025-07-06,baseline,baseline
LAB-076,EDOMEX - ECATEPEC,proteccion_total,520000,19000,48,3,3,0,active,2026-02-27,365,False,19000,7796.71,9884.65,17681.36,1318.64,0.1,0.1,0.1,1636.43,1895.84,1895.84,200.0,6.67,22.41,22.41,22.41,669.7,24.3,22.43,3.17,0,0.142,0.403,0.337,162.3,9.43,30.7,0.242,0.954,1,0.505,0,0.236,0.886,1.0,1,0,1,0,2025-10-05,consumption_gap,consumption_gap
LAB-077,AGUASCALIENTES,proteccion_ilimitada,610000,20500,60,4,4,0,active,2026-05-18,180,False,20500,10195.49,10041.83,20237.32,262.68,1.397,0.673,0.333,25010.88,13804.35,6822.72,1104.44,36.81,113.93,56.24,27.97,3637.9,163.2,125.64,59.22,0,0.471,0.312,0.192,1009.8,47.56,29.83,0.278,0.722,0,0.193,1,0.786,0.504,0.867,0,0,1,0,2025-07-04,baseline,baseline
LAB-078,EDOMEX - ECATEPEC,proteccion_light,360000,13500,36,1,1,0,active,2026-01-19,180,False,13500,7615.36,5887.67,13503.03,0.0,0.127,0.127,0.127,1631.27,1720.97,1720.97,200.0,6.67,10.47,10.47,10.47,534.4,28.0,21.77,6.11,0,0.281,0.248,0.407,120.6,3.38,16.23,0.226,0.813,1,0.515,0,0.468,1.0,0.688,0,0,1,0,2025-08-20,baseline,baseline
LAB-079,EDOMEX - ECATEPEC,proteccion_ilimitada,610000,20500,60,4,3,1,expired,2026-05-27,180,True,20500,5311.35,2367.11,7678.46,12821.54,0.1,0.05,0.02,1821.22,1025.0,410.0,200.0,6.67,23.83,23.83,23.83,530.1,25.5,20.9,9.37,0,0.448,0.327,0.303,175.6,7.95,32.71,0.331,0.865,0,0.373,1,0.747,0.798,0.909,0,0,1,1,2025-09-18,delinquency,promesa_incumplida
LAB-080,AGUASCALIENTES,proteccion_basica,470000,16800,44,2,0,2,expired,2026-05-24,240,True,16800,4948.9,7405.59,12354.49,4445.51,0.974,0.448,0.213,16116.69,7529.65,3573.11,1070.13,35.67,196.7,96.55,47.8,2938.8,139.5,111.98,40.56,2,0.362,0.337,0.368,1015.3,17.82,45.47,0.345,0.95,0,0.152,1,0.604,0.97,0.937,0,0,1,1,2025-08-21,delinquency,promesa_incumplida
LAB-081,EDOMEX - TLANEPANTLA,proteccion_ilimitada,610000,20500,60,4,4,0,active,2026-02-24,180,False,20500,11674.48,8924.53,20599.01,-1875.89,0.333,0.209,0.098,6198.64,4274.9,2012.68,309.12,10.3,211.83,133.9,65.58,961.4,53.1,39.47,11.4,1,0.289,0.27,0.262,237.9,15.31,33.93,0.247,0.726,0,0.204,1,0.481,0.691,0.749,0,0,0,0,2025-08-07,baseline,baseline
LAB-082,EDOMEX - ECATEPEC,proteccion_caduca,455000,17200,40,2,1,1,active,2026-01-15,365,False,17200,7216.0,7963.1,15179.1,2020.9,0.1,0.057,0.057,1750.9,984.13,984.13,200.0,6.67,46.09,46.09,46.09,673.7,29.8,25.33,10.45,0,0.412,0.29,0.214,97.0,4.44,37.81,0.144,0.709,0,0.363,1,0.687,0.563,0.807,1,0,1,0,2025-08-09,consumption_gap,consumption_gap
LAB-083,EDOMEX - ECATEPEC,proteccion_light,360000,13500,36,1,1,0,active,2026-02-16,180,False,13500,6135.98,4962.98,11098.96,2401.04,0.156,0.156,0.14,2296.05,2108.38,1887.73,200.0,6.67,88.13,88.13,76.33,544.7,24.4,21.46,6.66,5,0.311,0.295,0.327,194.9,3.46,22.31,0.358,0.836,0,0.274,1,0.518,0.861,0.819,0,1,1,0,2025-09-10,fault_alert,fault_alert
LAB-084,EDOMEX - ECATEPEC,proteccion_basica,470000,16800,44,2,0,2,active,2026-01-11,240,False,16800,6114.97,8101.6,14216.57,2583.43,1.509,0.654,0.317,26499.51,10990.76,5331.25,1186.89,39.56,86.15,50.33,25.66,3796.1,151.4,127.79,53.08,0,0.415,0.251,0.397,1188.3,33.69,23.68,0.313,0.818,1,0.276,1,0.692,1.0,0.696,1,0,1,0,2025-07-27,consumption_gap,consumption_gap
LAB-085,EDOMEX - TLANEPANTLA,proteccion_total,520000,19000,48,3,1,2,active,2026-04-24,365,False,19000,10634.4,8163.92,18798.32,201.68,0.1,0.05,0.046,1727.1,950.0,870.78,200.0,6.67,34.95,34.95,34.95,642.1,25.2,21.05,7.4,0,0.351,0.172,0.215,12.8,8.66,44.34,0.02,0.513,0,0.458,0,0.586,0.566,0.478,0,0,1,0,2025-08-25,baseline,baseline
LAB-086,EDOMEX - TLANEPANTLA,proteccion_total,520000,19000,48,3,0,3,active,2026-05-04,365,False,19000,10897.99,8158.2,19056.19,0.0,0.151,0.151,0.094,2827.88,2862.11,1780.37,200.0,6.67,120.95,120.95,74.67,653.9,29.5,26.41,10.71,0,0.405,0.187,0.239,282.2,10.87,20.57,0.432,0.563,0,0.187,1,0.676,0.629,0.519,0,0,0,0,2025-09-14,baseline,baseline
LAB-087,EDOMEX - TLANEPANTLA,proteccion_ilimitada,610000,20500,60,4,3,1,active,2026-02-02,180,False,20500,12079.63,8185.01,20264.64,235.36,0.144,0.144,0.144,2661.49,2961.17,2961.17,200.0,6.67,32.49,32.49,32.49,529.3,20.2,17.27,7.26,0,0.42,0.25,0.253,189.0,6.64,18.59,0.357,0.683,0,0.422,0,0.7,0.666,0.695,0,0,1,0,2025-09-27,baseline,baseline
LAB-088,EDOMEX - TLANEPANTLA,proteccion_caduca,455000,17200,40,2,2,0,active,2026-01-17,365,False,17200,8927.69,9568.97,18496.66,0.0,0.982,0.667,0.338,16164.52,11476.52,5816.21,813.85,27.13,140.43,70.18,28.3,2397.6,119.3,93.03,37.02,0,0.398,0.287,0.202,368.7,9.44,30.85,0.154,0.692,0,0.214,1,0.663,0.532,0.798,0,0,1,0,2025-10-08,baseline,baseline
LAB-089,EDOMEX - TLANEPANTLA,proteccion_basica,470000,16800,44,2,1,1,active,2026-02-20,240,False,16800,7019.18,7748.81,14767.99,2032.01,0.432,0.212,0.123,7530.06,3564.66,2064.71,380.14,12.67,280.0,135.77,67.2,1101.4,48.2,43.5,11.64,2,0.268,0.205,0.205,289.2,14.86,47.32,0.263,0.557,0,0.252,1,0.446,0.54,0.569,0,1,0,0,2025-09-16,fault_alert,fault_alert
LAB-090,AGUASCALIENTES,proteccion_light,360000,13500,36,1,1,0,active,2026-02-20,180,False,13500,5664.03,6400.19,12064.22,1435.78,1.406,0.681,0.339,17088.56,9189.39,4579.56,1407.56,46.92,122.57,57.99,28.01,3868.4,161.4,141.98,57.72,2,0.407,0.275,0.277,1194.6,27.82,18.19,0.309,0.75,0,0.198,1,0.678,0.729,0.764,0,1,1,0,2025-09-19,fault_alert,fault_alert
LAB-091,EDOMEX - TLANEPANTLA,proteccion_basica,470000,16800,44,2,0,2,active,2026-04-27,240,False,16800,8240.15,9115.97,17356.12,0.0,0.658,0.307,0.141,9978.17,5149.42,2369.57,559.58,18.65,254.23,114.3,56.08,1865.6,81.2,62.28,12.58,2,0.202,0.311,0.379,294.8,19.72,38.4,0.158,0.917,0,0.211,1,0.337,0.999,0.863,0,0,1,0,2025-07-08,baseline,baseline
LAB-092,EDOMEX - TLANEPANTLA,proteccion_light,360000,13500,36,1,1,0,active,2026-01-24,180,False,13500,9033.79,4716.9,13750.69,0.0,0.52,0.52,0.376,7413.48,7026.15,5071.68,450.24,15.01,87.14,87.14,54.64,1440.5,60.1,55.37,11.4,0,0.206,0.291,0.296,571.8,13.19,39.48,0.397,0.797,0,0.376,1,0.343,0.778,0.809,0,0,1,0,2025-07-28,baseline,baseline
LAB-093,EDOMEX - ECATEPEC,proteccion_light,360000,13500,36,1,1,0,active,2026-04-28,180,False,13500,6711.29,7509.34,14220.63,0.0,0.231,0.231,0.125,3220.02,3124.84,1692.7,212.0,7.07,148.19,148.19,69.12,706.9,26.4,22.88,8.0,0,0.35,0.396,0.387,148.7,5.59,43.02,0.21,1.0,1,0.129,1,0.583,1.0,1.0,0,0,0,0,2025-09-02,baseline,baseline
LAB-094,AGUASCALIENTES,proteccion_ilimitada,610000,20500,60,4,4,0,active,2026-02-22,180,True,20500,9435.41,10122.38,19557.79,942.21,1.533,0.739,0.356,29360.66,15155.27,7304.02,1531.69,51.06,106.65,38.98,19.32,4725.4,214.5,165.17,21.27,5,0.129,0.198,0.232,1069.0,45.17,10.21,0.226,0.574,0,0.392,1,0.215,0.611,0.55,0,1,1,0,2025-09-01,fault_alert,fault_alert
LAB-095,EDOMEX - ECATEPEC,proteccion_total,520000,19000,48,3,3,0,active,2026-05-23,365,False,19000,7628.93,9914.18,17543.11,1456.89,1.6,1.5,1.4,31510.12,28500.0,26600.0,3800.0,126.67,13.46,0.0,0.0,12572.5,596.0,492.82,197.39,0,0.401,0.43,0.182,3776.3,214.61,36.4,0.3,0.792,1,0.635,0,0.668,0.48,1.0,1,0,1,0,2025-07-28,consumption_gap,consumption_gap
LAB-096,EDOMEX - ECATEPEC,proteccion_basica,470000,16800,44,2,0,2,active,2026-01-02,240,False,16800,10249.84,6150.31,16400.15,399.85,0.522,0.211,0.117,9238.13,3553.01,1973.13,450.17,15.01,274.9,128.77,65.39,1296.3,50.5,46.21,21.72,2,0.47,0.296,0.263,294.5,7.36,16.47,0.227,0.77,0,0.124,1,0.783,0.692,0.821,0,0,0,0,2025-10-04,baseline,baseline
LAB-097,EDOMEX - TLANEPANTLA,proteccion_ilimitada,610000,20500,60,4,1,3,active,2026-04-23,180,False,20500,9904.28,11775.35,21679.63,0.0,0.502,0.224,0.123,10737.29,4600.22,2516.1,426.9,14.23,275.99,130.38,65.08,1325.4,54.5,43.92,13.53,2,0.308,0.201,0.268,492.3,11.58,14.79,0.371,0.618,0,0.223,1,0.513,0.705,0.56,0,0,0,0,2025-09-26,baseline,baseline
LAB-098,EDOMEX - ECATEPEC,proteccion_caduca,455000,17200,40,2,0,2,active,2026-02-07,365,False,17200,10690.01,7564.92,18254.93,-1781.09,1.6,1.034,0.453,25508.74,17780.59,7784.6,2026.53,67.55,0.0,0.0,0.0,5620.2,258.0,194.99,44.11,0,0.226,0.254,0.381,1927.1,61.94,32.41,0.343,0.823,1,0.632,0,0.377,1.0,0.706,0,0,1,0,2025-09-28,baseline,baseline
LAB-099,AGUASCALIENTES,proteccion_light,360000,13500,36,1,1,0,active,2026-05-28,180,False,13500,4924.99,6406.47,11331.46,2168.54,1.415,0.661,0.311,18190.9,8918.65,4196.51,1413.74,47.12,122.94,52.9,24.85,3773.8,174.6,147.66,57.21,0,0.387,0.261,0.309,567.8,40.57,32.79,0.15,0.76,0,0.199,1,0.646,0.813,0.725,1,0,1,0,2025-08-22,consumption_gap,consumption_gap
LAB-100,EDOMEX - ECATEPEC,proteccion_light,360000,13500,36,1,1,0,active,2026-03-16,180,False,13500,4919.0,6598.36,11517.36,1982.64,0.1,0.056,0.056,1310.04,761.56,761.56,200.0,6.67,46.55,46.55,46.55,667.5,28.9,24.31,11.34,0,0.466,0.192,0.325,254.7,3.24,8.02,0.382,0.663,0,0.348,1,0.777,0.856,0.535,1,0,1,0,2025-07-25,consumption_gap,consumption_gap
LAB-101,EDOMEX - TLANEPANTLA,proteccion_total,520000,19000,48,3,1,2,active,2026-06-04,365,False,19000,7236.28,10589.81,17826.09,1173.91,0.27,0.198,0.1,4569.5,3761.28,1899.25,244.48,8.15,210.21,141.1,67.82,758.2,35.8,28.85,7.74,2,0.268,0.294,0.17,248.5,7.93,38.24,0.328,0.668,0,0.225,1,0.447,0.446,0.815,1,0,0,0,2025-09-19,consumption_gap,consumption_gap
LAB-102,EDOMEX - TLANEPANTLA,proteccion_total,520000,19000,48,3,1,2,active,2026-06-02,365,False,19000,9798.64,9690.0,19488.64,0.0,0.1,0.05,0.021,2085.38,950.0,402.62,200.0,6.67,23.64,23.64,23.64,604.3,27.8,21.22,9.67,0,0.456,0.361,0.349,116.0,4.37,25.59,0.192,0.967,1,0.352,1,0.76,0.919,1.0,0,0,1,0,2025-07-11,baseline,baseline
LAB-103,AGUASCALIENTES,proteccion_caduca,455000,17200,40,2,0,2,active,2026-04-23,365,False,17200,9119.66,8444.06,17563.72,0.0,1.6,0.808,0.412,26869.86,13903.5,7084.74,1471.43,49.05,58.22,20.93,13.79,4575.2,217.1,170.35,40.9,0,0.24,0.253,0.305,1683.2,67.74,25.85,0.368,0.742,0,0.464,0,0.4,0.802,0.702,0,0,1,0,2025-08-16,baseline,baseline
LAB-104,EDOMEX - ECATEPEC,proteccion_total,520000,19000,48,3,2,1,active,2026-05-17,365,False,19000,9390.76,10279.25,19670.01,0.0,0.1,0.05,0.034,1645.85,950.0,643.23,200.0,6.67,35.15,35.15,35.15,528.8,19.9,18.84,8.02,0,0.426,0.312,0.206,182.7,4.8,10.87,0.346,0.736,0,0.38,1,0.709,0.543,0.866,0,0,1,0,2025-10-10,baseline,baseline
LAB-105,EDOMEX - ECATEPEC,proteccion_total,520000,19000,48,3,1,2,active,2026-03-17,365,False,19000,6410.09,1665.29,8075.38,10924.62,0.456,0.229,0.108,7800.37,4346.23,2059.24,403.06,13.44,280.0,130.94,65.01,1260.8,53.3,43.37,20.08,1,0.463,0.178,0.355,581.1,9.8,16.98,0.461,0.671,0,0.144,1,0.772,0.934,0.495,0,0,0,1,2025-08-28,delinquency,promesa_incumplida
LAB-106,AGUASCALIENTES,proteccion_light,360000,13500,36,1,1,0,active,2026-01-16,180,False,13500,7588.4,5133.21,12721.61,778.39,1.088,0.528,0.273,12861.65,7128.8,3686.87,1108.4,36.95,185.06,80.24,40.13,3303.1,131.5,117.03,15.84,4,0.135,0.253,0.195,1074.5,18.94,40.98,0.325,0.628,0,0.323,1,0.226,0.514,0.703,0,1,1,0,2025-10-10,fault_alert,fault_alert
LAB-107,EDOMEX - ECATEPEC,proteccion_ilimitada,610000,20500,60,4,3,1,expired,2026-03-13,180,True,20500,4161.77,10834.18,14995.95,5504.05,0.724,0.322,0.161,16218.64,6610.86,3306.55,530.82,17.69,240.76,111.43,56.32,1764.8,69.6,57.31,8.49,2,0.148,0.113,0.387,35.3,14.1,30.87,0.02,0.588,1,0.303,1,0.247,1.0,0.314,0,0,1,0,2025-07-17,delinquency,delinquency
LAB-108,EDOMEX - TLANEPANTLA,proteccion_basica,470000,16800,44,2,1,1,active,2026-01-02,240,False,16800,11631.73,5929.41,17561.14,0.0,0.1,0.05,0.02,1501.42,840.0,336.0,200.0,6.67,11.83,11.83,11.83,555.1,27.2,20.37,7.83,0,0.384,0.207,0.416,153.6,8.11,17.67,0.277,0.745,1,0.459,0,0.64,1.0,0.575,0,0,1,0,2025-07-09,baseline,baseline
LAB-109,EDOMEX - ECATEPEC,proteccion_light,360000,13500,36,1,0,1,active,2026-02-11,180,False,13500,3208.27,2113.45,5321.72,8178.28,0.213,0.213,0.112,2933.71,2880.29,1514.77,200.0,6.67,138.08,138.08,70.32,574.4,28.0,23.45,9.18,0,0.391,0.303,0.18,123.3,6.61,41.71,0.215,0.694,0,0.171,1,0.652,0.473,0.841,0,0,0,0,2025-09-30,delinquency,delinquency
LAB-110,AGUASCALIENTES,proteccion_basica,470000,16800,44,2,2,0,active,2026-02-08,240,False,16800,8201.3,9260.27,17461.57,-1177.03,1.055,0.476,0.232,15690.34,7999.01,3898.93,1056.36,35.21,175.77,83.63,42.42,3119.3,139.9,115.96,25.59,0,0.221,0.294,0.423,455.3,38.03,12.35,0.146,0.89,1,0.226,1,0.368,1.0,0.817,0,0,1,0,2025-09-16,baseline,baseline
LAB-111,AGUASCALIENTES,proteccion_basica,470000,16800,44,2,2,0,active,2026-01-30,240,False,16800,7989.53,7232.75,15222.28,1577.72,1.233,0.566,0.28,20674.4,9500.77,4708.23,1119.74,37.32,148.34,71.29,35.63,2930.9,122.5,106.17,28.84,3,0.272,0.206,0.331,980.5,11.44,32.05,0.335,0.693,0,0.254,1,0.453,0.872,0.573,0,1,1,0,2025-08-08,fault_alert,fault_alert
LAB-112,EDOMEX - TLANEPANTLA,proteccion_ilimitada,610000,20500,60,4,0,4,expired,2026-04-29,180,True,20500,4317.02,7418.59,11735.61,8764.39,0.545,0.234,0.118,11031.72,4802.23,2420.18,457.59,15.25,265.72,125.87,63.62,1243.4,63.5,47.18,5.94,1,0.126,0.221,0.387,425.9,12.64,47.12,0.343,0.769,1,0.267,1,0.21,1.0,0.615,0,0,0,0,2025-09-14,delinquency,delinquency
LAB-113,AGUASCALIENTES,proteccion_total,520000,19000,48,3,0,3,active,2025-12-17,365,False,19000,12968.0,6322.96,19290.96,0.0,0.606,0.295,0.163,10524.35,5596.08,3092.62,665.45,22.18,262.88,119.95,59.82,1998.8,78.9,66.59,14.69,2,0.221,0.132,0.318,464.1,29.42,15.46,0.232,0.555,0,0.28,1,0.368,0.838,0.366,0,0,1,0,2025-09-02,baseline,baseline
LAB-114,EDOMEX - ECATEPEC,proteccion_total,520000,19000,48,3,2,1,active,2025-12-18,365,False,19000,7339.02,9475.27,16814.29,2185.71,0.204,0.204,0.095,3555.66,3882.28,1804.29,200.0,6.67,148.86,148.86,70.31,576.8,27.6,21.81,6.28,0,0.288,0.205,0.234,199.6,3.81,44.0,0.346,0.589,0,0.231,1,0.48,0.617,0.57,1,0,0,0,2025-08-22,consumption_gap,consumption_gap
LAB-115,EDOMEX - ECATEPEC,proteccion_total,520000,19000,48,3,1,2,active,2025-12-14,365,False,19000,12098.78,6274.18,18372.96,627.04,0.106,0.106,0.101,2185.98,2016.16,1921.32,200.0,6.67,151.26,151.26,79.43,617.0,26.9,21.3,10.17,0,0.477,0.391,0.323,196.2,6.1,15.12,0.318,0.94,1,0.083,1,0.796,0.85,1.0,0,0,0,0,2025-07-09,baseline,baseline
LAB-116,EDOMEX - TLANEPANTLA,proteccion_total,520000,19000,48,3,3,0,active,2025-12-19,365,False,19000,9064.18,9579.23,18643.41,356.59,0.539,0.248,0.134,8785.6,4715.55,2540.54,492.02,16.4,274.94,125.98,63.16,1389.2,63.8,54.8,14.17,2,0.259,0.159,0.24,445.6,5.96,16.08,0.321,0.517,0,0.266,1,0.431,0.631,0.441,0,0,0,0,2025-07-09,baseline,baseline
LAB-117,EDOMEX - TLANEPANTLA,proteccion_basica,470000,16800,44,2,0,2,active,2025-12-17,240,False,16800,10810.55,6819.68,17630.23,0.0,0.51,0.249,0.136,9208.44,4189.72,2278.08,415.58,13.85,273.6,128.68,63.56,1224.9,53.9,41.71,9.64,2,0.231,0.24,0.177,532.0,15.41,11.73,0.434,0.586,0,0.264,1,0.385,0.467,0.666,0,0,0,0,2025-07-25,baseline,baseline
LAB-118,AGUASCALIENTES,proteccion_caduca,455000,17200,40,2,0,2,active,2025-12-21,365,False,17200,8967.6,4269.12,13236.72,3963.28,0.734,0.337,0.158,11603.09,5793.88,2723.4,597.69,19.92,234.82,109.01,54.76,1752.0,85.4,72.11,15.54,2,0.215,0.317,0.286,501.5,14.03,43.75,0.286,0.83,0,0.226,1,0.359,0.752,0.882,1,0,1,0,2025-08-21,consumption_gap,consumption_gap
LAB-119,EDOMEX - TLANEPANTLA,proteccion_total,520000,19000,48,3,1,2,active,2026-02-05,365,False,19000,9271.06,9648.21,18919.27,80.73,0.1,0.059,0.059,1811.37,1125.74,1125.74,200.0,6.67,46.15,46.15,46.15,651.8,33.9,25.27,10.17,0,0.402,0.307,0.248,159.6,7.18,14.8,0.245,0.774,0,0.355,1,0.671,0.653,0.854,0,0,1,0,2025-08-13,baseline,baseline
LAB-120,EDOMEX - ECATEPEC,proteccion_ilimitada,610000,20500,60,4,1,3,active,2026-03-07,180,False,20500,12114.79,9281.78,21396.57,-1882.92,1.101,1.101,1.101,23784.65,22566.61,22566.61,851.96,28.4,12.33,12.33,12.33,2261.1,92.4,81.97,29.4,0,0.359,0.237,0.229,683.8,13.53,20.93,0.302,0.636,0,0.687,0,0.598,0.602,0.659,0,0,1,0,2025-07-30,baseline,baseline
LAB-121,EDOMEX - ECATEPEC,proteccion_total,520000,19000,48,3,2,1,active,2026-05-18,365,False,19000,13298.89,5875.83,19174.72,0.0,0.814,0.325,0.166,15010.01,6180.81,3150.96,639.06,21.3,196.44,104.07,53.16,2133.1,94.0,86.66,39.4,1,0.455,0.244,0.261,415.8,22.39,24.65,0.195,0.681,0,0.158,1,0.758,0.686,0.677,0,0,1,0,2025-09-16,baseline,baseline
LAB-122,AGUASCALIENTES,proteccion_light,360000,13500,36,1,0,1,active,2026-02-14,180,False,13500,6205.79,7766.51,13972.3,0.0,1.502,0.676,0.328,20554.35,9132.67,4430.53,1187.56,39.59,114.27,47.84,24.77,3177.0,132.1,103.66,45.14,0,0.435,0.281,0.271,1528.4,29.85,19.87,0.481,0.753,0,0.2,1,0.726,0.714,0.78,0,0,1,0,2025-09-16,baseline,baseline
LAB-123,EDOMEX - TLANEPANTLA,proteccion_basica,470000,16800,44,2,2,0,active,2026-04-13,240,False,16800,8659.96,8669.3,17329.26,0.0,1.505,0.638,0.28,23676.94,10725.38,4706.19,1191.46,39.72,85.62,46.89,23.54,3606.7,142.7,122.66,40.66,0,0.332,0.353,0.283,845.4,46.34,10.35,0.234,0.886,0,0.291,1,0.553,0.746,0.98,0,0,1,0,2025-07-03,baseline,baseline
LAB-124,EDOMEX - TLANEPANTLA,proteccion_basica,470000,16800,44,2,0,2,active,2026-05-11,240,False,16800,9920.44,6315.98,16236.42,563.58,0.1,0.05,0.02,1641.22,840.0,336.0,200.0,6.67,11.79,11.79,11.79,635.7,26.2,21.13,7.19,0,0.34,0.293,0.248,108.1,2.38,30.25,0.17,0.75,0,0.477,0,0.567,0.654,0.814,0,0,1,0,2025-08-06,baseline,baseline
LAB-125,EDOMEX - TLANEPANTLA,proteccion_basica,470000,16800,44,2,0,2,active,2026-04-18,240,False,16800,8983.9,8513.15,17497.05,0.0,0.648,0.62,0.33,9510.66,10424.35,5541.21,563.11,18.77,121.63,109.96,41.87,1864.1,70.5,63.51,14.31,0,0.225,0.362,0.248,262.2,13.19,19.97,0.141,0.861,1,0.25,1,0.375,0.652,1.0,0,0,1,0,2025-10-07,baseline,baseline
LAB-126,EDOMEX - TLANEPANTLA,proteccion_total,520000,19000,48,3,0,3,active,2026-01-06,365,False,19000,10255.72,6868.99,17124.71,1875.29,0.496,0.261,0.147,9114.33,4962.56,2788.6,389.13,12.97,280.0,130.64,64.28,1163.0,49.3,42.99,13.23,1,0.308,0.303,0.38,389.7,19.27,11.15,0.335,0.905,0,0.17,1,0.513,1.0,0.841,1,0,0,0,2025-09-06,consumption_gap,consumption_gap
LAB-127,EDOMEX - TLANEPANTLA,proteccion_total,520000,19000,48,3,1,2,active,2026-02-15,365,False,19000,9485.9,9207.23,18693.13,306.87,0.299,0.195,0.098,4872.5,3698.4,1864.05,271.95,9.06,217.12,138.2,67.71,721.6,28.9,26.9,5.77,3,0.215,0.104,0.215,338.2,8.09,27.92,0.469,0.399,0,0.3,1,0.358,0.565,0.289,0,1,0,0,2025-09-27,fault_alert,fault_alert
LAB-128,EDOMEX - ECATEPEC,proteccion_basica,470000,16800,44,2,0,2,active,2026-03-17,240,False,16800,8797.27,5044.49,13841.76,2958.24,0.383,0.19,0.093,6390.51,3193.18,1561.49,301.09,10.04,280.0,136.9,68.01,799.5,34.0,31.74,12.12,1,0.382,0.262,0.386,298.0,12.75,41.42,0.373,0.837,1,0.142,1,0.637,1.0,0.729,1,0,0,0,2025-10-06,consumption_gap,consumption_gap
LAB-129,EDOMEX - ECATEPEC,proteccion_total,520000,19000,48,3,3,0,active,2026-02-11,365,False,19000,10574.66,9440.29,20014.95,0.0,0.241,0.241,0.161,4460.83,4574.43,3052.36,220.15,7.34,148.75,148.75,68.4,746.6,38.7,29.8,4.13,0,0.139,0.37,0.308,246.1,10.13,18.53,0.33,0.924,1,0.24,1,0.231,0.81,1.0,0,0,0,0,2025-09-04,baseline,baseline
LAB-130,EDOMEX - TLANEPANTLA,proteccion_basica,470000,16800,44,2,1,1,active,2026-01-28,240,False,16800,8843.02,7664.84,16507.86,292.14,0.125,0.125,0.097,1867.95,2104.76,1630.34,200.0,6.67,100.65,100.65,77.14,659.5,25.5,23.37,8.64,0,0.37,0.234,0.195,201.9,2.41,9.89,0.306,0.595,0,0.253,1,0.616,0.514,0.65,0,0,1,0,2025-07-03,baseline,baseline
LAB-131,EDOMEX - ECATEPEC,proteccion_light,360000,13500,36,1,0,1,active,2026-01-16,180,False,13500,8073.45,6078.46,14151.91,0.0,0.176,0.176,0.083,2028.04,2378.28,1122.21,200.0,6.67,139.63,139.63,72.12,615.2,22.4,19.88,3.74,0,0.188,0.378,0.356,212.3,7.5,38.12,0.345,0.975,1,0.193,1,0.314,0.938,1.0,0,0,0,0,2025-07-21,baseline,baseline
LAB-132,EDOMEX - ECATEPEC,proteccion_basica,470000,16800,44,2,2,0,active,2026-04-24,240,False,16800,8945.1,9050.27,17995.37,0.0,0.963,0.481,0.307,17696.74,8085.28,5150.96,756.24,25.21,192.7,94.21,46.0,2218.5,95.6,79.91,12.68,1,0.159,0.355,0.277,425.2,34.04,12.95,0.192,0.883,0,0.269,1,0.264,0.729,0.987,0,0,1,0,2025-10-02,baseline,baseline
LAB-133,EDOMEX - TLANEPANTLA,proteccion_ilimitada,610000,20500,60,4,3,1,active,2026-03-09,180,False,20500,7456.35,10755.22,18211.57,2288.43,0.689,0.348,0.171,14246.01,7141.73,3507.64,616.92,20.56,269.61,110.85,53.74,1977.8,84.0,66.37,21.97,2,0.331,0.257,0.352,432.3,20.29,34.57,0.219,0.799,0,0.187,1,0.552,0.926,0.714,1,0,1,0,2025-07-02,consumption_gap,consumption_gap
LAB-134,EDOMEX - TLANEPANTLA,proteccion_total,520000,19000,48,3,0,3,active,2026-02-07,365,False,19000,10836.53,8625.25,19461.78,-1487.69,1.479,0.606,0.281,27976.09,11521.43,5343.16,1161.02,38.7,93.38,58.17,32.28,3562.2,157.7,124.55,43.71,0,0.351,0.246,0.243,410.5,24.36,29.1,0.115,0.666,0,0.304,1,0.585,0.64,0.684,0,0,1,0,2025-08-03,baseline,baseline
LAB-135,EDOMEX - TLANEPANTLA,proteccion_light,360000,13500,36,1,1,0,active,2026-05-26,180,False,13500,8552.31,5724.85,14277.16,0.0,0.596,0.265,0.133,8026.05,3582.91,1792.97,499.92,16.66,260.13,121.28,61.63,1435.2,69.3,52.91,20.13,1,0.38,0.271,0.412,339.3,7.94,15.72,0.236,0.852,1,0.148,1,0.634,1.0,0.753,0,0,0,0,2025-08-21,baseline,baseline
LAB-136,EDOMEX - TLANEPANTLA,proteccion_total,520000,19000,48,3,2,1,active,2026-01-18,365,False,19000,10156.95,9907.9,20064.85,0.0,0.1,0.05,0.031,1981.94,950.0,581.27,200.0,6.67,35.4,35.4,35.4,648.4,32.3,26.17,12.18,0,0.465,0.305,0.374,173.1,10.71,28.89,0.267,0.901,0,0.329,1,0.775,0.983,0.846,0,0,1,0,2025-07-20,baseline,baseline
LAB-137,EDOMEX - ECATEPEC,proteccion_basica,470000,16800,44,2,0,2,active,2026-05-07,240,False,16800,10428.66,7607.22,18035.88,0.0,1.6,1.139,0.541,24710.77,19133.33,9084.0,2533.08,84.44,0.0,0.0,0.0,6694.1,291.4,218.89,68.22,0,0.312,0.293,0.374,1469.6,31.04,11.87,0.22,0.882,0,0.602,0,0.519,0.983,0.815,0,0,1,0,2025-09-27,baseline,baseline
LAB-138,EDOMEX - TLANEPANTLA,proteccion_total,520000,19000,48,3,2,1,active,2025-12-14,365,False,19000,9571.87,8881.25,18453.12,546.88,0.1,0.05,0.02,1789.84,950.0,380.0,200.0,6.67,11.9,11.9,11.9,620.2,22.4,20.41,9.16,0,0.449,0.323,0.24,175.9,6.47,33.57,0.284,0.792,0,0.422,0,0.748,0.633,0.897,0,0,1,0,2025-07-06,baseline,baseline
LAB-139,EDOMEX - ECATEPEC,proteccion_light,360000,13500,36,1,1,0,active,2026-04-23,180,False,13500,6418.66,4414.81,10833.47,2666.53,0.232,0.214,0.128,3057.31,2894.58,1727.64,212.21,7.07,160.93,149.14,69.96,637.9,27.2,23.57,4.95,4,0.21,0.302,0.304,230.6,3.78,20.79,0.362,0.823,0,0.224,1,0.35,0.8,0.838,0,1,0,0,2025-08-07,fault_alert,fault_alert
LAB-140,EDOMEX - ECATEPEC,proteccion_total,520000,19000,48,3,3,0,active,2026-02-16,365,False,19000,6745.15,8501.93,15247.08,3752.92,1.6,1.5,0.473,29364.27,28500.0,8980.91,3209.78,106.99,0.0,0.0,0.0,8425.0,372.9,297.45,115.66,0,0.389,0.31,0.367,2100.2,34.04,12.0,0.249,0.903,0,0.552,0,0.648,0.967,0.86,1,0,1,0,2025-07-02,consumption_gap,consumption_gap
LAB-141,EDOMEX - TLANEPANTLA,proteccion_basica,470000,16800,44,2,2,0,active,2026-02-08,240,True,16800,9497.96,5773.93,15271.89,1528.11,0.1,0.05,0.036,1688.36,840.0,600.13,200.0,6.67,23.36,23.36,23.36,631.5,22.9,21.04,9.54,2,0.453,0.275,0.178,296.4,3.54,8.16,0.469,0.646,0,0.421,0,0.756,0.468,0.764,0,1,1,0,2025-08-26,fault_alert,fault_alert
LAB-142,EDOMEX - TLANEPANTLA,proteccion_basica,470000,16800,44,2,1,1,active,2026-05-01,240,True,16800,9720.92,5911.71,15632.63,1167.37,0.503,0.236,0.122,7443.02,3968.41,2041.23,442.13,14.74,277.66,128.74,64.4,1254.0,44.4,41.26,10.99,3,0.266,0.326,0.338,402.2,13.76,26.27,0.321,0.899,0,0.184,1,0.444,0.888,0.905,0,1,0,0,2025-08-10,fault_alert,fault_alert
LAB-143,EDOMEX - TLANEPANTLA,proteccion_light,360000,13500,36,1,0,1,active,2026-01-07,180,False,13500,9067.43,5195.37,14262.8,0.0,0.1,0.05,0.026,1408.35,675.0,346.2,200.0,6.67,23.54,23.54,23.54,563.4,22.8,20.52,8.82,0,0.43,0.377,0.329,160.3,8.94,17.13,0.285,0.946,1,0.368,1,0.717,0.866,1.0,0,0,1,0,2025-08-14,baseline,baseline
LAB-144,EDOMEX - TLANEPANTLA,proteccion_basica,470000,16800,44,2,0,2,active,2026-05-12,240,False,16800,8771.92,7715.11,16487.03,-1423.96,0.471,0.239,0.124,8481.22,4011.45,2075.13,411.56,13.72,280.0,129.85,64.14,1277.5,54.5,46.21,13.27,1,0.287,0.364,0.4,231.1,16.21,38.4,0.181,1.0,1,0.155,1,0.479,1.0,1.0,0,0,0,0,2025-09-12,baseline,baseline
LAB-145,EDOMEX - ECATEPEC,proteccion_caduca,455000,17200,40,2,2,0,active,2026-05-20,365,False,17200,8767.7,6418.45,15186.15,2013.85,0.463,0.21,0.093,8448.64,3613.6,1598.48,391.22,13.04,280.0,130.19,65.4,1328.0,63.8,49.29,19.13,1,0.388,0.239,0.391,409.9,14.68,12.24,0.309,0.798,1,0.147,1,0.647,1.0,0.663,1,0,0,0,2025-09-01,consumption_gap,consumption_gap
LAB-146,AGUASCALIENTES,proteccion_total,520000,19000,48,3,1,2,active,2026-03-23,365,False,19000,12377.63,7883.43,20261.06,-1714.51,1.158,0.498,0.229,21276.06,9460.82,4357.22,1159.31,38.64,160.44,77.15,40.45,3583.9,154.5,132.1,38.29,0,0.29,0.247,0.303,1336.9,51.02,37.83,0.373,0.732,0,0.229,1,0.483,0.799,0.687,0,0,1,0,2025-07-22,baseline,baseline
LAB-147,EDOMEX - ECATEPEC,proteccion_total,520000,19000,48,3,3,0,active,2026-05-26,365,False,19000,7734.19,9324.66,17058.85,1941.15,1.334,0.573,0.305,23058.78,10877.58,5796.03,1047.47,34.92,130.21,65.42,34.56,3286.0,153.3,127.43,58.81,0,0.462,0.285,0.304,1294.8,51.76,14.63,0.394,0.795,0,0.16,1,0.769,0.801,0.791,1,0,1,0,2025-10-08,consumption_gap,consumption_gap
LAB-148,EDOMEX - TLANEPANTLA,proteccion_caduca,455000,17200,40,2,0,2,active,2026-05-11,365,False,17200,7852.63,6381.62,14234.25,2965.75,0.5,0.233,0.12,9048.11,4016.05,2061.35,437.39,14.58,276.43,129.11,64.42,1385.5,66.9,50.79,10.3,1,0.203,0.257,0.324,719.4,9.47,17.99,0.519,0.77,0,0.235,1,0.338,0.854,0.714,1,0,0,0,2025-09-18,consumption_gap,consumption_gap
LAB-149,EDOMEX - TLANEPANTLA,proteccion_basica,470000,16800,44,2,0,2,active,2026-03-25,240,False,16800,3410.99,7143.49,10554.48,6245.52,0.257,0.205,0.099,4219.5,3450.58,1666.47,217.7,7.26,188.5,142.11,67.52,706.6,31.3,26.68,4.81,2,0.18,0.202,0.274,206.2,6.34,43.72,0.292,0.626,0,0.269,1,0.301,0.722,0.562,0,0,0,1,2025-09-14,delinquency,promesa_incumplida
LAB-150,EDOMEX - TLANEPANTLA,proteccion_total,520000,19000,48,3,0,3,active,2025-12-26,365,False,19000,11906.81,7564.17,19470.98,-2073.06,0.397,0.189,0.088,6749.91,3596.38,1665.91,335.93,11.2,280.0,136.62,68.04,1078.9,52.3,40.68,7.9,1,0.194,0.296,0.181,276.2,7.28,36.96,0.256,0.685,0,0.25,1,0.324,0.476,0.824,0,0,0,0,2025-07-14,baseline,baseline
LAB-151,AGUASCALIENTES,proteccion_caduca,455000,17200,40,2,1,1,active,2026-01-07,365,False,17200,9282.59,6796.5,16079.09,1120.91,1.201,0.531,0.296,20278.56,9127.81,5095.3,1320.31,44.01,158.36,74.5,38.08,4122.3,146.3,135.45,31.65,3,0.234,0.338,0.387,1241.2,45.56,41.64,0.301,0.964,1,0.219,1,0.389,1.0,0.939,0,1,1,0,2025-07-13,fault_alert,fault_alert
LAB-152,EDOMEX - TLANEPANTLA,proteccion_light,360000,13500,36,1,0,1,active,2026-04-15,180,False,13500,8264.01,5463.14,13727.15,0.0,0.1,0.05,0.026,1193.14,675.0,348.49,200.0,6.67,23.55,23.55,23.55,538.7,27.0,21.79,5.37,0,0.247,0.184,0.317,119.3,6.29,45.4,0.221,0.64,0,0.506,0,0.411,0.833,0.511,0,0,1,0,2025-07-18,baseline,baseline
LAB-153,EDOMEX - TLANEPANTLA,proteccion_light,360000,13500,36,1,0,1,active,2025-12-15,180,False,13500,5557.27,3080.47,8637.74,4862.26,0.1,0.05,0.02,1359.03,675.0,270.0,200.0,6.67,11.89,11.89,11.89,576.5,25.7,20.05,9.61,0,0.479,0.372,0.244,198.8,2.84,17.79,0.345,0.857,1,0.396,1,0.799,0.643,1.0,0,0,1,1,2025-09-25,delinquency,promesa_incumplida
LAB-154,EDOMEX - TLANEPANTLA,proteccion_caduca,455000,17200,40,2,0,2,active,2026-01-23,365,False,17200,6157.42,6839.91,12997.33,4202.67,0.1,0.05,0.02,1702.23,860.0,344.0,200.0,6.67,11.83,11.83,11.83,565.2,23.7,20.06,9.07,0,0.452,0.308,0.357,207.5,8.72,47.23,0.367,0.888,0,0.402,0,0.754,0.938,0.855,1,0,1,0,2025-08-25,consumption_gap,consumption_gap
LAB-155,AGUASCALIENTES,proteccion_caduca,455000,17200,40,2,0,2,active,2026-04-23,365,False,17200,6783.52,7668.66,14452.18,2747.82,1.271,0.583,0.299,21113.73,10022.04,5142.74,1272.33,42.41,150.35,68.46,36.05,4149.2,179.2,144.13,51.01,0,0.354,0.262,0.488,1392.4,54.11,25.32,0.336,0.837,1,0.195,1,0.59,1.0,0.729,1,0,1,0,2025-09-16,consumption_gap,consumption_gap
LAB-156,EDOMEX - TLANEPANTLA,proteccion_light,360000,13500,36,1,1,0,active,2026-03-13,180,False,13500,6291.7,7880.28,14171.98,0.0,0.42,0.18,0.084,5359.74,2428.44,1132.1,369.39,12.31,280.0,134.58,67.59,1087.9,42.0,36.62,14.39,1,0.393,0.241,0.268,424.3,13.25,26.32,0.39,0.683,0,0.166,1,0.655,0.705,0.669,0,0,0,0,2025-09-09,baseline,baseline
LAB-157,EDOMEX - TLANEPANTLA,proteccion_total,520000,19000,48,3,0,3,active,2026-02-05,365,False,19000,9138.32,9925.47,19063.79,0.0,0.427,0.3,0.173,8782.94,5704.58,3292.29,387.32,12.91,194.42,127.39,59.97,1018.3,42.6,35.92,4.57,1,0.127,0.205,0.26,248.0,8.64,29.16,0.244,0.616,0,0.308,1,0.212,0.683,0.571,0,0,0,0,2025-10-02,baseline,baseline
LAB-158,EDOMEX - ECATEPEC,proteccion_basica,470000,16800,44,2,1,1,active,2026-01-02,240,False,16800,8491.66,7521.26,16012.92,787.08,0.1,0.1,0.1,1473.49,1679.67,1679.67,200.0,6.67,79.03,79.03,79.03,540.3,29.0,21.59,7.39,0,0.342,0.188,0.479,101.8,9.52,16.16,0.188,0.714,1,0.304,1,0.571,1.0,0.523,0,0,1,0,2025-08-30,baseline,baseline
LAB-159,EDOMEX - TLANEPANTLA,proteccion_ilimitada,610000,20500,60,4,1,3,active,2026-05-14,180,False,20500,14334.98,6150.39,20485.37,14.63,0.178,0.178,0.108,3976.44,3641.5,2223.86,200.0,6.67,119.03,119.03,72.99,529.2,21.2,17.37,6.49,0,0.374,0.254,0.261,189.8,4.51,14.2,0.359,0.697,0,0.179,1,0.623,0.686,0.705,0,0,1,0,2025-07-16,baseline,baseline
LAB-160,EDOMEX - TLANEPANTLA,proteccion_light,360000,13500,36,1,0,1,active,2026-04-15,180,False,13500,2725.26,3086.8,5812.06,7687.94,0.1,0.05,0.022,1375.02,675.0,296.47,200.0,6.67,23.59,23.59,23.59,529.6,23.6,18.83,6.25,0,0.332,0.472,0.228,81.7,3.25,30.53,0.154,0.84,1,0.429,0,0.553,0.6,1.0,0,0,1,1,2025-09-09,delinquency,promesa_incumplida
LAB-161,EDOMEX - ECATEPEC,proteccion_total,520000,19000,48,3,3,0,active,2026-03-12,365,False,19000,13236.47,5363.06,18599.53,400.47,0.544,0.241,0.128,9227.67,4586.61,2423.97,460.27,15.34,270.61,126.23,63.5,1301.1,55.4,48.32,19.68,1,0.407,0.356,0.304,403.8,17.97,13.92,0.31,0.914,0,0.123,1,0.679,0.8,0.99,0,0,0,0,2025-09-07,baseline,baseline
LAB-162,AGUASCALIENTES,proteccion_total,520000,19000,48,3,0,3,active,2026-05-24,365,False,19000,9727.75,10579.88,20307.63,0.0,0.602,0.326,0.169,12497.1,6187.16,3206.52,487.89,16.26,271.24,119.44,58.0,1307.8,52.4,46.47,14.66,1,0.315,0.337,0.265,182.2,7.63,26.77,0.139,0.84,0,0.184,1,0.526,0.697,0.935,0,0,1,0,2025-07-09,baseline,baseline
LAB-163,EDOMEX - TLANEPANTLA,proteccion_caduca,455000,17200,40,2,1,1,active,2026-04-29,365,False,17200,8462.4,6901.09,15363.49,1836.51,0.408,0.212,0.101,7506.06,3647.08,1741.4,354.87,11.83,247.65,128.76,64.81,1096.9,45.6,42.27,14.3,2,0.338,0.398,0.233,407.2,12.35,14.41,0.371,0.845,1,0.16,1,0.564,0.612,1.0,1,0,0,0,2025-07-20,consumption_gap,consumption_gap
LAB-164,AGUASCALIENTES,proteccion_total,520000,19000,48,3,1,2,active,2025-12-25,365,False,19000,11224.3,7993.73,19218.03,0.0,1.194,0.569,0.294,20473.17,10812.14,5578.99,1195.04,39.83,155.38,75.88,37.33,4043.3,212.7,163.79,54.68,0,0.334,0.124,0.18,1706.9,60.77,31.6,0.422,0.396,0,0.291,1,0.556,0.475,0.343,0,0,1,0,2025-07-27,baseline,baseline
LAB-165,EDOMEX - TLANEPANTLA,proteccion_total,520000,19000,48,3,1,2,active,2026-04-03,365,False,19000,10495.88,7357.24,17853.12,1146.88,0.1,0.051,0.051,1747.34,963.21,963.21,200.0,6.67,34.81,34.81,34.81,633.4,22.3,20.67,4.91,3,0.237,0.27,0.128,42.6,6.2,20.57,0.067,0.585,0,0.493,0,0.396,0.337,0.751,0,1,1,0,2025-08-11,fault_alert,fault_alert
LAB-166,EDOMEX - ECATEPEC,proteccion_caduca,455000,17200,40,2,1,1,active,2026-02-05,365,False,17200,8831.73,8022.78,16854.51,345.49,1.593,0.825,0.417,28128.16,14186.33,7170.43,1250.83,41.69,90.4,39.27,13.55,3870.4,178.0,161.03,56.17,0,0.349,0.286,0.263,1129.8,41.32,37.98,0.292,0.754,0,0.324,1,0.581,0.692,0.795,0,0,1,0,2025-08-25,baseline,baseline
LAB-167,EDOMEX - TLANEPANTLA,proteccion_ilimitada,610000,20500,60,4,3,1,active,2025-12-24,180,False,20500,13768.61,5966.35,19734.96,765.04,0.1,0.052,0.052,2143.7,1060.63,1060.63,200.0,6.67,34.69,34.69,34.69,618.3,27.8,22.51,3.93,0,0.175,0.383,0.32,258.7,5.73,17.78,0.418,0.936,1,0.449,0,0.291,0.841,1.0,0,0,1,0,2025-09-03,baseline,baseline
LAB-168,EDOMEX - ECATEPEC,proteccion_basica,470000,16800,44,2,1,1,active,2026-05-04,240,False,16800,10632.83,6306.6,16939.43,-1973.68,0.676,0.676,0.417,11963.31,11351.03,7000.08,570.98,19.03,93.3,93.3,42.88,1815.1,79.8,60.34,14.57,0,0.241,0.17,0.378,459.1,10.72,12.56,0.253,0.681,0,0.374,1,0.402,0.995,0.471,0,0,1,0,2025-07-24,baseline,baseline
LAB-169,EDOMEX - ECATEPEC,proteccion_total,520000,19000,48,3,3,0,active,2025-12-21,365,False,19000,10704.67,8695.96,19400.63,0.0,0.1,0.05,0.02,2030.54,950.0,380.0,200.0,6.67,11.84,11.84,11.84,666.6,29.8,22.26,6.4,0,0.288,0.312,0.251,175.3,4.23,14.8,0.263,0.784,0,0.492,0,0.479,0.66,0.867,0,0,1,0,2025-09-22,baseline,baseline
LAB-170,AGUASCALIENTES,proteccion_caduca,455000,17200,40,2,2,0,active,2026-01-28,365,False,17200,8345.51,5694.76,14040.27,3159.73,0.919,0.489,0.264,15986.47,8402.66,4540.35,881.06,29.37,226.41,94.06,43.6,2422.3,90.4,79.25,16.79,2,0.212,0.238,0.299,983.4,25.47,14.38,0.406,0.711,0,0.272,1,0.353,0.787,0.661,1,0,1,0,2025-09-14,consumption_gap,consumption_gap
LAB-171,AGUASCALIENTES,proteccion_total,520000,19000,48,3,2,1,active,2026-05-08,365,False,19000,10123.44,9048.38,19171.82,0.0,1.349,0.685,0.348,23030.73,13009.08,6617.19,1033.75,34.46,139.99,56.13,26.05,3135.8,158.2,125.92,57.9,0,0.46,0.261,0.271,667.3,14.49,36.85,0.213,0.721,0,0.184,1,0.766,0.713,0.726,0,0,1,0,2025-10-06,baseline,baseline
LAB-172,EDOMEX - ECATEPEC,proteccion_caduca,455000,17200,40,2,1,1,active,2026-01-13,365,False,17200,9044.35,7682.53,16726.88,473.12,1.6,1.013,0.503,23830.01,17417.98,8643.82,1639.62,54.65,33.22,0.84,0.35,5347.8,238.6,187.8,70.65,0,0.376,0.364,0.244,1492.6,58.12,22.15,0.279,0.857,1,0.476,0,0.627,0.642,1.0,0,0,1,0,2025-09-08,baseline,baseline
LAB-173,EDOMEX - TLANEPANTLA,proteccion_total,520000,19000,48,3,2,1,active,2026-03-05,365,False,19000,12901.12,5919.77,18820.89,179.11,0.928,0.429,0.199,19239.96,8148.63,3779.77,675.01,22.5,202.33,95.05,47.94,1832.0,77.7,63.16,23.28,1,0.369,0.344,0.249,847.5,19.67,47.46,0.463,0.836,0,0.169,1,0.614,0.656,0.956,0,0,1,0,2025-07-03,baseline,baseline
LAB-174,AGUASCALIENTES,proteccion_total,520000,19000,48,3,1,2,active,2026-01-15,365,True,19000,8985.78,6230.8,15216.58,3783.42,1.6,0.842,0.398,29694.98,15995.01,7558.76,1659.89,55.33,93.04,33.38,12.33,5560.0,258.0,215.49,39.34,4,0.183,0.302,0.389,2455.3,86.72,13.73,0.442,0.904,1,0.351,1,0.304,1.0,0.839,0,1,1,0,2025-08-16,fault_alert,fault_alert
LAB-175,EDOMEX - TLANEPANTLA,proteccion_light,360000,13500,36,1,0,1,active,2026-03-31,180,False,13500,5772.74,5850.79,11623.53,1876.47,0.724,0.274,0.13,8542.18,3692.32,1759.04,526.84,17.56,235.38,116.16,59.85,1434.8,60.1,47.01,21.26,1,0.452,0.244,0.33,497.6,11.56,8.14,0.347,0.755,0,0.137,1,0.754,0.868,0.679,1,0,1,0,2025-10-02,consumption_gap,consumption_gap
LAB-176,EDOMEX - TLANEPANTLA,proteccion_light,360000,13500,36,1,1,0,active,2026-04-09,180,True,13500,6993.58,4201.8,11195.38,2304.62,0.315,0.282,0.133,4405.74,3803.55,1795.57,288.25,9.61,160.82,137.46,62.77,831.3,39.1,34.51,8.25,3,0.239,0.31,0.362,223.3,11.85,13.56,0.269,0.899,0,0.197,1,0.398,0.954,0.862,0,1,0,0,2025-08-06,fault_alert,fault_alert
LAB-177,EDOMEX - ECATEPEC,proteccion_basica,470000,16800,44,2,1,1,active,2026-03-29,240,False,16800,8030.92,9061.06,17091.98,-1033.16,0.443,0.199,0.097,6575.66,3346.97,1623.96,362.92,12.1,280.0,132.47,66.87,1220.6,54.3,46.96,11.08,1,0.236,0.308,0.243,266.1,9.62,12.59,0.218,0.769,0,0.217,1,0.393,0.639,0.857,0,0,0,0,2025-07-22,baseline,baseline
LAB-178,EDOMEX - ECATEPEC,proteccion_basica,470000,16800,44,2,2,-1,expired,2026-02-09,240,True,16800,5682.65,2473.08,8155.73,8644.27,0.433,0.203,0.099,7072.37,3416.5,1656.88,366.1,12.2,280.0,133.82,66.92,962.8,35.1,32.5,7.51,2,0.231,0.322,0.352,137.9,11.17,10.87,0.143,0.907,0,0.192,1,0.385,0.927,0.894,0,0,0,1,2025-07-26,delinquency,proteccion_negativa
LAB-179,EDOMEX - ECATEPEC,proteccion_ilimitada,610000,20500,60,4,0,4,active,2026-01-14,180,False,20500,14143.37,6916.67,21060.04,0.0,0.1,0.05,0.049,2106.34,1025.0,1014.49,200.0,6.67,35.05,35.05,35.05,632.7,25.4,21.28,6.64,0,0.312,0.354,0.334,155.5,2.38,19.03,0.246,0.942,0,0.389,1,0.52,0.879,0.984,0,0,1,0,2025-08-07,baseline,baseline
LAB-180,EDOMEX - TLANEPANTLA,proteccion_light,360000,13500,36,1,0,1,active,2025-12-26,180,False,13500,6379.33,7206.24,13585.57,0.0,0.343,0.164,0.066,4774.7,2214.53,885.52,314.47,10.48,280.0,138.51,69.53,963.3,42.0,35.1,16.42,1,0.468,0.293,0.188,92.1,3.84,45.7,0.096,0.686,0,0.131,1,0.78,0.494,0.814,0,0,0,0,2025-07-02,baseline,baseline
LAB-181,EDOMEX - TLANEPANTLA,proteccion_total,520000,19000,48,3,2,1,active,2026-01-05,365,False,19000,8671.13,10859.93,19531.06,-2191.41,0.1,0.05,0.033,2060.03,950.0,626.88,200.0,6.67,11.6,11.6,11.6,607.4,24.4,21.45,3.07,0,0.143,0.219,0.382,118.3,4.48,8.5,0.195,0.765,1,0.56,0,0.238,1.0,0.608,0,0,1,0,2025-07-31,baseline,baseline
LAB-182,EDOMEX - ECATEPEC,proteccion_light,360000,13500,36,1,1,0,active,2026-03-13,180,False,13500,6497.56,6594.12,13091.68,408.32,1.128,0.576,0.296,14866.12,7772.8,3995.37,951.73,31.72,163.69,80.81,38.54,2644.3,97.8,86.39,11.18,5,0.129,0.249,0.419,508.6,24.5,43.33,0.192,0.815,1,0.292,1,0.216,1.0,0.692,0,1,1,0,2025-07-20,fault_alert,fault_alert
LAB-183,EDOMEX - TLANEPANTLA,proteccion_total,520000,19000,48,3,2,1,active,2026-05-11,365,False,19000,10939.23,8770.33,19709.56,0.0,0.534,0.264,0.115,10120.37,5020.14,2176.16,470.2,15.67,273.08,123.35,61.47,1513.6,60.0,56.59,9.16,2,0.162,0.22,0.371,104.4,12.72,30.42,0.069,0.758,0,0.254,1,0.27,0.977,0.611,0,0,0,0,2025-08-04,baseline,baseline
LAB-184,EDOMEX - TLANEPANTLA,proteccion_basica,470000,16800,44,2,0,2,active,2026-04-06,240,False,16800,7884.01,5773.38,13657.39,3142.61,0.146,0.146,0.089,2283.6,2448.69,1490.28,200.0,6.67,144.64,144.64,74.85,631.0,24.1,22.12,6.17,0,0.279,0.321,0.263,215.8,3.47,28.29,0.342,0.812,0,0.189,1,0.465,0.693,0.892,1,0,0,0,2025-10-10,consumption_gap,consumption_gap
LAB-185,EDOMEX - TLANEPANTLA,proteccion_basica,470000,16800,44,2,1,1,active,2025-12-16,240,False,16800,4564.32,8592.4,13156.72,3643.28,0.492,0.231,0.126,8937.9,3888.67,2109.93,400.87,13.36,277.79,130.38,65.12,1220.8,60.3,48.03,15.26,2,0.318,0.258,0.349,320.6,7.13,35.95,0.263,0.797,0,0.183,1,0.529,0.919,0.716,0,0,0,0,2025-10-04,delinquency,delinquency
LAB-186,EDOMEX - TLANEPANTLA,proteccion_total,520000,19000,48,3,2,1,active,2026-03-11,365,False,19000,9112.26,5399.28,14511.54,4488.46,0.104,0.104,0.104,2087.97,1972.38,1972.38,200.0,6.67,67.73,67.73,67.73,603.7,26.1,19.89,8.21,0,0.413,0.272,0.305,166.9,2.69,34.35,0.277,0.775,0,0.296,1,0.688,0.803,0.756,1,0,1,0,2025-10-06,consumption_gap,consumption_gap
LAB-187,EDOMEX - TLANEPANTLA,proteccion_total,520000,19000,48,3,0,3,active,2026-03-19,365,False,19000,11495.15,8498.21,19993.36,-2080.88,0.388,0.336,0.166,7845.8,6378.84,3150.01,355.06,11.84,152.54,129.47,58.55,1020.4,41.8,35.66,6.26,0,0.176,0.32,0.24,292.3,15.1,40.86,0.286,0.786,0,0.253,1,0.293,0.631,0.89,0,0,0,0,2025-07-03,baseline,baseline
LAB-188,AGUASCALIENTES,proteccion_total,520000,19000,48,3,3,0,active,2026-05-04,365,False,19000,11219.22,7642.88,18862.1,137.9,1.375,0.552,0.285,22249.87,10497.1,5408.54,1014.73,33.82,123.1,58.95,32.06,3122.3,133.6,120.79,16.25,0,0.135,0.211,0.306,785.8,40.79,38.26,0.252,0.674,0,0.316,1,0.224,0.806,0.586,0,0,1,0,2025-08-02,baseline,baseline
LAB-189,EDOMEX - ECATEPEC,proteccion_basica,470000,16800,44,2,0,2,active,2026-04-29,240,False,16800,7707.38,10416.67,18124.05,0.0,0.311,0.205,0.1,5659.37,3446.64,1681.98,276.07,9.2,227.3,136.91,66.63,917.0,48.9,37.98,10.73,1,0.282,0.248,0.299,295.8,13.79,39.72,0.323,0.728,0,0.207,1,0.471,0.786,0.689,0,0,0,0,2025-09-10,baseline,baseline
LAB-190,EDOMEX - ECATEPEC,proteccion_basica,470000,16800,44,2,2,0,active,2026-02-03,240,False,16800,9879.8,6974.55,16854.35,0.0,0.1,0.05,0.02,1609.58,840.0,336.0,200.0,6.67,11.86,11.86,11.86,652.3,28.6,21.48,6.94,0,0.323,0.245,0.378,83.8,6.38,36.0,0.128,0.806,0,0.472,0,0.539,0.994,0.681,0,0,1,0,2025-08-04,baseline,baseline
LAB-191,AGUASCALIENTES,proteccion_total,520000,19000,48,3,3,0,active,2026-04-16,365,False,19000,11344.28,6711.84,18056.12,943.88,0.957,0.431,0.205,18237.07,8185.38,3890.59,993.98,33.13,191.35,90.68,45.73,2687.0,114.4,90.43,35.54,2,0.393,0.295,0.37,789.1,27.1,8.03,0.294,0.881,0,0.151,1,0.655,0.974,0.819,0,0,1,0,2025-08-15,baseline,baseline
LAB-192,EDOMEX - ECATEPEC,proteccion_basica,470000,16800,44,2,2,0,active,2026-04-30,240,True,16800,9009.41,5364.92,14374.33,2425.67,0.317,0.172,0.093,5801.17,2896.64,1563.84,287.89,9.6,272.82,140.36,69.91,911.4,39.5,29.48,13.29,4,0.451,0.294,0.214,303.2,8.55,38.62,0.333,0.716,0,0.137,1,0.751,0.564,0.818,0,1,0,0,2025-09-03,fault_alert,fault_alert
LAB-193,EDOMEX - TLANEPANTLA,proteccion_basica,470000,16800,44,2,2,0,active,2026-03-17,240,False,16800,8204.82,9584.54,17789.36,0.0,0.67,0.309,0.155,9711.24,5189.5,2610.86,567.08,18.9,248.03,116.64,58.38,1481.9,59.6,54.25,20.28,2,0.374,0.331,0.406,289.5,8.36,20.14,0.195,0.952,1,0.135,1,0.623,1.0,0.92,0,0,1,0,2025-07-13,baseline,baseline
LAB-194,EDOMEX - TLANEPANTLA,proteccion_total,520000,19000,48,3,1,2,active,2026-03-12,365,False,19000,10787.02,8448.78,19235.8,0.0,0.1,0.05,0.02,1669.36,950.0,380.0,200.0,6.67,11.84,11.84,11.84,656.3,26.6,21.84,5.33,0,0.244,0.27,0.381,219.9,5.99,45.03,0.335,0.85,1,0.497,0,0.406,1.0,0.749,0,0,1,0,2025-07-31,baseline,baseline
LAB-195,EDOMEX - TLANEPANTLA,proteccion_basica,470000,16800,44,2,0,2,expired,2026-05-04,240,True,16800,4134.67,9921.46,14056.13,2743.87,0.1,0.05,0.03,1769.12,840.0,501.02,200.0,6.67,23.52,23.52,23.52,657.7,31.3,24.02,5.54,0,0.23,0.293,0.287,104.4,6.15,20.89,0.159,0.791,0,0.483,0,0.384,0.756,0.815,0,0,1,0,2025-10-04,delinquency,delinquency
LAB-196,AGUASCALIENTES,proteccion_caduca,455000,17200,40,2,2,0,active,2026-02-04,365,False,17200,8261.84,7983.48,16245.32,954.68,0.678,0.317,0.125,12582.81,5448.4,2148.69,677.04,22.57,236.17,111.19,56.26,2194.0,98.1,82.07,32.87,3,0.401,0.315,0.342,386.9,31.36,11.47,0.176,0.885,0,0.131,1,0.668,0.901,0.875,0,1,1,0,2025-07-13,fault_alert,fault_alert
LAB-197,EDOMEX - ECATEPEC,proteccion_basica,470000,16800,44,2,2,0,active,2026-02-27,240,False,16800,8106.1,8948.54,17054.64,0.0,1.6,0.654,0.331,29134.9,10982.8,5568.81,1558.68,51.96,33.75,28.8,24.95,4057.6,182.4,162.29,31.1,0,0.192,0.382,0.331,599.1,51.16,43.61,0.148,0.948,1,0.498,0,0.319,0.871,1.0,0,0,1,0,2025-08-02,baseline,baseline
LAB-198,EDOMEX - TLANEPANTLA,proteccion_total,520000,19000,48,3,3,0,active,2026-02-22,365,False,19000,13130.34,6455.53,19585.87,0.0,0.548,0.261,0.133,10017.23,4949.68,2533.42,498.41,16.61,268.84,125.78,62.66,1629.0,69.2,56.8,24.92,1,0.439,0.312,0.285,350.4,7.8,46.61,0.215,0.821,0,0.13,1,0.731,0.751,0.867,0,0,0,0,2025-08-12,baseline,baseline
LAB-199,EDOMEX - TLANEPANTLA,proteccion_total,520000,19000,48,3,1,2,active,2026-03-16,365,True,19000,8423.25,9834.02,18257.27,742.73,0.1,0.088,0.088,1868.83,1675.62,1675.62,200.0,6.67,68.34,68.34,68.34,564.3,30.2,23.31,4.28,5,0.184,0.331,0.312,87.1,5.51,17.88,0.154,0.88,0,0.366,1,0.306,0.821,0.92,0,1,1,0,2025-09-10,fault_alert,fault_alert
