ts,author,text,attachment,category,severity,problem,model,oem,oil_code
2025-05-21 12:13:32 p.m.,Higer Postventa AGS,"‎Creaste el grupo ""Higer Postventa"".",,,normal,,,,
2025-05-21 12:13:32 p.m.,Higer Postventa AGS,"‎Los mensajes y las llamadas están cifrados de extremo a extremo. Solo las personas en este chat pueden leerlos, escucharlos o compartirlos.",,,normal,,,,
2025-05-21 12:13:45 p.m.,Josue,Si gustan ver el tema,,,normal,,,,
2025-05-21 12:13:49 p.m.,Josue,POR AQUÍ,,,normal,,,,
2025-05-21 12:13:53 p.m.,Josue,para no triangular,,,normal,,,,
2025-05-21 12:14:50 p.m.,Higer Postventa AGS,"‎Cambiaste el nombre del grupo a ""Higer Postventa AGS"".",,,normal,,,,
2025-05-21 12:16:32 p.m.,Manuel Elguera,Hola.,,,normal,,,,
,,Hay que descartar que el fallo sea por la intermitencia del sistema de abs,,brakes,normal,,,,
2025-05-21 12:16:55 p.m.,Manuel Elguera,Sugiero desconectar el modulo o la valvula selenoide,,,normal,,,,
2025-05-21 12:16:57 p.m.,Angeles,,00000008-PHOTO-2025-05-21-12-16-57.jpg,,,,,,
2025-05-21 12:17:02 p.m.,Manuel Elguera,Y hacer una prueba,,,normal,,,,
2025-05-21 12:17:29 p.m.,Angeles,Este es unos de los problemas del mismo cliente de frenos,,brakes,normal,,,,
2025-05-21 12:17:35 p.m.,Manuel Elguera,Si sigue presentando la falla debe ser un provlema mecanico.,,,normal,,,,
2025-05-21 12:18:19 p.m.,Angeles,Manuel enviaría el sensor ?,,electrical,normal,,,,
2025-05-21 12:18:44 p.m.,Josue,Qué sensor,,electrical,normal,,,,
2025-05-21 12:19:27 p.m.,Manuel Elguera,Seria la valvula la que se enviaria,,,normal,,,,
2025-05-21 12:19:53 p.m.,Angeles,Sensor de velocidad del mismo cliente de los frenos !!!,,brakes,normal,,,,
2025-05-21 12:20:06 p.m.,Angeles,,00000016-PHOTO-2025-05-21-12-20-06.jpg,,,,,,
2025-05-21 12:20:50 p.m.,Manuel Elguera,Va a ser mas rapido si me envian la informacion del reporte,,,normal,,,,
2025-05-21 12:20:52 p.m.,Manuel Elguera,Por aqui,,,normal,,,,
2025-05-21 12:20:54 p.m.,Angeles,Qué es válvula de velocidad,,,normal,,,,
2025-05-21 12:21:20 p.m.,Manuel Elguera,No se nada del sensor de velocidad. No me han dado el reporte,,electrical,normal,,,,
2025-05-21 12:21:30 p.m.,Angeles,,00000021-AUDIO-2025-05-21-12-21-30.opus,,,,,,
2025-05-21 12:21:56 p.m.,Josue,Ya está jefferson,,,normal,,,,
2025-05-21 12:21:57 p.m.,Angeles,,00000023-PHOTO-2025-05-21-12-21-57.jpg,,,,,,
2025-05-21 12:22:14 p.m.,Dasir,‎Añadiste a Dasir.,,,normal,,,,
2025-05-21 12:22:18 p.m.,Angeles,Este es el reporte de taller de aGNV,,,normal,,,,
2025-05-21 12:22:44 p.m.,Dasir,‎Eliminaste a Dasir.,,,normal,,,,
2025-05-21 12:22:50 p.m.,Manuel Elguera,Que me envien el reporte,,,normal,,,,
2025-05-21 12:22:55 p.m.,Dasir Márquez Páez,‎Añadiste a Dasir Márquez Páez.,,,normal,,,,
2025-05-21 12:23:02 p.m.,Manuel Elguera,Necesito fotos de la pieza,,,normal,,,,
2025-05-21 12:23:08 p.m.,Manuel Elguera,Y datos de la unidad,,,normal,,,,
2025-05-21 12:23:16 p.m.,Angeles,,00000031-AUDIO-2025-05-21-12-23-16.opus,,,,,,
2025-05-21 12:23:16 p.m.,Manuel Elguera,Fotos de placa,,,normal,,,,
2025-05-21 12:23:29 p.m.,Angeles,,00000033-AUDIO-2025-05-21-12-23-29.opus,,,,,,
2025-05-21 12:23:43 p.m.,Manuel Elguera,Pero tambien necesito que descarte que la valvula de abs este fallando,,brakes,normal,,,,
2025-05-21 12:24:16 p.m.,Josue,*LA PLACA DE LA UNIDAD NO LA PLACA DE CIRCULACIÓN*,,,normal,,,,
2025-05-21 12:24:40 p.m.,Josue,Esto no sirve…,,,normal,,,,
2025-05-21 12:25:20 p.m.,Jeferson GNV express,,00000037-PHOTO-2025-05-21-12-25-20.jpg,,,,,,
2025-05-21 12:25:20 p.m.,Jeferson GNV express,,00000038-PHOTO-2025-05-21-12-25-20.jpg,,,,,,
2025-05-21 12:25:20 p.m.,Jeferson GNV express,,00000039-PHOTO-2025-05-21-12-25-20.jpg,,,,,,
2025-05-21 12:25:21 p.m.,Jeferson GNV express,,00000040-PHOTO-2025-05-21-12-25-21.jpg,,,,,,
2025-05-21 12:25:22 p.m.,Jeferson GNV express,,00000041-PHOTO-2025-05-21-12-25-22.jpg,,,,,,
2025-05-21 12:25:35 p.m.,Josue,Gracias Jefferson!,,,normal,,,,
2025-05-21 12:26:28 p.m.,Jeferson GNV express,Con gusto,,,normal,,,,
2025-05-21 12:27:31 p.m.,Angeles,,00000044-PHOTO-2025-05-21-12-27-31.jpg,,,,,,
2025-05-21 12:29:32 p.m.,Keyrin GNV Express,‎Añadiste a Keyrin GNV Express.,,tires,normal,,,,
2025-05-21 12:41:12 p.m.,Higer Postventa AGS,‎Cambiaste la descripción del grupo.,,,normal,,,,
2025-05-21 3:29:00 p.m.,Angeles,Buenas tardes Manuel !,,,normal,,,,
2025-05-21 3:30:40 p.m.,Angeles,"Usted , vio de los rines de Higer ! Pienso que no sean de la misma dms marca porque va tener el mismo problema !",,tires,normal,,,,
2025-05-21 3:31:17 p.m.,Angeles,"Nos comentan , que los rines  Toyota 2020 le quedan Higer !",,tires,normal,,,,
2025-05-21 3:31:51 p.m.,Angeles,Espero.  Su comentario !,,,normal,,,,
,,Gracias Manuel,,,normal,,,,
2025-05-21 3:40:39 p.m.,Josue,Ya se pidieron ángeles,,,normal,,,,
2025-05-21 3:40:49 p.m.,Josue,Son otro proveedor,,,normal,,,,
2025-05-21 3:55:56 p.m.,Angeles,Perfecto 👌,,,normal,,,,
2025-05-21 3:56:14 p.m.,Angeles,Estamos con el Sr Obed !,,,normal,,,,
2025-05-21 4:15:56 p.m.,Angeles,Ya les dije !,,,normal,,,,
2025-05-24 5:55:18 p.m.,Angeles,,00000056-AUDIO-2025-05-24-17-55-18.opus,,,,,,
2025-05-24 5:55:25 p.m.,Angeles,Manuel,,,normal,,,,
2025-05-24 5:55:37 p.m.,Angeles,Esto le pasó al cliente,,,normal,,,,
2025-05-24 5:55:49 p.m.,Angeles,Carlos Iñiguez !!!!,,,normal,,,,
2025-05-24 5:55:57 p.m.,Angeles,Que hacemos ?,,,normal,,,,
2025-05-26 4:07:38 p.m.,Keyrin GNV Express,,00000061-PHOTO-2025-05-26-16-07-38.jpg,,,,,,
2025-05-26 4:08:12 p.m.,Keyrin GNV Express,Ma camioneta es a nombre de Pedro Reyes Moreno,,,normal,,,,
2025-05-26 4:08:50 p.m.,Angeles,Es Josué el que te comenté,,,normal,,,,
2025-05-26 4:09:50 p.m.,Angeles,Manuel para que cheque de favor el diagnóstico ! Gracias,,,normal,,,,
2025-05-26 4:10:55 p.m.,Keyrin GNV Express,"A nosotros nos parece todo en perfecto estado, pero desconocemos por qué comenta el cliente que se calienta",,,normal,,,,
2025-05-26 4:43:30 p.m.,Josue,Gracias Keyrin,,tires,normal,,,,
2025-05-29 11:55:26 a.m.,Angeles,,00000067-VIDEO-2025-05-29-11-55-26.mp4,,,,,,
2025-05-29 11:55:27 a.m.,Angeles,,00000068-VIDEO-2025-05-29-11-55-27.mp4,,,,,,
2025-05-29 11:55:48 a.m.,Angeles,Es del Sr Pedro Reyes 🤴 🥺🙃,,,normal,,,,
2025-05-29 1:10:11 p.m.,Manuel Elguera,No se calienta. Es un error del tablero. Pueden enviarme las fotos para el reporte de garantia,,,normal,,,,
2025-05-29 1:10:20 p.m.,Manuel Elguera,Y solicitar el envio del tableto,,,normal,,,,
2025-05-29 1:10:23 p.m.,Manuel Elguera,Tablero,,,normal,,,,
2025-05-29 1:11:12 p.m.,Angeles,Ya la pedí !,,,normal,,,,
2025-05-29 3:44:55 p.m.,Angeles,,00000074-PHOTO-2025-05-29-15-44-55.jpg,,,,,,
2025-05-29 4:12:07 p.m.,Manuel Elguera,Si y de las placa delantera y placa de identificacion.  Por favor,,,normal,,,,
2025-05-30 10:15:54 a.m.,Angeles,,00000076-PHOTO-2025-05-30-10-15-54.jpg,,,,,,
2025-05-30 10:16:19 a.m.,Angeles,,00000077-PHOTO-2025-05-30-10-16-19.jpg,,,,,,
2025-05-30 10:24:24 a.m.,Josue,Falta algo más Manuel?,,,normal,,,,
2025-05-30 10:24:50 a.m.,Josue,@5214493845228,,,normal,,,,
2025-05-30 10:24:50 a.m.,Angeles,Nop,,,normal,,,,
2025-05-30 10:25:12 a.m.,Angeles,Ahí está todo,,,normal,,,,
2025-05-30 10:25:25 a.m.,Josue,"Esto es lo que se envía a China Ángeles , tal cual lo mandó jefferson",,,normal,,,,
2025-05-30 10:27:47 a.m.,Angeles,Tarjeta de circulación,,,normal,,,,
2025-05-30 10:28:07 a.m.,Josue,1.- Tarjeta de Circulación,,,normal,,,,
,,2.- Placa circulación ,,,normal,,,,
,,3.- Placa Unidad,,,normal,,,,
,,4.- odometro   ,,,normal,,,,
,,5.- evidencia fotográfica de la falla,,,normal,,,,
2025-05-30 10:28:12 a.m.,Angeles,,00000085-PHOTO-2025-05-30-10-28-12.jpg,,,,,,
2025-05-30 10:28:37 a.m.,Josue,"Por favor primer junta las cosas tú, y ya después las mandas",,,normal,,,,
2025-05-30 10:28:40 a.m.,Angeles,Listo,,,normal,,,,
2025-05-30 10:28:50 a.m.,Josue,Para no andar buscando pfa,,,normal,,,,
2025-05-30 10:31:30 a.m.,Angeles,,00000089-AUDIO-2025-05-30-10-31-30.opus,,,,,,
2025-05-30 10:32:13 a.m.,Josue,Pues es que marca sobre calentamiento no?,,,normal,,,,
2025-05-30 10:32:17 a.m.,Josue,Gracias,,,normal,,,,
2025-05-30 10:41:09 a.m.,Angeles,Ok,,,normal,,,,
2025-05-30 10:41:15 a.m.,Angeles,Lo hago !,,,normal,,,,
2025-06-02 1:06:43 p.m.,Jeferson GNV express,,00000094-PHOTO-2025-06-02-13-06-43.jpg,,,,,,
2025-06-02 1:06:43 p.m.,Jeferson GNV express,,,,,,,,
2025-06-02 1:06:44 p.m.,Jeferson GNV express,,00000096-PHOTO-2025-06-02-13-06-44.jpg,,,,,,
2025-06-02 1:06:44 p.m.,Jeferson GNV express,,00000097-PHOTO-2025-06-02-13-06-44.jpg,,,,,,
2025-06-02 1:06:44 p.m.,Jeferson GNV express,,00000098-PHOTO-2025-06-02-13-06-44.jpg,,,,,,
2025-06-02 1:06:45 p.m.,Jeferson GNV express,,00000099-PHOTO-2025-06-02-13-06-45.jpg,,,,,,
2025-06-02 1:06:45 p.m.,Jeferson GNV express,,00000100-PHOTO-2025-06-02-13-06-45.jpg,,,,,,
2025-06-02 1:06:46 p.m.,Jeferson GNV express,,00000101-PHOTO-2025-06-02-13-06-46.jpg,,,,,,
2025-06-02 1:07:32 p.m.,Angeles,,00000102-PHOTO-2025-06-02-13-07-32.jpg,,,,,,
2025-06-02 1:08:06 p.m.,Jeferson GNV express,"Buenos días, está camioneta ingreso el día de hoy se revisó y les adjunto evidencia con diagnóstico",,,normal,,,,
2025-06-02 1:08:30 p.m.,Angeles,,00000104-PHOTO-2025-06-02-13-08-30.jpg,,,,,,
2025-06-02 7:50:17 p.m.,Angeles,Manuel !,,,normal,,,,
2025-06-02 7:50:43 p.m.,Angeles,No prenden las luces de adentro Manuel ahí como le hacemos ?,,,normal,,,,
2025-06-02 8:01:14 p.m.,Josue,Más detalle,,,normal,,,,
2025-06-03 3:48:41 p.m.,Angeles,Sip,,,normal,,,,
2025-06-03 3:50:04 p.m.,Angeles,"Me dice el Sr Ruvalcaba ! Que donde manda lo de la luz de adentro de la camioneta porque lo chicos no encontraron y dijeron que, que un eléctrico !",,,normal,,,,
2025-06-03 3:50:12 p.m.,Angeles,Dígame qué hago,,,normal,,,,
2025-06-04 1:36:22 p.m.,Angeles,Manuel,,,normal,,,,
2025-06-04 1:37:18 p.m.,Angeles,Sigue hablándome el Sr Jaime Rubalcava ! De su camioneta que no prenden la luces de adentro ! Que hago ayuda por favor,,,normal,,,,
2025-06-15 3:57:51 p.m.,Angeles,Holaaa licenciada buenas tardes.,,,normal,,,,
,,"Disculpe que le moleste, por lo visto no le interesa en dar solución a mis necesidades ( sobre el calentamiento de la camioneta).",,,normal,,,,
,,Le envío otra evidencia donde la camioneta trae fuga de anticongelante y usted permanece en silencio,,cooling,normal,leak,,,
2025-06-15 3:57:51 p.m.,Angeles,,00000114-VIDEO-2025-06-15-15-57-51.mp4,,,,,,
2025-06-15 3:57:51 p.m.,Angeles,Por este pequeño detalle no fui a trabajar hoy y usted brilla por su ausencia,,,normal,,,,
2025-06-15 3:58:32 p.m.,Angeles,Hola Manuel ! Como está ? Molestándole en este día tan especial !,,,normal,,,,
2025-06-15 3:58:57 p.m.,Angeles,Para ver qué indica usted !! Gracias,,,normal,,,,
2025-06-16 7:02:14 p.m.,Angeles,Esto puede pasar por muchas cosas,,,normal,,,,
2025-06-16 7:02:14 p.m.,Angeles,Necesito que el taller haga los diagnosticos,,,normal,,,,
2025-06-16 7:02:14 p.m.,Angeles,Lic buenas tardes voy saliendo del taller de lo que le había comentado el día que nos vimos pero me dice el chavo que lo tiene que checar con el lic Manuel que por qué para el no entra en la garantía y que regrese el miércoles,,,normal,,,,
2025-06-16 7:02:34 p.m.,Angeles,Como le hacemos Josué   Ya fue al taller,,,normal,,,,
2025-06-16 7:02:59 p.m.,Angeles,"Tambien, que el taller se comunique en el grupo de whats",,,normal,,,,
2025-06-16 7:02:59 p.m.,Angeles,Me quitaron el acceso al correo,,,normal,,,,
2025-06-16 7:03:11 p.m.,Manuel Elguera,Que el taller envie al grupo el diagnostico,,,normal,,,,
2025-06-16 7:03:15 p.m.,Manuel Elguera,Y la informscion,,,normal,,,,
2025-06-16 7:03:19 p.m.,Manuel Elguera,Del reporte,,,normal,,,,
2025-06-16 7:03:32 p.m.,Angeles,‎Se eliminó este mensaje.,,,normal,,,,
2025-06-16 7:10:45 p.m.,Manuel Elguera,No estoy seguro. Solo no he podido entrar. La cuenta sigue. Pero me pide autentificacion con un numero de telefonop,,,normal,,,,
2025-06-16 7:13:13 p.m.,Josue,"Angeles que tiene que ver este grupo con este tema, *solo que GNV express nos haga favor de mandar el reporte* , lo otro si gustas lo vemos directo, porque no entendí.",,,normal,,,,
2025-06-17 9:09:17 a.m.,Jeferson GNV express,"Buenos días, les comparto diagnóstico eléctrico por GNV express AGS, nesecitamos un apoyo técnico por parte de Higer",,,normal,,,,
2025-06-17 9:09:40 a.m.,Jeferson GNV express,,00000131-PHOTO-2025-06-17-09-09-40.jpg,,,,,,
2025-06-17 9:11:34 a.m.,Josue,Gracias,,,normal,,,,
2025-06-17 9:48:43 a.m.,Angeles,No entendiste Josué ?,,,normal,,,,
2025-06-17 9:49:09 a.m.,Angeles,Que fue lo que no entendiste ?,,,normal,,,,
2025-06-17 9:49:12 a.m.,Josue,Si es directo por aquí no,,,normal,,,,
2025-06-17 9:49:45 a.m.,Angeles,Jeferson,,,normal,,,,
2025-06-17 10:40:25 a.m.,Josue,Favor de enviar el correo de fallas @5214426045226 @5214491903535 al correo personal de @5215517066448 que es: vmelguera@gmail.com,,,normal,,,,
2025-06-17 11:06:36 a.m.,Keyrin GNV Express,"Buen día, claro que si @5214422022540 nosotros lo enviamos",,,normal,,,,
2025-06-17 11:13:41 a.m.,Josue,Gracias Keyrin!,,tires,normal,,,,
2025-06-18 5:11:21 p.m.,Jeferson GNV express,,,,,,,,
2025-06-18 5:11:21 p.m.,Jeferson GNV express,,,,,,,,
2025-06-18 5:11:21 p.m.,Jeferson GNV express,,00000142-PHOTO-2025-06-18-17-11-21.jpg,,,,,,
2025-06-18 5:11:21 p.m.,Jeferson GNV express,,00000143-PHOTO-2025-06-18-17-11-21.jpg,,,,,,
2025-06-18 5:11:21 p.m.,Jeferson GNV express,,00000144-PHOTO-2025-06-18-17-11-21.jpg,,,,,,
2025-06-18 5:11:22 p.m.,Jeferson GNV express,,00000145-PHOTO-2025-06-18-17-11-22.jpg,,,,,,
2025-06-18 5:11:22 p.m.,Jeferson GNV express,,00000146-PHOTO-2025-06-18-17-11-22.jpg,,,,,,
2025-06-18 5:11:22 p.m.,Jeferson GNV express,,00000147-PHOTO-2025-06-18-17-11-22.jpg,,,,,,
2025-06-18 5:12:01 p.m.,Jeferson GNV express,"Buenas tardes, les comparto diagnóstico de garantía de la siguiente HIGER",,,normal,,,,
2025-06-18 5:12:30 p.m.,Manuel Elguera,Ok. Gracias. Atiendo la solicitud y tramito el envio,,,normal,,,,
2025-06-18 5:52:49 p.m.,Angeles,Muchas gracias Manuel !,,,normal,,,,
2025-06-20 11:41:55 a.m.,Angeles,,00000151-PHOTO-2025-06-20-11-41-55.jpg,,,,,,
2025-06-20 11:41:55 a.m.,Angeles,,00000152-PHOTO-2025-06-20-11-41-55.jpg,,,,,,
2025-06-20 11:41:56 a.m.,Angeles,,00000153-PHOTO-2025-06-20-11-41-56.jpg,,,,,,
2025-06-20 11:41:56 a.m.,Angeles,,00000154-PHOTO-2025-06-20-11-41-56.jpg,,,,,,
2025-06-20 11:43:32 a.m.,Angeles,"Manuel , mañana viene el Sr Pedro Reyes ! Para hacer reporte de garantía !!! Ayer le pregunté usted tiene esta pieza ?",,,normal,,,,
2025-06-20 11:44:24 a.m.,Angeles,Es el que se sale anticongelante y se calienta !,,cooling,normal,,,,
2025-06-20 11:55:18 a.m.,Manuel Elguera,Estoy revisando con Almacen,,,normal,,,,
2025-06-20 11:55:23 a.m.,Manuel Elguera,si tienen la pieza,,,normal,,,,
2025-06-20 11:55:45 a.m.,Angeles,Perfecto 🤩 quedo en espera,,,normal,,,,
2025-06-21 9:55:40 a.m.,Jeferson GNV express,"Buenos días, les comparto diagnóstico de garantía de la siguiente HIGER",,,normal,,,,
2025-06-21 9:55:56 a.m.,Jeferson GNV express,,,,,,,,
2025-06-21 9:55:56 a.m.,Jeferson GNV express,,,,,,,,
2025-06-21 9:55:57 a.m.,Jeferson GNV express,,00000163-PHOTO-2025-06-21-09-55-57.jpg,,,,,,
2025-06-21 9:55:57 a.m.,Jeferson GNV express,,00000164-PHOTO-2025-06-21-09-55-57.jpg,,,,,,
2025-06-21 9:55:57 a.m.,Jeferson GNV express,,00000165-PHOTO-2025-06-21-09-55-57.jpg,,,,,,
2025-06-21 9:55:57 a.m.,Jeferson GNV express,,00000166-PHOTO-2025-06-21-09-55-57.jpg,,,,,,
2025-06-21 9:55:57 a.m.,Jeferson GNV express,,00000167-PHOTO-2025-06-21-09-55-57.jpg,,,,,,
2025-06-21 9:55:57 a.m.,Jeferson GNV express,,00000168-PHOTO-2025-06-21-09-55-57.jpg,,,,,,
2025-06-21 9:55:57 a.m.,Jeferson GNV express,,00000169-PHOTO-2025-06-21-09-55-57.jpg,,,,,,
2025-06-21 9:57:05 a.m.,Josue,Gracias,,,normal,,,,
2025-06-21 10:07:36 a.m.,Angeles,Manuel buenos días ! Usted tiene la pieza ? Ahí está lo que me pidió ! Es la válvula y vagoneta que tira anticongelante y se calienta ! Quedo en espera que la tenga en Morelia . Gracias Manuel !,,cooling,normal,,,,
2025-06-21 10:08:06 a.m.,Angeles,Muchas gracias Jeferson por su apoyo ! 🤩,,,normal,,,,
2025-06-21 10:16:14 a.m.,Jeferson GNV express,Con gusto 👍🏻,,,normal,,,,
2025-06-21 11:03:38 a.m.,Manuel Elguera,Estoy viendo usar el reemplazo de toyota,,,normal,,,,
2025-06-21 11:03:42 a.m.,Manuel Elguera,Para mas rapido,,,normal,,,,
2025-06-21 11:03:47 a.m.,Manuel Elguera,Lo consigo y lo mando,,,normal,,,,
2025-06-21 11:07:18 a.m.,Angeles,Ok 👍,,,normal,,,,
2025-06-21 11:07:22 a.m.,Angeles,Gracias,,,normal,,,,
2025-06-25 4:56:46 p.m.,Jeferson GNV express,"Buenas tardes, les comparto diagnóstico de garantía de la siguiente HIGER",,,normal,,,,
2025-06-25 4:57:06 p.m.,Jeferson GNV express,,,,,,,,
2025-06-25 4:57:06 p.m.,Jeferson GNV express,,,,,,,,
2025-06-25 4:57:07 p.m.,Jeferson GNV express,,00000182-PHOTO-2025-06-25-16-57-07.jpg,,,,,,
2025-06-25 4:57:07 p.m.,Jeferson GNV express,,00000183-PHOTO-2025-06-25-16-57-07.jpg,,,,,,
2025-06-25 4:57:07 p.m.,Jeferson GNV express,,00000184-PHOTO-2025-06-25-16-57-07.jpg,,,,,,
2025-06-25 4:57:07 p.m.,Jeferson GNV express,,00000185-PHOTO-2025-06-25-16-57-07.jpg,,,,,,
2025-06-25 4:57:07 p.m.,Jeferson GNV express,,00000186-PHOTO-2025-06-25-16-57-07.jpg,,,,,,
2025-06-25 4:57:07 p.m.,Jeferson GNV express,,00000187-PHOTO-2025-06-25-16-57-07.jpg,,,,,,
2025-06-25 4:57:07 p.m.,Jeferson GNV express,,00000188-VIDEO-2025-06-25-16-57-07.mp4,,,,,,
2025-06-25 5:02:32 p.m.,Josue,Gracias Jefferson,,,normal,,,,
2025-06-25 5:25:15 p.m.,Jeferson GNV express,Con gusto,,,normal,,,,
2025-06-26 10:29:48 a.m.,Manuel Elguera,Hola. Estoy revisando para que se envie un modulo de indicadores,,,normal,,,,
2025-06-28 12:41:47 p.m.,Jeferson GNV express,"Buenas tardes, les comparto diagnóstico de garantía de la siguiente HIGER",,,normal,,,,
2025-06-28 12:42:00 p.m.,Jeferson GNV express,,,,,,,,
2025-06-28 12:42:00 p.m.,Jeferson GNV express,,,,,,,,
2025-06-28 12:42:00 p.m.,Jeferson GNV express,,00000195-PHOTO-2025-06-28-12-42-00.jpg,,,,,,
2025-06-28 12:42:00 p.m.,Jeferson GNV express,,00000196-PHOTO-2025-06-28-12-42-00.jpg,,,,,,
2025-06-28 12:42:00 p.m.,Jeferson GNV express,,00000197-PHOTO-2025-06-28-12-42-00.jpg,,,,,,
2025-06-28 12:42:00 p.m.,Jeferson GNV express,,00000198-PHOTO-2025-06-28-12-42-00.jpg,,,,,,
2025-06-28 12:42:00 p.m.,Jeferson GNV express,,00000199-PHOTO-2025-06-28-12-42-00.jpg,,,,,,
2025-06-28 12:42:00 p.m.,Jeferson GNV express,,00000200-PHOTO-2025-06-28-12-42-00.jpg,,,,,,
2025-06-28 12:42:01 p.m.,Jeferson GNV express,,00000201-PHOTO-2025-06-28-12-42-01.jpg,,,,,,
2025-06-28 12:42:01 p.m.,Jeferson GNV express,,00000202-PHOTO-2025-06-28-12-42-01.jpg,,,,,,
2025-06-28 12:42:01 p.m.,Jeferson GNV express,,00000203-PHOTO-2025-06-28-12-42-01.jpg,,,,,,
2025-06-28 12:42:01 p.m.,Jeferson GNV express,,00000204-PHOTO-2025-06-28-12-42-01.jpg,,,,,,
2025-06-28 12:42:01 p.m.,Jeferson GNV express,,00000205-PHOTO-2025-06-28-12-42-01.jpg,,,,,,
2025-06-28 12:42:01 p.m.,Jeferson GNV express,,00000206-PHOTO-2025-06-28-12-42-01.jpg,,,,,,
2025-06-28 12:55:58 p.m.,Angeles,Jeferson buenos días,,,normal,,,,
2025-06-28 12:56:14 p.m.,Angeles,La podrá checar de favor ! Los frenos,,brakes,normal,,,,
2025-06-28 12:56:18 p.m.,Angeles,Gracias,,,normal,,,,
2025-07-09 9:50:45 a.m.,Jeferson GNV express,"Buenos días, les comparto diagnóstico de garantía de la siguiente HIGER",,,normal,,,,
2025-07-09 9:50:58 a.m.,Jeferson GNV express,,00000211-PHOTO-2025-07-09-09-50-58.jpg,,,,,,
2025-07-09 9:50:58 a.m.,Jeferson GNV express,,00000212-PHOTO-2025-07-09-09-50-58.jpg,,,,,,
2025-07-09 9:50:58 a.m.,Jeferson GNV express,,00000213-PHOTO-2025-07-09-09-50-58.jpg,,,,,,
2025-07-09 9:50:59 a.m.,Jeferson GNV express,,00000214-PHOTO-2025-07-09-09-50-59.jpg,,,,,,
2025-07-09 9:50:59 a.m.,Jeferson GNV express,,00000215-PHOTO-2025-07-09-09-50-59.jpg,,,,,,
2025-07-09 9:50:59 a.m.,Jeferson GNV express,,00000216-PHOTO-2025-07-09-09-50-59.jpg,,,,,,
2025-07-09 9:50:59 a.m.,Jeferson GNV express,,00000217-PHOTO-2025-07-09-09-50-59.jpg,,,,,,
2025-07-09 9:51:35 a.m.,Angeles,Buenos días Jeferson ! Es de Sr Zavala ?,,,normal,,,,
2025-07-09 9:52:42 a.m.,Angeles,"Más tarde , le llevó los filtros de aire mi Jeferson ! Le agradezco !",,,normal,,,,
2025-07-09 9:53:23 a.m.,Jeferson GNV express,Si señorita es del señor Zavala,,,normal,,,,
2025-07-09 10:16:56 a.m.,Angeles,,00000221-PHOTO-2025-07-09-10-16-56.jpg,,,,,,
2025-07-09 10:16:56 a.m.,Angeles,,00000222-PHOTO-2025-07-09-10-16-56.jpg,,,,,,
2025-07-09 10:16:56 a.m.,Angeles,,00000223-PHOTO-2025-07-09-10-16-56.jpg,,,,,,
2025-07-09 10:16:56 a.m.,Angeles,,00000224-PHOTO-2025-07-09-10-16-56.jpg,,,,,,
2025-07-09 10:18:08 a.m.,Angeles,"Manuel , tenemos el mismo problema de termostato ! También del Zavala",,,normal,,,,
2025-07-09 10:20:12 a.m.,Angeles,"Está pieza aún usted no me la ha enviado ! Por favor envíeme varias piezas ! Y di esta hambre , envíeme toda la lista de piezas que tiene en Morelia junto con los precios ! Le voy agradecer mucho que me haga llegar !",,,normal,,,,
2025-07-09 10:23:34 a.m.,Angeles,"Manuel , los clientes necesitan que  usted venga revisa las unidades ! Porque usted es el único que de estas camionetas y así aprovecha en traer las reflexiones correspondientes dientes de las fallas !",,,normal,,,,
2025-07-09 1:37:49 p.m.,Angeles,Perdón ! Refacciones ! Manuel ! Estamos en graves problemas por tantas fallas !,,,normal,,,,
2025-07-09 2:28:58 p.m.,Josue,Mas tarde miércoles de la siguiente semana llega todo,,,normal,,,,
2025-07-09 2:29:34 p.m.,Josue,Estas las puede conseguir sin broncas…. Por si no quiere esperar…,,,normal,,,,
2025-07-29 12:05:59 p.m.,Josue,Buenas tardes Jefferson,,,normal,,,,
2025-07-29 12:07:21 p.m.,Jeferson GNV express,"Buenas tardes, a su orden",,,normal,,,,
2025-07-29 12:07:28 p.m.,Josue,"Me comenta Obed, de un tema de motor",,engine,normal,,,,
2025-07-29 12:08:30 p.m.,Josue,Crees que la puedan revisar,,,normal,,,,
2025-07-29 1:09:52 p.m.,Jeferson GNV express,"Ya se le brindo el servicio de diagnostico de escáner, revisión de componentes y sistema de GNV, pero la falla la presenta en gasolina y al parecer es problema de máquina por los sonidos que presenta.",,fuel,normal,,,,
2025-07-29 1:18:54 p.m.,Josue,Y el escáner no arroja códigos?,,,normal,,,,
2025-07-29 3:12:26 p.m.,Josue,"Si tenemos el kit de cadena de distribucion, es lo que se ncesita?",,,normal,,,,
2025-07-30 1:03:07 p.m.,Josue,"Buena tarde Jefferson, me podrías ayudar describiéndome las fallas detalladamente con un mensaje de voz?",,,normal,,,,
2025-07-30 1:03:16 p.m.,Josue,De la vagoneta de Obed ?,,,normal,,,,
2025-07-30 5:22:05 p.m.,Jeferson GNV express,‎Se eliminó este mensaje.,,,normal,,,,
2025-07-30 5:22:37 p.m.,Jeferson GNV express,‎Se eliminó este mensaje.,,,normal,,,,
2025-07-30 5:29:54 p.m.,Jeferson GNV express,,00000242-AUDIO-2025-07-30-17-29-54.opus,,,,,,
2025-07-30 5:32:03 p.m.,Josue,"Gracias Jefferon, si localizaron a alguien para hacer una inspección más profunda de motor?",,engine,normal,,,,
2025-07-30 5:40:42 p.m.,Jeferson GNV express,"Si, quedo en visitarnos un mecánico conocido pero no ha llegado, que nos diga su opinión tambien",,,normal,,,,
2025-07-30 5:41:15 p.m.,Josue,"Ok, nos informas",,,normal,,,,
2025-07-30 5:42:26 p.m.,Jeferson GNV express,Si cualquier cosa los tendré informados,,,normal,,,,
2025-08-01 2:49:15 p.m.,Josue,"Hola Jeferson, me comenta Obed que todo ok con su vagoneta…..",,,normal,,,,
2025-08-01 3:47:18 p.m.,Jeferson GNV express,"Hola buenas tardes, les comparto los diagnósticos de la HIGER del señor Obed Mauricio Lopez",,,normal,,,,
2025-08-01 3:47:38 p.m.,Jeferson GNV express,,,,,,,,
2025-08-01 3:47:38 p.m.,Jeferson GNV express,,00000250-PHOTO-2025-08-01-15-47-38.jpg,,,,,,
2025-08-01 3:47:39 p.m.,Jeferson GNV express,,00000251-PHOTO-2025-08-01-15-47-39.jpg,,,,,,
2025-08-01 3:47:39 p.m.,Jeferson GNV express,,00000252-PHOTO-2025-08-01-15-47-39.jpg,,,,,,
2025-08-01 3:47:39 p.m.,Jeferson GNV express,,00000253-PHOTO-2025-08-01-15-47-39.jpg,,,,,,
2025-08-01 3:47:39 p.m.,Jeferson GNV express,,00000254-PHOTO-2025-08-01-15-47-39.jpg,,,,,,
2025-08-01 3:47:40 p.m.,Jeferson GNV express,,00000255-PHOTO-2025-08-01-15-47-40.jpg,,,,,,
2025-08-01 3:47:40 p.m.,Jeferson GNV express,,00000256-PHOTO-2025-08-01-15-47-40.jpg,,,,,,
2025-08-01 3:48:07 p.m.,Jeferson GNV express,,00000257-PHOTO-2025-08-01-15-48-07.jpg,,,,,,
2025-08-01 3:48:07 p.m.,Jeferson GNV express,,00000258-PHOTO-2025-08-01-15-48-07.jpg,,,,,,
2025-08-01 3:48:08 p.m.,Jeferson GNV express,,,,,,,,
2025-08-01 3:48:08 p.m.,Jeferson GNV express,,00000260-PHOTO-2025-08-01-15-48-08.jpg,,,,,,
2025-08-01 3:48:09 p.m.,Jeferson GNV express,,00000261-PHOTO-2025-08-01-15-48-09.jpg,,,,,,
2025-08-01 3:48:09 p.m.,Jeferson GNV express,,00000262-PHOTO-2025-08-01-15-48-09.jpg,,,,,,
2025-08-01 3:48:09 p.m.,Jeferson GNV express,,00000263-PHOTO-2025-08-01-15-48-09.jpg,,,,,,
2025-08-01 3:48:09 p.m.,Jeferson GNV express,,00000264-PHOTO-2025-08-01-15-48-09.jpg,,,,,,
2025-08-01 3:48:10 p.m.,Jeferson GNV express,,00000265-PHOTO-2025-08-01-15-48-10.jpg,,,,,,
2025-08-04 12:27:34 p.m.,Angeles,,00000266-PHOTO-2025-08-04-12-27-34.jpg,,,,,,
2025-08-04 12:27:34 p.m.,Angeles,,00000267-PHOTO-2025-08-04-12-27-34.jpg,,,,,,
2025-08-04 12:28:13 p.m.,Angeles,Buenas tardes !,,,normal,,,,
2025-08-04 12:29:36 p.m.,Josue,"el kit de la cadena de distribución no se va a ocupar, para que lo guarden por favor",,,normal,,,,
2025-08-04 12:29:37 p.m.,Angeles,"Los chicos no saben para quién es las refacciones, Josué?",,,normal,,,,
2025-08-04 12:30:05 p.m.,Josue,a quien le fallaba el tablero …. a uno de los clientes,,,normal,,,,
2025-08-04 12:30:06 p.m.,Angeles,El tablero de quién es ?,,,normal,,,,
2025-08-04 12:30:12 p.m.,Josue,=(,,,normal,,,,
2025-08-04 12:30:41 p.m.,Josue,"el kit de la cadena de distribución era para obed, pero resulto ser el catalizador",,exhaust,normal,,,,
2025-08-04 12:32:03 p.m.,Keyrin GNV Express,"No recordamos para quien era el tablero, pero lo guardamos aquí para el cliente que lo necesite",,,normal,,,,
2025-08-04 12:33:14 p.m.,Josue,ok,,,normal,,,,
2025-08-04 12:33:22 p.m.,Keyrin GNV Express,Para cuando llegarían las otras refacciones.?,,,normal,,,,
2025-08-04 12:33:34 p.m.,Josue,Cuales son?,,,normal,,,,
2025-08-04 12:34:29 p.m.,Keyrin GNV Express,Bobina de encendió,,,normal,,,,
,,Diferencial,,transmission,normal,,,,
2025-08-04 12:34:45 p.m.,Josue,este es el kit para reparacion,,,normal,,,,
2025-08-04 12:36:40 p.m.,Angeles,,00000281-PHOTO-2025-08-04-12-36-40.jpg,,,,,,
2025-08-04 12:36:40 p.m.,Angeles,,00000282-PHOTO-2025-08-04-12-36-40.jpg,,,,,,
2025-08-04 12:36:40 p.m.,Angeles,,00000283-PHOTO-2025-08-04-12-36-40.jpg,,,,,,
2025-08-04 12:36:40 p.m.,Angeles,,00000284-PHOTO-2025-08-04-12-36-40.jpg,,,,,,
2025-08-04 12:37:11 p.m.,Angeles,Diferencial del Sr Montoya y sus rines Keyrin !,,transmission,normal,,,,
2025-08-04 1:12:59 p.m.,Jeferson GNV express,"Buenas tardes, les informo que la válvula de calefacción que cambiamos si está trabajando bien, checamos el ciclo de refrigeración con el escáner y la temperatura de trabajo se portó muy bien, solo que cuando cambiemos más válvulas de calefacción si vamos a ocupar anticongelante del verde para rellenar porque si se tira anticongelante y nos toca purgar el sistema de refrigeración, quedó atento a cualquier cosa",,cooling,normal,,,,
2025-08-04 1:15:12 p.m.,Jeferson GNV express,"La camioneta del diferencial no tengo formato de garantía, el cliente tocaría traer al taller la camioneta para revisarla y llenar su respectivo formato de garantia",,transmission,normal,,,,
2025-08-04 1:20:09 p.m.,Josue,"Gracias, cuanto necesitas?",,,normal,,,,
2025-08-04 1:22:04 p.m.,Jeferson GNV express,Con que tengamos un galón de anticongelante del verde,,cooling,normal,,,,
2025-08-04 1:22:13 p.m.,Angeles,"Jeferson , el Sr Montoya va llevar la camioneta 2:30 . Pm",,,normal,,,,
2025-08-04 3:47:32 p.m.,Angeles,Jeferson y mi Keyrin ! Tiene el diagnóstico del Sr Montoya ?,,tires,normal,,,,
2025-08-04 3:48:16 p.m.,Angeles,"Si lo tiene , lo pueden compartir por favor 🙏 les voy agradecer mucho !",,,normal,,,,
2025-08-04 3:48:23 p.m.,Angeles,Gracias 🤩,,,normal,,,,
2025-08-05 9:03:13 a.m.,Angeles,Buenos días mi Jeferson ! Ya tiene el diagnóstico de vagoneta del Sr Montoya ?,,,normal,,,,
2025-08-05 9:29:14 a.m.,Keyrin GNV Express,"El día de ayer por la tarde se presentó una camioneta Higer del señor j. Jesus Montoya, presentaba sonido mecánico el cual provenía del diferencial de la camioneta, se revisó el nivel de aceite y se detectaron  restos de viruta, se cambió el aceite al diferencial y no desapareció el sonido.",,oil,normal,,,,
2025-08-05 9:29:14 a.m.,Keyrin GNV Express,,00000296-VIDEO-2025-08-05-09-29-14.mp4,,,,,,
2025-08-05 9:29:14 a.m.,Keyrin GNV Express,,00000297-VIDEO-2025-08-05-09-29-14.mp4,,,,,,
2025-08-05 9:30:12 a.m.,Keyrin GNV Express,"Buen día, les comparto la información de una de las higer me comentan que habría que cambiar el diferencial",,transmission,normal,,,,
2025-08-05 9:30:59 a.m.,Angeles,Gracias mi Keyrin !,,tires,normal,,,,
2025-08-05 2:34:24 p.m.,Angeles,Buenas tardes !,,,normal,,,,
,,Jeferson  me dice el Sr Obed de reporte que le hizo del clutch ! Es de puede conseguir Ags ?,,,normal,,,,
2025-08-05 3:09:01 p.m.,Jeferson GNV express,"Hola buenas tardes, tendríamos que compararlos con la de toyota",,,normal,,,,
2025-08-05 3:12:35 p.m.,Angeles,"Jeferson tiene la pieza ? Par saber cómo es ! Ya sea en foto para ver si lo conseguimos ! Le voy agradecer mucho si la tiene , para si la podemos conseguir !",,,normal,,,,
2025-08-05 3:27:53 p.m.,Jeferson GNV express,"Señorita Angeles es que la pieza quedó puesta en la camioneta, pero es algo asi",,,normal,,,,
2025-08-05 3:28:00 p.m.,Jeferson GNV express,,00000304-PHOTO-2025-08-05-15-28-00.jpg,,,,,,
2025-08-05 3:41:46 p.m.,Angeles,Ok,,,normal,,,,
2025-08-05 3:41:55 p.m.,Angeles,Gracias,,,normal,,,,
2025-08-05 3:45:40 p.m.,Josue,?,,,normal,,,,
2025-08-05 3:45:52 p.m.,Josue,Clutch?,,,normal,,,,
2025-08-05 3:48:37 p.m.,Manuel Elguera,Es el cilindro maestro,,,normal,,,,
2025-08-05 4:16:20 p.m.,Josue,Van a mandar clutch completo,,,normal,,,,
2025-08-05 4:16:31 p.m.,Angeles,"Manuel , usted tiene refacción del clutch en Morelia ?",,,normal,,,,
2025-08-05 4:16:40 p.m.,Angeles,Ok 👍,,,normal,,,,
2025-08-05 4:19:35 p.m.,Angeles,Le pregunto Manuel ! Lo de video y fotos del diferencial es la tapa que Est fallando?,,transmission,normal,,,,
2025-08-05 4:26:43 p.m.,Manuel Elguera,"Si, hay muestra de daño prematuro",,,normal,,,,
2025-08-05 4:42:36 p.m.,Angeles,Perfecto 👌 me dice cuando mande lo del Clutch! Por favor   Gracias Manuel,,,normal,,,,
2025-08-06 10:28:43 a.m.,Angeles,,00000316-PHOTO-2025-08-06-10-28-43.jpg,,,,,,
2025-08-07 10:27:37 a.m.,Keyrin GNV Express,,00000317-PHOTO-2025-08-07-10-27-37.jpg,,,,,,
2025-08-07 10:27:37 a.m.,Keyrin GNV Express,,00000318-PHOTO-2025-08-07-10-27-37.jpg,,,,,,
2025-08-07 10:27:37 a.m.,Keyrin GNV Express,,00000319-PHOTO-2025-08-07-10-27-37.jpg,,,,,,
2025-08-07 10:27:37 a.m.,Keyrin GNV Express,,00000320-PHOTO-2025-08-07-10-27-37.jpg,,,,,,
2025-08-07 10:27:37 a.m.,Keyrin GNV Express,Camioneta Higer del señor Francisco García,,,normal,,,,
2025-08-07 10:27:38 a.m.,Keyrin GNV Express,Al soltar cilindro maestro del freno salto la presión y libero el freno se recomienda cambiar cilindro maestro.,,brakes,normal,,,,
2025-08-07 10:30:58 a.m.,Josue,Del freno?,,brakes,normal,,,,
2025-08-07 10:34:30 a.m.,Keyrin GNV Express,Si,,,normal,,,,
2025-08-07 10:37:24 a.m.,Angeles,Manuel   El cilindro del frenos usted lo tiene ?,,brakes,normal,,,,
2025-08-07 10:38:39 a.m.,Angeles,Cree usted que se consiga en Autozon ?,,,normal,,,,
2025-08-07 10:46:33 a.m.,Josue,Esto ya lo van a madar,,,normal,,,,
2025-08-07 11:06:34 a.m.,Angeles,Perfecto 👌,,,normal,,,,
2025-08-07 3:16:11 p.m.,Angeles,,00000329-AUDIO-2025-08-07-15-16-11.opus,,,,,,
2025-08-07 3:18:56 p.m.,Angeles,Les envío lo que me comenta el Sr Montoya ! De su pieza de diferencial oh diferencial ?!! Hágame saber por favor 🙏 para decirle al Sr Montoya . Gracias Manuel,,transmission,normal,,,,
2025-08-12 11:32:02 a.m.,Manuel Elguera,Hola!  Buenos dias.,,,normal,,,,
,,Cuantas bobinas se necesitan? Dos?,,,normal,,,,
2025-08-12 11:36:04 a.m.,Angeles,2 bobinas,,,normal,,,,
2025-08-12 11:36:30 a.m.,Angeles,Cuando llega el diferencial Manuel,,transmission,normal,,,,
2025-08-12 11:36:39 a.m.,Angeles,?,,,normal,,,,
2025-08-12 11:38:42 a.m.,Manuel Elguera,Hoy las mandan.,,,normal,,,,
2025-08-12 11:40:01 a.m.,Keyrin GNV Express,Buen día,,,normal,,,,
,,Ángeles me acaba de entregar 2 piezas que son la paga camióneta de Francisco García ,,,normal,,,,
,, Boster y bobina de freno,,brakes,normal,,,,
2025-08-12 11:40:38 a.m.,Keyrin GNV Express,Se le harán entrega de esas piezas al cliente para que el las pueda instalar ya que nosotros no podemos instalarlas,,,normal,,,,
2025-08-12 11:43:07 a.m.,Keyrin GNV Express,Entonces solo tenemos pendientes:,,,normal,,,,
,,Diferencial de Jesus Montoya,,transmission,normal,,,,
,,Bobina de encendido de Juan José Quezada,,,normal,,,,
2025-08-12 11:44:04 a.m.,Josue,las bobinas llegan mañana/jueves,,,normal,,,,
2025-08-12 11:45:02 a.m.,Keyrin GNV Express,Ya solo tenemos entonces pendiente el *Diferencial*,,transmission,normal,,,,
2025-08-12 11:45:09 a.m.,Keyrin GNV Express,Gracias ‎<Se editó este mensaje.>,,,normal,,,,
2025-08-21 3:30:49 p.m.,Angeles,Keyrin   Te pregunto no subieron lo que le hicieron a la camioneta del Sr Obed?,,tires,normal,,,,
2025-08-21 3:31:36 p.m.,Angeles,Par que quede asentado en chat mi Keyrin ! Le podrás decir a Edgar de favor !,,tires,normal,,,,
,,Mil gracias,,,normal,,,,
2025-08-21 3:43:28 p.m.,Keyrin GNV Express,Hola ángeles,,,normal,,,,
2025-08-21 3:43:46 p.m.,Keyrin GNV Express,Se le pasó a mi compañero Edgar,,,normal,,,,
2025-08-21 3:43:53 p.m.,Keyrin GNV Express,Pero ya la envió,,,normal,,,,
2025-08-21 3:44:01 p.m.,Keyrin GNV Express,,00000347-PHOTO-2025-08-21-15-44-01.jpg,,,,,,
2025-08-21 3:44:10 p.m.,Keyrin GNV Express,,00000348-PHOTO-2025-08-21-15-44-10.jpg,,,,,,
2025-08-21 3:45:09 p.m.,Keyrin GNV Express,Esto fue lo que se le hizo a la camioneta de Obed Mauricio hace explosiones en el escape al momento de desacelerar,,exhaust,normal,,,,
2025-08-21 3:45:31 p.m.,Keyrin GNV Express,La recomendación fue que hay que cambiar el catalizador y cambiar bujías,,exhaust,normal,,,,
2025-08-26 4:59:25 p.m.,Josue,Buenas tardes,,,normal,,,,
2025-08-26 4:59:39 p.m.,Josue,De casualidad llegaron unos equipos?,,,normal,,,,
2025-08-26 5:01:04 p.m.,Josue,Didcom,,,normal,,,,
2025-08-26 5:01:20 p.m.,Josue,Son 5 equipos de telemetría GEOTAB,,,normal,,,,
2025-08-26 5:07:25 p.m.,Keyrin GNV Express,Hola buenas tardes,,,normal,,,,
2025-08-26 5:07:31 p.m.,Keyrin GNV Express,Si si llegaron el día de hoy,,,normal,,,,
2025-08-26 5:07:57 p.m.,Josue,"perfecto, gracias",,,normal,,,,
2025-08-26 5:08:08 p.m.,Keyrin GNV Express,De nada,,,normal,,,,
2025-08-26 5:14:57 p.m.,Angeles,Súper,,,normal,,,,
2025-09-04 5:46:02 p.m.,Jeferson GNV express,"Buenas tardes, les comparto diagnóstico de garantía de la siguiente HIGER",,,normal,,,,
2025-09-04 5:46:53 p.m.,Jeferson GNV express,,,,,,,,
2025-09-04 5:46:53 p.m.,Jeferson GNV express,,00000362-PHOTO-2025-09-04-17-46-53.jpg,,,,,,
2025-09-04 5:46:53 p.m.,Jeferson GNV express,,00000363-PHOTO-2025-09-04-17-46-53.jpg,,,,,,
2025-09-04 5:47:04 p.m.,Jeferson GNV express,,,,,,,,
2025-09-04 5:47:04 p.m.,Jeferson GNV express,,00000365-PHOTO-2025-09-04-17-47-04.jpg,,,,,,
2025-09-04 5:47:04 p.m.,Jeferson GNV express,,00000366-PHOTO-2025-09-04-17-47-04.jpg,,,,,,
2025-09-04 5:47:05 p.m.,Jeferson GNV express,,00000367-PHOTO-2025-09-04-17-47-05.jpg,,,,,,
2025-09-04 5:47:05 p.m.,Jeferson GNV express,,00000368-PHOTO-2025-09-04-17-47-05.jpg,,,,,,
2025-09-04 5:59:53 p.m.,Angeles,De quién Jeferson ?,,,normal,,,,
2025-09-04 6:26:16 p.m.,Jeferson GNV express,Nombre del cliente José Manuel Puentes,,,normal,,,,
2025-09-05 11:15:41 a.m.,Keyrin GNV Express,Buenos días Josué,,,normal,,,,
2025-09-05 11:16:12 a.m.,Keyrin GNV Express,Me pregunta el señor Obed cuando le llegaría su catalizador,,exhaust,normal,,,,
2025-09-05 11:16:16 a.m.,Keyrin GNV Express,Que solicito?,,,normal,,,,
2025-09-05 11:25:19 a.m.,Josue,No me mencionó nada y lo acabo de ver lo semana pasada,,,normal,,,,
2025-09-05 11:28:05 a.m.,Keyrin GNV Express,Que raro por que me pregunto si ya llegaría su catalizador.,,exhaust,normal,,,,
2025-09-05 11:28:46 a.m.,Keyrin GNV Express,"No se si quieras comunicarte con el para ver qué te dice, nosotros ya le abrimos si hoja de garantía",,,normal,,,,
2025-09-05 11:35:54 a.m.,Josue,"Si no, no hay garantía",,,normal,,,,
2025-09-05 11:36:04 a.m.,Josue,Pensábamos que era un problema más grande,,,normal,,,,
2025-09-05 11:36:11 a.m.,Josue,De motor,,engine,normal,,,,
2025-09-05 11:36:36 a.m.,Josue,Entonces no no hay garantía para catalizadores,,exhaust,normal,,,,
