file,form_type,vin,placa,kilometraje_km,fecha,reporte_falla,pieza_danada,pieza_solicitada_garantia,status
WhatsApp Chat - Higer Postventa AGS 2/00000008-PHOTO-2025-05-21-12-16-57.jpg,postventa,LK1B1AA75SA803633,A50503A,18184,2025-05-21,falla ,sensor,,ai_flexible
WhatsApp Chat - Higer Postventa AGS 2/00000023-PHOTO-2025-05-21-12-21-57.jpg,postventa,LKL1BA7S5AB306363,A50503A,18184,2025-05-21,falla ,sensor,,ai_flexible
WhatsApp Chat - Higer Postventa AGS 2/00000044-PHOTO-2025-05-21-12-27-31.jpg,garantia,LKL1BAA755A803633,A05503-A,18174,2023-05-21,,valvula,,ai_flexible
WhatsApp Chat - Higer Postventa AGS 2/00000061-PHOTO-2025-05-26-16-07-38.jpg,postventa,,,31083,2025-05-23,se calienta,rin,tablero,ai_flexible
WhatsApp Chat - Higer Postventa AGS 2/00000094-PHOTO-2025-06-02-13-06-43.jpg,postventa,LKL1BAA7XSA802865,A05506A,1480,2025-06-02,no prende,odometro,,ai_flexible
WhatsApp Chat - Higer Postventa AGS 2/00000131-PHOTO-2025-06-17-09-09-40.jpg,postventa,LKL1BAA7XSA802865,A05506A,1480,2025-06-02,fuga de anticongelante,rin,,ai_flexible
WhatsApp Chat - Higer Postventa AGS 2/00000143-PHOTO-2025-06-18-17-11-21.jpg,postventa,LKL1BA7A55AB04474,24FCV0061,,2025-04-30,se calienta,rin,,ai_flexible
WhatsApp Chat - Higer Postventa AGS 2/00000146-PHOTO-2025-06-18-17-11-22.jpg,garantia,LRK1BAA35A8044744,,157,2025-06-12,se calienta,rin,,ai_flexible
WhatsApp Chat - Higer Postventa AGS 2/00000147-PHOTO-2025-06-18-17-11-22.jpg,garantia,,,,,se calienta,rin,,ai_flexible
WhatsApp Chat - Higer Postventa AGS 2/00000163-PHOTO-2025-06-21-09-55-57.jpg,postventa,LKL1BAA735A802967,A-05335-A,37614,2025-06-21,se calienta,válvula,,ai_flexible
WhatsApp Chat - Higer Postventa AGS 2/00000164-PHOTO-2025-06-21-09-55-57.jpg,garantia,,,,,se calienta,válvula,,ai_flexible
WhatsApp Chat - Higer Postventa AGS 2/00000182-PHOTO-2025-06-25-16-57-07.jpg,postventa,LCL1BAA755A803633,,18174,,se calienta,válvula,,ai_flexible
WhatsApp Chat - Higer Postventa AGS 2/00000183-PHOTO-2025-06-25-16-57-07.jpg,garantia,,,,,se calienta,válvula,,ai_flexible
WhatsApp Chat - Higer Postventa AGS 2/00000206-PHOTO-2025-06-28-12-42-01.jpg,postventa,LKL1BAA755A703633,,137874,,,filtro,,ai_flexible
WhatsApp Chat - Higer Postventa AGS 2/00000250-PHOTO-2025-08-01-15-47-38.jpg,garantia,LRL1BAA35A702771,A-05356-A,57065,2025-01-07,falla ,rin,,ai_flexible
WhatsApp Chat - Higer Postventa AGS 2/00000347-PHOTO-2025-08-21-15-44-01.jpg,garantia,LKLBAA755AB02871,,62518,,,catalizador,catalizador,ai_flexible
