file,form_type,vin,placa,kilometraje_km,fecha,reporte_falla,pieza_danada,pieza_solicitada_garantia,status
/Users/josuehernandez/Documents/WhatsApp Chat - Higer Postventa AGS 2/00000008-PHOTO-2025-05-21-12-16-57.jpg,,,,,,,,,ai_flexible
/Users/josuehernandez/Documents/WhatsApp Chat - Higer Postventa AGS 2/00000023-PHOTO-2025-05-21-12-21-57.jpg,,,,,,,,,ai_flexible
/Users/josuehernandez/Documents/WhatsApp Chat - Higer Postventa AGS 2/00000044-PHOTO-2025-05-21-12-27-31.jpg,,,,,,,,,ai_flexible
/Users/josuehernandez/Documents/WhatsApp Chat - Higer Postventa AGS 2/00000061-PHOTO-2025-05-26-16-07-38.jpg,,,,,,,,,ai_flexible
/Users/josuehernandez/Documents/WhatsApp Chat - Higer Postventa AGS 2/00000094-PHOTO-2025-06-02-13-06-43.jpg,,,,,,,,,ai_flexible
/Users/josuehernandez/Documents/WhatsApp Chat - Higer Postventa AGS 2/00000131-PHOTO-2025-06-17-09-09-40.jpg,,,,,,,,,ai_flexible
/Users/josuehernandez/Documents/WhatsApp Chat - Higer Postventa AGS 2/00000143-PHOTO-2025-06-18-17-11-21.jpg,,,,,,,,,ai_flexible
/Users/josuehernandez/Documents/WhatsApp Chat - Higer Postventa AGS 2/00000146-PHOTO-2025-06-18-17-11-22.jpg,,,,,,,,,ai_flexible
/Users/josuehernandez/Documents/WhatsApp Chat - Higer Postventa AGS 2/00000147-PHOTO-2025-06-18-17-11-22.jpg,,,,,,,,,ai_flexible
/Users/josuehernandez/Documents/WhatsApp Chat - Higer Postventa AGS 2/00000163-PHOTO-2025-06-21-09-55-57.jpg,,,,,,,,,ai_flexible
/Users/josuehernandez/Documents/WhatsApp Chat - Higer Postventa AGS 2/00000164-PHOTO-2025-06-21-09-55-57.jpg,,,,,,,,,ai_flexible
/Users/josuehernandez/Documents/WhatsApp Chat - Higer Postventa AGS 2/00000182-PHOTO-2025-06-25-16-57-07.jpg,,,,,,,,,ai_flexible
/Users/josuehernandez/Documents/WhatsApp Chat - Higer Postventa AGS 2/00000183-PHOTO-2025-06-25-16-57-07.jpg,,,,,,,,,ai_flexible
/Users/josuehernandez/Documents/WhatsApp Chat - Higer Postventa AGS 2/00000206-PHOTO-2025-06-28-12-42-01.jpg,,,,,,,,,ai_flexible
/Users/josuehernandez/Documents/WhatsApp Chat - Higer Postventa AGS 2/00000250-PHOTO-2025-08-01-15-47-38.jpg,,,,,,,,,ai_flexible
/Users/josuehernandez/Documents/WhatsApp Chat - Higer Postventa AGS 2/00000347-PHOTO-2025-08-21-15-44-01.jpg,,,,,,,,,ai_flexible
