event_id,doc_id,page_label,page_number,chunk_index,snippet
d6e89dbb-61b5-5c4c-a09e-c5eba22fcc04,SSOT-HIGER,36,36,-1,Lubricación general de la unidad Cambiar aceite de motor Cambiar filtro de aceite lubricante Revisar nivel de concentración del anticongelante del motor Revisar y drenar tanques de aire Revisar estado de cartucho desecante Revisar y corregir nivel de aceite del diferencial Revisar y corregir el nivel de aceite de transmisión Revisar y corregir nivel de aceite de la dirección hidráulica
d6e89dbb-61b5-5c4c-a09e-c5eba22fcc04,SSOT-HIGER,36,36,-1,"PROGRAMA MANTENIMIENTO HIGER CNG Operación Revisión semanal Revisar indicador de filtro de aire, si es necesario cambiar Revisar y corregir nivel de aceite del motor Revisar y drenar tanques de aire Revisar y corregir nivel de aceite de la dirección Revisar y corregir nivel de refrigerante Revisar el correcto funcionamiento de los instrumentos del tablero Revisar el correcto funcionamiento de"
d6e89dbb-61b5-5c4c-a09e-c5eba22fcc04,SSOT-HIGER,37,37,-1,"PROGRAMA MANTENIMIENTO KLQ6935GC Operación Revisión semanal Revisar indicador de filtro de aire, si es necesario cambiar Revisar y corregir nivel de aceite del motor Revisar y drenar tanques de aire Revisar y corregir nivel de aceite de la dirección Revisar y corregir nivel de refrigerante Revisar el correcto funcionamiento de los instrumentos del tablero Revisar el correcto funcionamiento de las"
d6e89dbb-61b5-5c4c-a09e-c5eba22fcc04,SSOT-HIGER,37,37,-1,"Mantenimiento B, cada 20,000 km (aprox. 3 meses) Revisar estado, conexiones y realizar rotación de baterías: Limpieza y carga de baterías Estado físico de caja de fusibles Revisión a corte de sistema Válvula de apertura de puertas Revisar estado de componentes suspensión, dirección y ejes: Terminales dirección Canillas de suspensión Juego en brazo pitman Bolsas y válvulas (neumática) Bases de"
d6e89dbb-61b5-5c4c-a09e-c5eba22fcc04,SSOT-HIGER,252,252,-1,Refacción: Tightener Número de parte (OEM): 103TZ-07501 Categoría: Modelo: H6C
e54c90f6-7d7d-5806-a80b-84441c70664f,SSOT-HIGER,36,36,-1,Lubricación general de la unidad Cambiar aceite de motor Cambiar filtro de aceite lubricante Revisar nivel de concentración del anticongelante del motor Revisar y drenar tanques de aire Revisar estado de cartucho desecante Revisar y corregir nivel de aceite del diferencial Revisar y corregir el nivel de aceite de transmisión Revisar y corregir nivel de aceite de la dirección hidráulica
e54c90f6-7d7d-5806-a80b-84441c70664f,SSOT-HIGER,36,36,-1,"PROGRAMA MANTENIMIENTO HIGER CNG Operación Revisión semanal Revisar indicador de filtro de aire, si es necesario cambiar Revisar y corregir nivel de aceite del motor Revisar y drenar tanques de aire Revisar y corregir nivel de aceite de la dirección Revisar y corregir nivel de refrigerante Revisar el correcto funcionamiento de los instrumentos del tablero Revisar el correcto funcionamiento de"
e54c90f6-7d7d-5806-a80b-84441c70664f,SSOT-HIGER,37,37,-1,"PROGRAMA MANTENIMIENTO KLQ6935GC Operación Revisión semanal Revisar indicador de filtro de aire, si es necesario cambiar Revisar y corregir nivel de aceite del motor Revisar y drenar tanques de aire Revisar y corregir nivel de aceite de la dirección Revisar y corregir nivel de refrigerante Revisar el correcto funcionamiento de los instrumentos del tablero Revisar el correcto funcionamiento de las"
e54c90f6-7d7d-5806-a80b-84441c70664f,SSOT-HIGER,37,37,-1,"Mantenimiento B, cada 20,000 km (aprox. 3 meses) Revisar estado, conexiones y realizar rotación de baterías: Limpieza y carga de baterías Estado físico de caja de fusibles Revisión a corte de sistema Válvula de apertura de puertas Revisar estado de componentes suspensión, dirección y ejes: Terminales dirección Canillas de suspensión Juego en brazo pitman Bolsas y válvulas (neumática) Bases de"
e54c90f6-7d7d-5806-a80b-84441c70664f,SSOT-HIGER,252,252,-1,Refacción: Tightener Número de parte (OEM): 103TZ-07501 Categoría: Modelo: H6C
fc2c8464-d158-5abe-8040-50c9af4cb8e7,SSOT-HIGER,36,36,-1,Lubricación general de la unidad Cambiar aceite de motor Cambiar filtro de aceite lubricante Revisar nivel de concentración del anticongelante del motor Revisar y drenar tanques de aire Revisar estado de cartucho desecante Revisar y corregir nivel de aceite del diferencial Revisar y corregir el nivel de aceite de transmisión Revisar y corregir nivel de aceite de la dirección hidráulica
fc2c8464-d158-5abe-8040-50c9af4cb8e7,SSOT-HIGER,36,36,-1,"PROGRAMA MANTENIMIENTO HIGER CNG Operación Revisión semanal Revisar indicador de filtro de aire, si es necesario cambiar Revisar y corregir nivel de aceite del motor Revisar y drenar tanques de aire Revisar y corregir nivel de aceite de la dirección Revisar y corregir nivel de refrigerante Revisar el correcto funcionamiento de los instrumentos del tablero Revisar el correcto funcionamiento de"
fc2c8464-d158-5abe-8040-50c9af4cb8e7,SSOT-HIGER,37,37,-1,"PROGRAMA MANTENIMIENTO KLQ6935GC Operación Revisión semanal Revisar indicador de filtro de aire, si es necesario cambiar Revisar y corregir nivel de aceite del motor Revisar y drenar tanques de aire Revisar y corregir nivel de aceite de la dirección Revisar y corregir nivel de refrigerante Revisar el correcto funcionamiento de los instrumentos del tablero Revisar el correcto funcionamiento de las"
fc2c8464-d158-5abe-8040-50c9af4cb8e7,SSOT-HIGER,37,37,-1,"Mantenimiento B, cada 20,000 km (aprox. 3 meses) Revisar estado, conexiones y realizar rotación de baterías: Limpieza y carga de baterías Estado físico de caja de fusibles Revisión a corte de sistema Válvula de apertura de puertas Revisar estado de componentes suspensión, dirección y ejes: Terminales dirección Canillas de suspensión Juego en brazo pitman Bolsas y válvulas (neumática) Bases de"
fc2c8464-d158-5abe-8040-50c9af4cb8e7,SSOT-HIGER,252,252,-1,Refacción: Tightener Número de parte (OEM): 103TZ-07501 Categoría: Modelo: H6C
e7595e78-5871-5969-8b73-c120d991491c,SSOT-HIGER,36,36,-1,"PROGRAMA MANTENIMIENTO HIGER CNG Operación Revisión semanal Revisar indicador de filtro de aire, si es necesario cambiar Revisar y corregir nivel de aceite del motor Revisar y drenar tanques de aire Revisar y corregir nivel de aceite de la dirección Revisar y corregir nivel de refrigerante Revisar el correcto funcionamiento de los instrumentos del tablero Revisar el correcto funcionamiento de"
e7595e78-5871-5969-8b73-c120d991491c,SSOT-HIGER,36,36,-1,Lubricación general de la unidad Cambiar aceite de motor Cambiar filtro de aceite lubricante Revisar nivel de concentración del anticongelante del motor Revisar y drenar tanques de aire Revisar estado de cartucho desecante Revisar y corregir nivel de aceite del diferencial Revisar y corregir el nivel de aceite de transmisión Revisar y corregir nivel de aceite de la dirección hidráulica
e7595e78-5871-5969-8b73-c120d991491c,SSOT-HIGER,37,37,-1,"PROGRAMA MANTENIMIENTO KLQ6935GC Operación Revisión semanal Revisar indicador de filtro de aire, si es necesario cambiar Revisar y corregir nivel de aceite del motor Revisar y drenar tanques de aire Revisar y corregir nivel de aceite de la dirección Revisar y corregir nivel de refrigerante Revisar el correcto funcionamiento de los instrumentos del tablero Revisar el correcto funcionamiento de las"
e7595e78-5871-5969-8b73-c120d991491c,SSOT-HIGER,248,248,-1,Refacción: Slippery Guide Número de parte (OEM): 10FCA-22511-200 Categoría: Modelo: H6C
e7595e78-5871-5969-8b73-c120d991491c,SSOT-HIGER,258,258,-1,Refacción: Oil pump Número de parte (OEM): 103TZ-28500 Categoría: Modelo: H6C
590d9323-b057-5d1c-a6d5-a899c0d83b86,SSOT-HIGER,36,36,-1,Lubricación general de la unidad Cambiar aceite de motor Cambiar filtro de aceite lubricante Revisar nivel de concentración del anticongelante del motor Revisar y drenar tanques de aire Revisar estado de cartucho desecante Revisar y corregir nivel de aceite del diferencial Revisar y corregir el nivel de aceite de transmisión Revisar y corregir nivel de aceite de la dirección hidráulica
590d9323-b057-5d1c-a6d5-a899c0d83b86,SSOT-HIGER,36,36,-1,"Cambio de plumas limpia parabrisas Mantenimiento G, cada 120,000 km Ajuste de tren de válvulas Revisar torque y componentes de la suspensión y amortiguadores Cambio de embrague (versión manual) Mantenimiento H, cada 140,000 km Cambio de kit sellos y bujes para dirección Revisar bolsas de aire (cambio si es necesario) Revisión de tacones de motor Revisión de flecha cardán Revisión"
590d9323-b057-5d1c-a6d5-a899c0d83b86,SSOT-HIGER,250,250,-1,Refacción: Balanceshaft component Número de parte (OEM): 103TZ-21500 Categoría: Modelo: H6C
590d9323-b057-5d1c-a6d5-a899c0d83b86,SSOT-HIGER,426,426,-1,Refacción: Inhaul cable Número de parte (OEM): 55Z15-07021 Categoría: Modelo: H6C
590d9323-b057-5d1c-a6d5-a899c0d83b86,SSOT-HIGER,442,442,-1,"Refacción: Switch, Warning light Número de parte (OEM): 37Z16-27104 Categoría: Modelo: H6C"
322fa47f-5cf3-50ea-abc6-a84731095aa5,SSOT-HIGER,36,36,-1,"PROGRAMA MANTENIMIENTO HIGER CNG Operación Revisión semanal Revisar indicador de filtro de aire, si es necesario cambiar Revisar y corregir nivel de aceite del motor Revisar y drenar tanques de aire Revisar y corregir nivel de aceite de la dirección Revisar y corregir nivel de refrigerante Revisar el correcto funcionamiento de los instrumentos del tablero Revisar el correcto funcionamiento de"
322fa47f-5cf3-50ea-abc6-a84731095aa5,SSOT-HIGER,36,36,-1,Lubricación general de la unidad Cambiar aceite de motor Cambiar filtro de aceite lubricante Revisar nivel de concentración del anticongelante del motor Revisar y drenar tanques de aire Revisar estado de cartucho desecante Revisar y corregir nivel de aceite del diferencial Revisar y corregir el nivel de aceite de transmisión Revisar y corregir nivel de aceite de la dirección hidráulica
322fa47f-5cf3-50ea-abc6-a84731095aa5,SSOT-HIGER,37,37,-1,"PROGRAMA MANTENIMIENTO KLQ6935GC Operación Revisión semanal Revisar indicador de filtro de aire, si es necesario cambiar Revisar y corregir nivel de aceite del motor Revisar y drenar tanques de aire Revisar y corregir nivel de aceite de la dirección Revisar y corregir nivel de refrigerante Revisar el correcto funcionamiento de los instrumentos del tablero Revisar el correcto funcionamiento de las"
322fa47f-5cf3-50ea-abc6-a84731095aa5,SSOT-HIGER,248,248,-1,Refacción: Slippery Guide Número de parte (OEM): 10FCA-22511-200 Categoría: Modelo: H6C
322fa47f-5cf3-50ea-abc6-a84731095aa5,SSOT-HIGER,252,252,-1,Refacción: Tightener Número de parte (OEM): 103TZ-07501 Categoría: Modelo: H6C
b4cf95a6-5763-57f6-82a9-e8b9ee96a062,SSOT-HIGER,36,36,-1,"PROGRAMA MANTENIMIENTO HIGER CNG Operación Revisión semanal Revisar indicador de filtro de aire, si es necesario cambiar Revisar y corregir nivel de aceite del motor Revisar y drenar tanques de aire Revisar y corregir nivel de aceite de la dirección Revisar y corregir nivel de refrigerante Revisar el correcto funcionamiento de los instrumentos del tablero Revisar el correcto funcionamiento de"
b4cf95a6-5763-57f6-82a9-e8b9ee96a062,SSOT-HIGER,36,36,-1,Lubricación general de la unidad Cambiar aceite de motor Cambiar filtro de aceite lubricante Revisar nivel de concentración del anticongelante del motor Revisar y drenar tanques de aire Revisar estado de cartucho desecante Revisar y corregir nivel de aceite del diferencial Revisar y corregir el nivel de aceite de transmisión Revisar y corregir nivel de aceite de la dirección hidráulica
b4cf95a6-5763-57f6-82a9-e8b9ee96a062,SSOT-HIGER,36,36,-1,"Revisar presión de las llantas, estado físico y desgaste Mantenimiento B, cada 20,000 km Revisar estado, conexiones y realizar rotación de baterías: Limpieza y carga de baterías Estado físico de caja de fusibles Revisión a corte de sistema Válvula de apertura de puertas Revisar estado de componentes suspensión, dirección y ejes: Terminales dirección Canillas de suspensión Juego en brazo pitman"
b4cf95a6-5763-57f6-82a9-e8b9ee96a062,SSOT-HIGER,37,37,-1,"PROGRAMA MANTENIMIENTO KLQ6935GC Operación Revisión semanal Revisar indicador de filtro de aire, si es necesario cambiar Revisar y corregir nivel de aceite del motor Revisar y drenar tanques de aire Revisar y corregir nivel de aceite de la dirección Revisar y corregir nivel de refrigerante Revisar el correcto funcionamiento de los instrumentos del tablero Revisar el correcto funcionamiento de las"
b4cf95a6-5763-57f6-82a9-e8b9ee96a062,SSOT-HIGER,252,252,-1,Refacción: Tightener Número de parte (OEM): 103TZ-07501 Categoría: Modelo: H6C
cc545e93-ab39-53c8-92b6-d482ec8034a7,SSOT-HIGER,36,36,-1,"PROGRAMA MANTENIMIENTO HIGER CNG Operación Revisión semanal Revisar indicador de filtro de aire, si es necesario cambiar Revisar y corregir nivel de aceite del motor Revisar y drenar tanques de aire Revisar y corregir nivel de aceite de la dirección Revisar y corregir nivel de refrigerante Revisar el correcto funcionamiento de los instrumentos del tablero Revisar el correcto funcionamiento de"
cc545e93-ab39-53c8-92b6-d482ec8034a7,SSOT-HIGER,36,36,-1,Lubricación general de la unidad Cambiar aceite de motor Cambiar filtro de aceite lubricante Revisar nivel de concentración del anticongelante del motor Revisar y drenar tanques de aire Revisar estado de cartucho desecante Revisar y corregir nivel de aceite del diferencial Revisar y corregir el nivel de aceite de transmisión Revisar y corregir nivel de aceite de la dirección hidráulica
cc545e93-ab39-53c8-92b6-d482ec8034a7,SSOT-HIGER,37,37,-1,"PROGRAMA MANTENIMIENTO KLQ6935GC Operación Revisión semanal Revisar indicador de filtro de aire, si es necesario cambiar Revisar y corregir nivel de aceite del motor Revisar y drenar tanques de aire Revisar y corregir nivel de aceite de la dirección Revisar y corregir nivel de refrigerante Revisar el correcto funcionamiento de los instrumentos del tablero Revisar el correcto funcionamiento de las"
cc545e93-ab39-53c8-92b6-d482ec8034a7,SSOT-HIGER,248,248,-1,Refacción: Slippery Guide Número de parte (OEM): 10FCA-22511-200 Categoría: Modelo: H6C
cc545e93-ab39-53c8-92b6-d482ec8034a7,SSOT-HIGER,258,258,-1,Refacción: Oil pump Número de parte (OEM): 103TZ-28500 Categoría: Modelo: H6C
297ccfc9-4f2d-50a3-895d-b7c0eacf85c3,SSOT-HIGER,36,36,-1,"Revisar presión de las llantas, estado físico y desgaste Mantenimiento B, cada 20,000 km Revisar estado, conexiones y realizar rotación de baterías: Limpieza y carga de baterías Estado físico de caja de fusibles Revisión a corte de sistema Válvula de apertura de puertas Revisar estado de componentes suspensión, dirección y ejes: Terminales dirección Canillas de suspensión Juego en brazo pitman"
297ccfc9-4f2d-50a3-895d-b7c0eacf85c3,SSOT-HIGER,37,37,-1,"Revisar conexiones eléctricas Revisar líneas de descarga del compresor de aire (motor) Revisar calibre de discos traseros Rotación de llantas Cambio de aceite de caja de transmisión Alineación y balanceo Cambiar filtro de combustible (CNG) Cambiar bujías (612600192176 bujías 9 mt & 1000450457 bujías 12 mt) Mantenimiento D, cada 60,000 km (aprox. 9 meses) Revisar calibre de discos delanteros Cambiar"
297ccfc9-4f2d-50a3-895d-b7c0eacf85c3,SSOT-HIGER,240,240,-1,Refacción: Cylinder head assy. Número de parte (OEM): 103TZ-03500 Categoría: Modelo: H6C
297ccfc9-4f2d-50a3-895d-b7c0eacf85c3,SSOT-HIGER,244,244,-1,Refacción: Piston Número de parte (OEM): 10FCA-04502-200 Categoría: Modelo: H6C
297ccfc9-4f2d-50a3-895d-b7c0eacf85c3,SSOT-HIGER,246,246,-1,"Refacción: piston,connection rod,crankshaft and flywheel Número de parte (OEM): 103TZ-04500 Categoría: Modelo: H6C"
f6438024-6df8-5c0c-8cad-ab1dc467c142,SSOT-HIGER,248,248,-1,Refacción: Slippery Guide Número de parte (OEM): 10FCA-22511-200 Categoría: Modelo: H6C
f6438024-6df8-5c0c-8cad-ab1dc467c142,SSOT-HIGER,326,326,-1,金龙联合汽车工业(苏州)有限公司 Higer Bus Company Limited 102
f6438024-6df8-5c0c-8cad-ab1dc467c142,SSOT-HIGER,338,338,-1,车轮 Rim 金龙联合汽车工业(苏州)有限公司 Higer Bus Company Limited 114
f6438024-6df8-5c0c-8cad-ab1dc467c142,SSOT-HIGER,428,428,-1,Refacción: 1.2 Número de parte (OEM): 61FA1-20501 Categoría: Modelo: H6C
f6438024-6df8-5c0c-8cad-ab1dc467c142,SSOT-HIGER,438,438,-1,Refacción: Main instrument Número de parte (OEM): 53FCW-05100 Categoría: Modelo: H6C
809ef0f3-7178-57d1-8aea-866e0d354f46,SSOT-HIGER,36,36,-1,"PROGRAMA MANTENIMIENTO HIGER CNG Operación Revisión semanal Revisar indicador de filtro de aire, si es necesario cambiar Revisar y corregir nivel de aceite del motor Revisar y drenar tanques de aire Revisar y corregir nivel de aceite de la dirección Revisar y corregir nivel de refrigerante Revisar el correcto funcionamiento de los instrumentos del tablero Revisar el correcto funcionamiento de"
809ef0f3-7178-57d1-8aea-866e0d354f46,SSOT-HIGER,36,36,-1,Lubricación general de la unidad Cambiar aceite de motor Cambiar filtro de aceite lubricante Revisar nivel de concentración del anticongelante del motor Revisar y drenar tanques de aire Revisar estado de cartucho desecante Revisar y corregir nivel de aceite del diferencial Revisar y corregir el nivel de aceite de transmisión Revisar y corregir nivel de aceite de la dirección hidráulica
809ef0f3-7178-57d1-8aea-866e0d354f46,SSOT-HIGER,36,36,-1,"Revisar conexiones eléctricas Revisar líneas de descarga del compresor de aire (motor) Revisar calibre de discos traseros Cambiar filtro de combustible (CNG) Cambiar bujías Cambiar balatas traseras Mantenimiento D cada 60,000 km Revisar calibre de discos delanteros Cambio de aceite de transmisión Cambio de filtro de aceite de caja (automática) Cambio de aceite diferencial. (Cuando aplique) Cambio de balatas delanteras"
809ef0f3-7178-57d1-8aea-866e0d354f46,SSOT-HIGER,37,37,-1,"PROGRAMA MANTENIMIENTO KLQ6935GC Operación Revisión semanal Revisar indicador de filtro de aire, si es necesario cambiar Revisar y corregir nivel de aceite del motor Revisar y drenar tanques de aire Revisar y corregir nivel de aceite de la dirección Revisar y corregir nivel de refrigerante Revisar el correcto funcionamiento de los instrumentos del tablero Revisar el correcto funcionamiento de las"
809ef0f3-7178-57d1-8aea-866e0d354f46,SSOT-HIGER,37,37,-1,"Revisar conexiones eléctricas Revisar líneas de descarga del compresor de aire (motor) Revisar calibre de discos traseros Rotación de llantas Cambio de aceite de caja de transmisión Alineación y balanceo Cambiar filtro de combustible (CNG) Cambiar bujías (612600192176 bujías 9 mt & 1000450457 bujías 12 mt) Mantenimiento D, cada 60,000 km (aprox. 9 meses) Revisar calibre de discos delanteros Cambiar"
9c6e6766-ad1d-5811-a300-a3ac98e2a534,SSOT-HIGER,36,36,-1,"PROGRAMA MANTENIMIENTO HIGER CNG Operación Revisión semanal Revisar indicador de filtro de aire, si es necesario cambiar Revisar y corregir nivel de aceite del motor Revisar y drenar tanques de aire Revisar y corregir nivel de aceite de la dirección Revisar y corregir nivel de refrigerante Revisar el correcto funcionamiento de los instrumentos del tablero Revisar el correcto funcionamiento de"
9c6e6766-ad1d-5811-a300-a3ac98e2a534,SSOT-HIGER,36,36,-1,Lubricación general de la unidad Cambiar aceite de motor Cambiar filtro de aceite lubricante Revisar nivel de concentración del anticongelante del motor Revisar y drenar tanques de aire Revisar estado de cartucho desecante Revisar y corregir nivel de aceite del diferencial Revisar y corregir el nivel de aceite de transmisión Revisar y corregir nivel de aceite de la dirección hidráulica
9c6e6766-ad1d-5811-a300-a3ac98e2a534,SSOT-HIGER,37,37,-1,"PROGRAMA MANTENIMIENTO KLQ6935GC Operación Revisión semanal Revisar indicador de filtro de aire, si es necesario cambiar Revisar y corregir nivel de aceite del motor Revisar y drenar tanques de aire Revisar y corregir nivel de aceite de la dirección Revisar y corregir nivel de refrigerante Revisar el correcto funcionamiento de los instrumentos del tablero Revisar el correcto funcionamiento de las"
9c6e6766-ad1d-5811-a300-a3ac98e2a534,SSOT-HIGER,248,248,-1,Refacción: Slippery Guide Número de parte (OEM): 10FCA-22511-200 Categoría: Modelo: H6C
9c6e6766-ad1d-5811-a300-a3ac98e2a534,SSOT-HIGER,424,424,-1,Refacción: Pedal (left front door) Número de parte (OEM): 51Z15-40021 Categoría: Modelo: H6C
d0a97f4e-ebb9-5548-a886-b6e3d78adf54,SSOT-HIGER,36,36,-1,"PROGRAMA MANTENIMIENTO HIGER CNG Operación Revisión semanal Revisar indicador de filtro de aire, si es necesario cambiar Revisar y corregir nivel de aceite del motor Revisar y drenar tanques de aire Revisar y corregir nivel de aceite de la dirección Revisar y corregir nivel de refrigerante Revisar el correcto funcionamiento de los instrumentos del tablero Revisar el correcto funcionamiento de"
d0a97f4e-ebb9-5548-a886-b6e3d78adf54,SSOT-HIGER,36,36,-1,Lubricación general de la unidad Cambiar aceite de motor Cambiar filtro de aceite lubricante Revisar nivel de concentración del anticongelante del motor Revisar y drenar tanques de aire Revisar estado de cartucho desecante Revisar y corregir nivel de aceite del diferencial Revisar y corregir el nivel de aceite de transmisión Revisar y corregir nivel de aceite de la dirección hidráulica
d0a97f4e-ebb9-5548-a886-b6e3d78adf54,SSOT-HIGER,36,36,-1,"Cambio de plumas limpia parabrisas Mantenimiento G, cada 120,000 km Ajuste de tren de válvulas Revisar torque y componentes de la suspensión y amortiguadores Cambio de embrague (versión manual) Mantenimiento H, cada 140,000 km Cambio de kit sellos y bujes para dirección Revisar bolsas de aire (cambio si es necesario) Revisión de tacones de motor Revisión de flecha cardán Revisión"
d0a97f4e-ebb9-5548-a886-b6e3d78adf54,SSOT-HIGER,36,36,-1,"Revisar presión de las llantas, estado físico y desgaste Mantenimiento B, cada 20,000 km Revisar estado, conexiones y realizar rotación de baterías: Limpieza y carga de baterías Estado físico de caja de fusibles Revisión a corte de sistema Válvula de apertura de puertas Revisar estado de componentes suspensión, dirección y ejes: Terminales dirección Canillas de suspensión Juego en brazo pitman"
d0a97f4e-ebb9-5548-a886-b6e3d78adf54,SSOT-HIGER,37,37,-1,"PROGRAMA MANTENIMIENTO KLQ6935GC Operación Revisión semanal Revisar indicador de filtro de aire, si es necesario cambiar Revisar y corregir nivel de aceite del motor Revisar y drenar tanques de aire Revisar y corregir nivel de aceite de la dirección Revisar y corregir nivel de refrigerante Revisar el correcto funcionamiento de los instrumentos del tablero Revisar el correcto funcionamiento de las"
27f85e97-36b1-5128-be86-eabe1ee43ad4,SSOT-HIGER,36,36,-1,"PROGRAMA MANTENIMIENTO HIGER CNG Operación Revisión semanal Revisar indicador de filtro de aire, si es necesario cambiar Revisar y corregir nivel de aceite del motor Revisar y drenar tanques de aire Revisar y corregir nivel de aceite de la dirección Revisar y corregir nivel de refrigerante Revisar el correcto funcionamiento de los instrumentos del tablero Revisar el correcto funcionamiento de"
27f85e97-36b1-5128-be86-eabe1ee43ad4,SSOT-HIGER,36,36,-1,Lubricación general de la unidad Cambiar aceite de motor Cambiar filtro de aceite lubricante Revisar nivel de concentración del anticongelante del motor Revisar y drenar tanques de aire Revisar estado de cartucho desecante Revisar y corregir nivel de aceite del diferencial Revisar y corregir el nivel de aceite de transmisión Revisar y corregir nivel de aceite de la dirección hidráulica
27f85e97-36b1-5128-be86-eabe1ee43ad4,SSOT-HIGER,37,37,-1,"PROGRAMA MANTENIMIENTO KLQ6935GC Operación Revisión semanal Revisar indicador de filtro de aire, si es necesario cambiar Revisar y corregir nivel de aceite del motor Revisar y drenar tanques de aire Revisar y corregir nivel de aceite de la dirección Revisar y corregir nivel de refrigerante Revisar el correcto funcionamiento de los instrumentos del tablero Revisar el correcto funcionamiento de las"
27f85e97-36b1-5128-be86-eabe1ee43ad4,SSOT-HIGER,248,248,-1,Refacción: Slippery Guide Número de parte (OEM): 10FCA-22511-200 Categoría: Modelo: H6C
27f85e97-36b1-5128-be86-eabe1ee43ad4,SSOT-HIGER,424,424,-1,Refacción: Pedal (left front door) Número de parte (OEM): 51Z15-40021 Categoría: Modelo: H6C
