file,evidence_type,vin,plate,odo_km,delivered_at,notes
WhatsApp Chat - Higer Postventa AGS 2/00000008-PHOTO-2025-05-21-12-16-57.jpg,vin_plate,LK1B1AA75SA803633,A50503A,18184,2025-05-21,"Documento de servicio con información de placa, VIN y odómetro."
WhatsApp Chat - Higer Postventa AGS 2/00000016-PHOTO-2025-05-21-12-20-06.jpg,placa_unidad,,A-05503-A,,,
WhatsApp Chat - Higer Postventa AGS 2/00000023-PHOTO-2025-05-21-12-21-57.jpg,vin_plate,LKL1BA7S5AB306363,A50503A,18184,2025-05-21,"Documento de servicio vehicular con información de placa, VIN y odómetro."
WhatsApp Chat - Higer Postventa AGS 2/00000037-PHOTO-2025-05-21-12-25-20.jpg,vin_plate,L6JYJY0619LK2,A0553A,,2023-10-19,
WhatsApp Chat - Higer Postventa AGS 2/00000038-PHOTO-2025-05-21-12-25-20.jpg,vin_plate,LKL1BAA76SA803633,,,,Placa de identificación del vehículo con información del VIN y otros detalles del fabricante.
WhatsApp Chat - Higer Postventa AGS 2/00000039-PHOTO-2025-05-21-12-25-20.jpg,placa_unidad,,A-05503-A,,,
WhatsApp Chat - Higer Postventa AGS 2/00000040-PHOTO-2025-05-21-12-25-21.jpg,odometro,,,18184,,Odómetro mostrando 18184 km.
WhatsApp Chat - Higer Postventa AGS 2/00000041-PHOTO-2025-05-21-12-25-22.jpg,conector,,,,,La imagen muestra un conector y cableado visible en el motor.
WhatsApp Chat - Higer Postventa AGS 2/00000044-PHOTO-2025-05-21-12-27-31.jpg,vin_plate,LKL1BAA755A803633,A05503-A,18174,2023-05-21,"Documento de reporte de garantía con información de serie, kilómetros y placa."
WhatsApp Chat - Higer Postventa AGS 2/00000061-PHOTO-2025-05-26-16-07-38.jpg,odometro,,,31083,2025-05-23,Pantalla de sistema de servicio mostrando odómetro y observaciones de revisión de anticongelante.
WhatsApp Chat - Higer Postventa AGS 2/00000074-PHOTO-2025-05-29-15-44-55.jpg,odometro,,,32160,,
WhatsApp Chat - Higer Postventa AGS 2/00000076-PHOTO-2025-05-30-10-15-54.jpg,placa_unidad,,A-05355-A,,,
WhatsApp Chat - Higer Postventa AGS 2/00000077-PHOTO-2025-05-30-10-16-19.jpg,otro,,,,,La imagen muestra una credencial para votar del Instituto Nacional Electoral de México.
WhatsApp Chat - Higer Postventa AGS 2/00000085-PHOTO-2025-05-30-10-28-12.jpg,vin_plate,3N1BC13E88L385697,,,,Constancia de registro vehicular visible con VIN.
WhatsApp Chat - Higer Postventa AGS 2/00000094-PHOTO-2025-06-02-13-06-43.jpg,vin_plate,LKL1BAA7XSA802865,A05506A,1480,2025-06-02,"Documento de servicio con información de placa, VIN y odómetro."
WhatsApp Chat - Higer Postventa AGS 2/00000096-PHOTO-2025-06-02-13-06-44.jpg,odometro,,,1480,,Imagen muestra un odómetro con lectura de 1480 km.
WhatsApp Chat - Higer Postventa AGS 2/00000097-PHOTO-2025-06-02-13-06-44.jpg,placa_unidad,,A-05506-A,,,
WhatsApp Chat - Higer Postventa AGS 2/00000098-PHOTO-2025-06-02-13-06-44.jpg,otro,,,,,La imagen muestra el techo interior de un vehículo con luces y ventilaciones. No se observa información relevante para los campos solicitados.
WhatsApp Chat - Higer Postventa AGS 2/00000099-PHOTO-2025-06-02-13-06-45.jpg,vin_plate,LKL1BAA7XSA802665,,,,
WhatsApp Chat - Higer Postventa AGS 2/00000100-PHOTO-2025-06-02-13-06-45.jpg,vin_plate,3N1BC13E08L365506,A04378,,,
WhatsApp Chat - Higer Postventa AGS 2/00000101-PHOTO-2025-06-02-13-06-46.jpg,otro,,,,,"La imagen muestra el interior de un vehículo, específicamente el techo y el espejo retrovisor. No se observa evidencia relevante como odómetro, placa, VIN, o fugas."
WhatsApp Chat - Higer Postventa AGS 2/00000102-PHOTO-2025-06-02-13-07-32.jpg,vin_plate,LKL1BAA7XSA808285,A05506A,,,
WhatsApp Chat - Higer Postventa AGS 2/00000104-PHOTO-2025-06-02-13-08-30.jpg,,,,,,
WhatsApp Chat - Higer Postventa AGS 2/00000131-PHOTO-2025-06-17-09-09-40.jpg,vin_plate,LKL1BAA7XSA802865,A05506A,1480,2025-06-02,"Documento de servicio con información de placa, VIN y odómetro."
WhatsApp Chat - Higer Postventa AGS 2/00000142-PHOTO-2025-06-18-17-11-21.jpg,vin_plate,LKL1BAA75SA804474,,,,
WhatsApp Chat - Higer Postventa AGS 2/00000143-PHOTO-2025-06-18-17-11-21.jpg,vin_plate,LKL1BA7A55AB04474,24FCV0061,,2025-04-30,La imagen muestra una placa con el VIN del vehículo y una carta factura con detalles del vehículo.
WhatsApp Chat - Higer Postventa AGS 2/00000144-PHOTO-2025-06-18-17-11-21.jpg,odometro,,,934157,,
WhatsApp Chat - Higer Postventa AGS 2/00000145-PHOTO-2025-06-18-17-11-22.jpg,conector,,,,,La imagen muestra un componente conector o parte de un sistema de encendido.
WhatsApp Chat - Higer Postventa AGS 2/00000146-PHOTO-2025-06-18-17-11-22.jpg,vin_plate,LRK1BAA35A8044744,,157,2025-06-12,Documento de reporte de garantía con información de serie y kilometraje.
WhatsApp Chat - Higer Postventa AGS 2/00000147-PHOTO-2025-06-18-17-11-22.jpg,otro,,,,,"Documento de solicitud de refacciones en garantía. No se observan elementos relacionados con vehículos como placas, VIN, odómetros, etc."
WhatsApp Chat - Higer Postventa AGS 2/00000151-PHOTO-2025-06-20-11-41-55.jpg,otro,,,,,"La imagen muestra una pieza de plástico con un tornillo en el centro, posiblemente parte de un sistema de tuberías o conexiones. No se puede determinar su función exacta."
WhatsApp Chat - Higer Postventa AGS 2/00000152-PHOTO-2025-06-20-11-41-55.jpg,otro,1HGCM82633A004352,123ABC,,2023-10-05,"La imagen muestra una pieza de plástico con una flecha, posiblemente parte de un sistema de tuberías o conexiones. No se puede determinar su función específica."
WhatsApp Chat - Higer Postventa AGS 2/00000153-PHOTO-2025-06-20-11-41-56.jpg,otro,,,,,"La imagen muestra una pieza de plástico con forma de conector o componente automotriz, pero no se puede determinar su función específica."
WhatsApp Chat - Higer Postventa AGS 2/00000154-PHOTO-2025-06-20-11-41-56.jpg,otro,,,,,"La imagen muestra una pieza de plástico con una flecha, posiblemente parte de un sistema de conexión o válvula. No se puede determinar su función exacta."
WhatsApp Chat - Higer Postventa AGS 2/00000163-PHOTO-2025-06-21-09-55-57.jpg,fuga_liquido,LKL1BAA735A802967,A-05335-A,37614,2025-06-21,Se detecta fuga de anticongelante por válvula de paso de anticongelante de la calefacción.
WhatsApp Chat - Higer Postventa AGS 2/00000164-PHOTO-2025-06-21-09-55-57.jpg,otro,,,,,"Documento de solicitud de refacciones en garantía. No se observan elementos relacionados con vehículos como placas, VIN, odómetros, etc."
WhatsApp Chat - Higer Postventa AGS 2/00000165-PHOTO-2025-06-21-09-55-57.jpg,vin_plate,LKL1BAA73SA802867,A05355A,,,
WhatsApp Chat - Higer Postventa AGS 2/00000166-PHOTO-2025-06-21-09-55-57.jpg,vin_plate,LKL1BAA73SA802867,,,,
WhatsApp Chat - Higer Postventa AGS 2/00000167-PHOTO-2025-06-21-09-55-57.jpg,odometro,,,37614,,
WhatsApp Chat - Higer Postventa AGS 2/00000168-PHOTO-2025-06-21-09-55-57.jpg,conector,,,,,La imagen muestra un componente que parece ser un conector o parte de un sistema de cableado.
WhatsApp Chat - Higer Postventa AGS 2/00000169-PHOTO-2025-06-21-09-55-57.jpg,placa_unidad,,A-05355-A,,,Placa de circulación visible en la parte frontal del vehículo.
WhatsApp Chat - Higer Postventa AGS 2/00000182-PHOTO-2025-06-25-16-57-07.jpg,vin_plate,LCL1BAA755A803633,,18174,,Documento con número de serie y kilómetros en odómetro.
WhatsApp Chat - Higer Postventa AGS 2/00000183-PHOTO-2025-06-25-16-57-07.jpg,otro,,,,,Documento de solicitud de refacciones en garantía con descripción de 'Tacómetro de RPM'.
WhatsApp Chat - Higer Postventa AGS 2/00000184-PHOTO-2025-06-25-16-57-07.jpg,placa_unidad,,A-05503-A,,,
WhatsApp Chat - Higer Postventa AGS 2/00000185-PHOTO-2025-06-25-16-57-07.jpg,odometro,,,18184,,Odómetro mostrando 18184 km.
WhatsApp Chat - Higer Postventa AGS 2/00000186-PHOTO-2025-06-25-16-57-07.jpg,vin_plate,LKL1BAA75SA803633,,,2024-08,Placa de identificación del vehículo con información del VIN y otros detalles del fabricante.
WhatsApp Chat - Higer Postventa AGS 2/00000187-PHOTO-2025-06-25-16-57-07.jpg,vin_plate,LKL1BAA7558A03633,A065503A,,,
WhatsApp Chat - Higer Postventa AGS 2/00000195-PHOTO-2025-06-28-12-42-00.jpg,placa_unidad,,A-05503-A,,,
WhatsApp Chat - Higer Postventa AGS 2/00000196-PHOTO-2025-06-28-12-42-00.jpg,vin_plate,LKL1BAA75SA803633,,,,
WhatsApp Chat - Higer Postventa AGS 2/00000197-PHOTO-2025-06-28-12-42-00.jpg,vin_plate,LKL1BAA75SA803633,A05503A,,,
WhatsApp Chat - Higer Postventa AGS 2/00000198-PHOTO-2025-06-28-12-42-00.jpg,fuga_liquido,LJ12DAB19KB017879,,,,"Se observa un depósito de líquido, posiblemente refrigerante, en el compartimento del motor."
WhatsApp Chat - Higer Postventa AGS 2/00000199-PHOTO-2025-06-28-12-42-00.jpg,odometro,,,18184,2023-10-11,El odómetro muestra 18184 km. También se observan testigos encendidos en el tablero.
WhatsApp Chat - Higer Postventa AGS 2/00000200-PHOTO-2025-06-28-12-42-00.jpg,tablero,,,,,"La imagen muestra indicadores de combustible y temperatura, así como testigos luminosos en el tablero."
WhatsApp Chat - Higer Postventa AGS 2/00000201-PHOTO-2025-06-28-12-42-01.jpg,vin_plate,LKL1BAA75SA803633,,,2024-08,
WhatsApp Chat - Higer Postventa AGS 2/00000202-PHOTO-2025-06-28-12-42-01.jpg,odometro,,,18184,,
WhatsApp Chat - Higer Postventa AGS 2/00000203-PHOTO-2025-06-28-12-42-01.jpg,placa_unidad,,A-05503-A,,,Placa de circulación visible en la parte frontal del vehículo.
WhatsApp Chat - Higer Postventa AGS 2/00000204-PHOTO-2025-06-28-12-42-01.jpg,otro,,,,,"Imagen muestra una llanta y rin sin signos evidentes de fuga de aire, burbujas o espuma. No se observa líquido ni otros elementos destacados."
WhatsApp Chat - Higer Postventa AGS 2/00000205-PHOTO-2025-06-28-12-42-01.jpg,vin_plate,LKL1BAA75SA803633,A05503A,,2023-03-10,
WhatsApp Chat - Higer Postventa AGS 2/00000206-PHOTO-2025-06-28-12-42-01.jpg,vin_plate,LKL1BAA755A703633,,137874,,Documento con información de número de serie y kilómetros en odómetro.
WhatsApp Chat - Higer Postventa AGS 2/00000211-PHOTO-2025-07-09-09-50-58.jpg,vin_plate,LKL1BAA77SA802872,A05354A,,,
WhatsApp Chat - Higer Postventa AGS 2/00000212-PHOTO-2025-07-09-09-50-58.jpg,vin_plate,LKL1BAA175A802872,A-05354-A,49617,2025-09-07,Documento con información de serie y odómetro.
WhatsApp Chat - Higer Postventa AGS 2/00000213-PHOTO-2025-07-09-09-50-58.jpg,otro,,,,,Formulario de solicitud de refacciones en garantía con descripción de 'Medidor de Temperatura del motor'.
WhatsApp Chat - Higer Postventa AGS 2/00000214-PHOTO-2025-07-09-09-50-59.jpg,odometro,,,49618,,
WhatsApp Chat - Higer Postventa AGS 2/00000215-PHOTO-2025-07-09-09-50-59.jpg,tablero,,,,,La imagen muestra indicadores de combustible y temperatura en el tablero del vehículo.
WhatsApp Chat - Higer Postventa AGS 2/00000216-PHOTO-2025-07-09-09-50-59.jpg,placa_unidad,,A-05354-A,,,
WhatsApp Chat - Higer Postventa AGS 2/00000217-PHOTO-2025-07-09-09-50-59.jpg,vin_plate,LKL1BAA77SA802872,,,2024-07-01,
WhatsApp Chat - Higer Postventa AGS 2/00000221-PHOTO-2025-07-09-10-16-56.jpg,otro,,,,,"La imagen muestra una pieza de plástico con un tornillo en el centro, posiblemente parte de un sistema de tuberías o conexiones. No se observa información relevante para los otros tipos de evidencia."
WhatsApp Chat - Higer Postventa AGS 2/00000222-PHOTO-2025-07-09-10-16-56.jpg,otro,,,,,"La imagen muestra una pieza de plástico con una flecha y un dial, posiblemente parte de un sistema de tuberías o válvulas. No se puede determinar su función exacta."
WhatsApp Chat - Higer Postventa AGS 2/00000223-PHOTO-2025-07-09-10-16-56.jpg,otro,,,,,"La imagen muestra una pieza de plástico con forma de conector o componente automotriz, pero no se puede determinar su función específica."
WhatsApp Chat - Higer Postventa AGS 2/00000224-PHOTO-2025-07-09-10-16-56.jpg,otro,,,,,"La imagen muestra una pieza de plástico con conectores, posiblemente parte de un sistema de tuberías o válvulas. No se puede determinar su función exacta."
WhatsApp Chat - Higer Postventa AGS 2/00000250-PHOTO-2025-08-01-15-47-38.jpg,vin_plate,LRL1BAA35A702771,A-05356-A,57065,2025-01-07,Documento de reporte de garantía con información de VIN y odómetro.
WhatsApp Chat - Higer Postventa AGS 2/00000251-PHOTO-2025-08-01-15-47-39.jpg,otro,,,,,Documento de solicitud de refacciones en garantía. No se observa información relevante a los campos solicitados.
WhatsApp Chat - Higer Postventa AGS 2/00000252-PHOTO-2025-08-01-15-47-39.jpg,vin_plate,LKL1BAA75SA802871,A05356A,,,
WhatsApp Chat - Higer Postventa AGS 2/00000253-PHOTO-2025-08-01-15-47-39.jpg,odometro,,,57055,,
WhatsApp Chat - Higer Postventa AGS 2/00000254-PHOTO-2025-08-01-15-47-39.jpg,vin_plate,LKL1BAA75SA802871,,,,
WhatsApp Chat - Higer Postventa AGS 2/00000255-PHOTO-2025-08-01-15-47-40.jpg,,,,,,
WhatsApp Chat - Higer Postventa AGS 2/00000256-PHOTO-2025-08-01-15-47-40.jpg,placa_unidad,,A-05356-A,,,Placa de circulación visible en la parte frontal del vehículo.
WhatsApp Chat - Higer Postventa AGS 2/00000257-PHOTO-2025-08-01-15-48-07.jpg,otro,,,,,"La imagen muestra un componente de escape de un vehículo, posiblemente un catalizador. No se observan placas, VIN, odómetro, ni fugas visibles."
WhatsApp Chat - Higer Postventa AGS 2/00000258-PHOTO-2025-08-01-15-48-07.jpg,otro,,,,,"Se observa un tubo de escape o parte del sistema de escape en el suelo. No hay indicios de fuga, placa, VIN, odómetro, tablero o conector visible."
WhatsApp Chat - Higer Postventa AGS 2/00000260-PHOTO-2025-08-01-15-48-08.jpg,otro,,,,,"La imagen muestra un formulario de solicitud de refacciones en garantía, sin información relevante para los campos solicitados."
WhatsApp Chat - Higer Postventa AGS 2/00000261-PHOTO-2025-08-01-15-48-09.jpg,vin_plate,LKL1BAA75BA802771,,57065,2025-01-08,Documento con número de serie y kilometraje.
WhatsApp Chat - Higer Postventa AGS 2/00000262-PHOTO-2025-08-01-15-48-09.jpg,odometro,,,57065,,
WhatsApp Chat - Higer Postventa AGS 2/00000263-PHOTO-2025-08-01-15-48-09.jpg,vin_plate,LKL1BAA75SA802871,,,,
WhatsApp Chat - Higer Postventa AGS 2/00000264-PHOTO-2025-08-01-15-48-09.jpg,vin_plate,LKL1BAAT55A892571,A05356A,,,Tarjeta de circulación con información de placa y VIN.
WhatsApp Chat - Higer Postventa AGS 2/00000265-PHOTO-2025-08-01-15-48-10.jpg,placa_unidad,,A-05356-A,,,
WhatsApp Chat - Higer Postventa AGS 2/00000266-PHOTO-2025-08-04-12-27-34.jpg,odometro,,,,,Imagen de un panel de instrumentos con velocímetro y tacómetro visible. No se puede determinar el kilometraje exacto.
WhatsApp Chat - Higer Postventa AGS 2/00000267-PHOTO-2025-08-04-12-27-34.jpg,otro,,,,,"La imagen muestra engranajes y una cadena en una bolsa. No hay elementos relacionados con vehículos como odómetros, placas, VIN, o fugas visibles."
WhatsApp Chat - Higer Postventa AGS 2/00000281-PHOTO-2025-08-04-12-36-40.jpg,grieta_rin,,,,,Se observa una fisura en el rin metálico.
WhatsApp Chat - Higer Postventa AGS 2/00000282-PHOTO-2025-08-04-12-36-40.jpg,fuga_liquido,,,,,"Se observa líquido en la parte inferior de un componente del vehículo, posiblemente una fuga de aceite."
WhatsApp Chat - Higer Postventa AGS 2/00000283-PHOTO-2025-08-04-12-36-40.jpg,fuga_liquido,,,,,"Se observa líquido en la parte inferior del vehículo, posiblemente aceite."
WhatsApp Chat - Higer Postventa AGS 2/00000284-PHOTO-2025-08-04-12-36-40.jpg,otro,,,,,"La imagen muestra una parte del sistema de suspensión o transmisión de un vehículo. No se observan burbujas, espuma, ni líquidos visibles."
WhatsApp Chat - Higer Postventa AGS 2/00000304-PHOTO-2025-08-05-15-28-00.jpg,otro,,,,,"La imagen muestra una pieza mecánica, posiblemente un cilindro maestro o similar, sin contexto adicional."
WhatsApp Chat - Higer Postventa AGS 2/00000316-PHOTO-2025-08-06-10-28-43.jpg,otro,,,,,"La imagen muestra dos contenedores de refrigerante anticongelante sobre una mesa. No hay elementos relacionados con vehículos como placas, odómetros, o VIN visibles."
WhatsApp Chat - Higer Postventa AGS 2/00000317-PHOTO-2025-08-07-10-27-37.jpg,odometro,,,10501,,
WhatsApp Chat - Higer Postventa AGS 2/00000318-PHOTO-2025-08-07-10-27-37.jpg,placa_unidad,,A-05508-A,,,
WhatsApp Chat - Higer Postventa AGS 2/00000319-PHOTO-2025-08-07-10-27-37.jpg,vin_plate,1KL1BAA77SA803634,,,2022-08,
WhatsApp Chat - Higer Postventa AGS 2/00000320-PHOTO-2025-08-07-10-27-37.jpg,conector,,,,,La imagen muestra un conector o cableado visible en el compartimento del motor.
WhatsApp Chat - Higer Postventa AGS 2/00000347-PHOTO-2025-08-21-15-44-01.jpg,vin_plate,LKLBAA755AB02871,,62518,,Documento de reporte de garantía con información de VIN y odómetro.
WhatsApp Chat - Higer Postventa AGS 2/00000348-PHOTO-2025-08-21-15-44-10.jpg,otro,,,,,"Documento de solicitud de refacciones en garantía. No se observan elementos relacionados con vehículos como placas, VIN, odómetros, etc."
WhatsApp Chat - Higer Postventa AGS 2/00000362-PHOTO-2025-09-04-17-46-53.jpg,vin_plate,LKL1BAA715A804472,,48723,,Documento de reporte de garantía con información de serie y odómetro.
WhatsApp Chat - Higer Postventa AGS 2/00000363-PHOTO-2025-09-04-17-46-53.jpg,otro,,,,,Documento de solicitud de refacciones en garantía. No se observa evidencia de vehículo.
WhatsApp Chat - Higer Postventa AGS 2/00000365-PHOTO-2025-09-04-17-47-04.jpg,conector,JALC4W166L7005070,,,,La imagen muestra componentes del motor con tuberías y conexiones visibles.
WhatsApp Chat - Higer Postventa AGS 2/00000366-PHOTO-2025-09-04-17-47-04.jpg,odometro,,,48723,,Imagen muestra un odómetro con lectura de kilometraje.
WhatsApp Chat - Higer Postventa AGS 2/00000367-PHOTO-2025-09-04-17-47-05.jpg,vin_plate,LKL1BAA71SA804472,,,,"Placa de identificación del vehículo con información de VIN, marca, modelo y otros detalles."
WhatsApp Chat - Higer Postventa AGS 2/00000368-PHOTO-2025-09-04-17-47-05.jpg,placa_unidad,,A-05502-A,,,
WhatsApp Chat - Higer Postventa AGS 2/WhatsApp Image 2025-09-16 at 17.52.50.jpeg,fuga_llanta,,,,,"Burbujas visibles en el rin, indicando posible fuga de aire en la zona del talón."
