ts,author,text,attachment,category,severity,problem,model,oem,oil_code,vision_evidence_type,vision_vin,vision_plate,vision_odo_km,vision_delivered_at
2025-05-21 12:16:57 p.m.,Angeles,,00000008-PHOTO-2025-05-21-12-16-57.jpg,,,,,,,vin_plate,LK1B1AA75SA803633,A50503A,18184,2025-05-21
2025-05-21 12:20:06 p.m.,Angeles,,00000016-PHOTO-2025-05-21-12-20-06.jpg,,,,,,,placa_unidad,,A-05503-A,,
2025-05-21 12:21:30 p.m.,Angeles,,00000021-AUDIO-2025-05-21-12-21-30.opus,,,,,,,,,,,
2025-05-21 12:21:57 p.m.,Angeles,,00000023-PHOTO-2025-05-21-12-21-57.jpg,,,,,,,vin_plate,LKL1BA7S5AB306363,A50503A,18184,2025-05-21
2025-05-21 12:23:16 p.m.,Angeles,,00000031-AUDIO-2025-05-21-12-23-16.opus,,,,,,,,,,,
2025-05-21 12:23:29 p.m.,Angeles,,00000033-AUDIO-2025-05-21-12-23-29.opus,,,,,,,,,,,
2025-05-21 12:25:20 p.m.,Jeferson GNV express,,00000037-PHOTO-2025-05-21-12-25-20.jpg,,,,,,,vin_plate,L6JYJY0619LK2,A0553A,,2023-10-19
2025-05-21 12:25:20 p.m.,Jeferson GNV express,,00000038-PHOTO-2025-05-21-12-25-20.jpg,,,,,,,vin_plate,LKL1BAA76SA803633,,,
2025-05-21 12:25:20 p.m.,Jeferson GNV express,,00000039-PHOTO-2025-05-21-12-25-20.jpg,,,,,,,placa_unidad,,A-05503-A,,
2025-05-21 12:25:21 p.m.,Jeferson GNV express,,00000040-PHOTO-2025-05-21-12-25-21.jpg,,,,,,,odometro,,,18184,
2025-05-21 12:25:22 p.m.,Jeferson GNV express,,00000041-PHOTO-2025-05-21-12-25-22.jpg,,,,,,,conector,,,,
2025-05-21 12:27:31 p.m.,Angeles,,00000044-PHOTO-2025-05-21-12-27-31.jpg,,,,,,,vin_plate,LKL1BAA755A803633,A05503-A,18174,2023-05-21
2025-05-24 5:55:18 p.m.,Angeles,,00000056-AUDIO-2025-05-24-17-55-18.opus,,,,,,,,,,,
2025-05-26 4:07:38 p.m.,Keyrin GNV Express,,00000061-PHOTO-2025-05-26-16-07-38.jpg,,,,,,,odometro,,,31083,2025-05-23
2025-05-29 11:55:26 a.m.,Angeles,,00000067-VIDEO-2025-05-29-11-55-26.mp4,,,,,,,,,,,
2025-05-29 11:55:27 a.m.,Angeles,,00000068-VIDEO-2025-05-29-11-55-27.mp4,,,,,,,,,,,
2025-05-29 3:44:55 p.m.,Angeles,,00000074-PHOTO-2025-05-29-15-44-55.jpg,,,,,,,odometro,,,32160,
2025-05-30 10:15:54 a.m.,Angeles,,00000076-PHOTO-2025-05-30-10-15-54.jpg,,,,,,,placa_unidad,,A-05355-A,,
2025-05-30 10:16:19 a.m.,Angeles,,00000077-PHOTO-2025-05-30-10-16-19.jpg,,,,,,,otro,,,,
2025-05-30 10:28:12 a.m.,Angeles,,00000085-PHOTO-2025-05-30-10-28-12.jpg,,,,,,,vin_plate,3N1BC13E88L385697,,,
2025-05-30 10:31:30 a.m.,Angeles,,00000089-AUDIO-2025-05-30-10-31-30.opus,,,,,,,,,,,
2025-06-02 1:06:43 p.m.,Jeferson GNV express,,00000094-PHOTO-2025-06-02-13-06-43.jpg,,,,,,,vin_plate,LKL1BAA7XSA802865,A05506A,1480,2025-06-02
2025-06-02 1:06:44 p.m.,Jeferson GNV express,,00000096-PHOTO-2025-06-02-13-06-44.jpg,,,,,,,odometro,,,1480,
2025-06-02 1:06:44 p.m.,Jeferson GNV express,,00000097-PHOTO-2025-06-02-13-06-44.jpg,,,,,,,placa_unidad,,A-05506-A,,
2025-06-02 1:06:44 p.m.,Jeferson GNV express,,00000098-PHOTO-2025-06-02-13-06-44.jpg,,,,,,,otro,,,,
2025-06-02 1:06:45 p.m.,Jeferson GNV express,,00000099-PHOTO-2025-06-02-13-06-45.jpg,,,,,,,vin_plate,LKL1BAA7XSA802665,,,
2025-06-02 1:06:45 p.m.,Jeferson GNV express,,00000100-PHOTO-2025-06-02-13-06-45.jpg,,,,,,,vin_plate,3N1BC13E08L365506,A04378,,
2025-06-02 1:06:46 p.m.,Jeferson GNV express,,00000101-PHOTO-2025-06-02-13-06-46.jpg,,,,,,,otro,,,,
2025-06-02 1:07:32 p.m.,Angeles,,00000102-PHOTO-2025-06-02-13-07-32.jpg,,,,,,,vin_plate,LKL1BAA7XSA808285,A05506A,,
2025-06-02 1:08:30 p.m.,Angeles,,00000104-PHOTO-2025-06-02-13-08-30.jpg,,,,,,,,,,,
2025-06-15 3:57:51 p.m.,Angeles,,00000114-VIDEO-2025-06-15-15-57-51.mp4,,,,,,,,,,,
2025-06-17 9:09:40 a.m.,Jeferson GNV express,,00000131-PHOTO-2025-06-17-09-09-40.jpg,,,,,,,vin_plate,LKL1BAA7XSA802865,A05506A,1480,2025-06-02
2025-06-18 5:11:21 p.m.,Jeferson GNV express,,00000142-PHOTO-2025-06-18-17-11-21.jpg,,,,,,,vin_plate,LKL1BAA75SA804474,,,
2025-06-18 5:11:21 p.m.,Jeferson GNV express,,00000143-PHOTO-2025-06-18-17-11-21.jpg,,,,,,,vin_plate,LKL1BA7A55AB04474,24FCV0061,,2025-04-30
2025-06-18 5:11:21 p.m.,Jeferson GNV express,,00000144-PHOTO-2025-06-18-17-11-21.jpg,,,,,,,odometro,,,934157,
2025-06-18 5:11:22 p.m.,Jeferson GNV express,,00000145-PHOTO-2025-06-18-17-11-22.jpg,,,,,,,conector,,,,
2025-06-18 5:11:22 p.m.,Jeferson GNV express,,00000146-PHOTO-2025-06-18-17-11-22.jpg,,,,,,,vin_plate,LRK1BAA35A8044744,,157,2025-06-12
2025-06-18 5:11:22 p.m.,Jeferson GNV express,,00000147-PHOTO-2025-06-18-17-11-22.jpg,,,,,,,otro,,,,
2025-06-20 11:41:55 a.m.,Angeles,,00000151-PHOTO-2025-06-20-11-41-55.jpg,,,,,,,otro,,,,
2025-06-20 11:41:55 a.m.,Angeles,,00000152-PHOTO-2025-06-20-11-41-55.jpg,,,,,,,otro,1HGCM82633A004352,123ABC,,2023-10-05
2025-06-20 11:41:56 a.m.,Angeles,,00000153-PHOTO-2025-06-20-11-41-56.jpg,,,,,,,otro,,,,
2025-06-20 11:41:56 a.m.,Angeles,,00000154-PHOTO-2025-06-20-11-41-56.jpg,,,,,,,otro,,,,
2025-06-21 9:55:57 a.m.,Jeferson GNV express,,00000163-PHOTO-2025-06-21-09-55-57.jpg,,,,,,,fuga_liquido,LKL1BAA735A802967,A-05335-A,37614,2025-06-21
2025-06-21 9:55:57 a.m.,Jeferson GNV express,,00000164-PHOTO-2025-06-21-09-55-57.jpg,,,,,,,otro,,,,
2025-06-21 9:55:57 a.m.,Jeferson GNV express,,00000165-PHOTO-2025-06-21-09-55-57.jpg,,,,,,,vin_plate,LKL1BAA73SA802867,A05355A,,
2025-06-21 9:55:57 a.m.,Jeferson GNV express,,00000166-PHOTO-2025-06-21-09-55-57.jpg,,,,,,,vin_plate,LKL1BAA73SA802867,,,
2025-06-21 9:55:57 a.m.,Jeferson GNV express,,00000167-PHOTO-2025-06-21-09-55-57.jpg,,,,,,,odometro,,,37614,
2025-06-21 9:55:57 a.m.,Jeferson GNV express,,00000168-PHOTO-2025-06-21-09-55-57.jpg,,,,,,,conector,,,,
2025-06-21 9:55:57 a.m.,Jeferson GNV express,,00000169-PHOTO-2025-06-21-09-55-57.jpg,,,,,,,placa_unidad,,A-05355-A,,
2025-06-25 4:57:07 p.m.,Jeferson GNV express,,00000182-PHOTO-2025-06-25-16-57-07.jpg,,,,,,,vin_plate,LCL1BAA755A803633,,18174,
2025-06-25 4:57:07 p.m.,Jeferson GNV express,,00000183-PHOTO-2025-06-25-16-57-07.jpg,,,,,,,otro,,,,
2025-06-25 4:57:07 p.m.,Jeferson GNV express,,00000184-PHOTO-2025-06-25-16-57-07.jpg,,,,,,,placa_unidad,,A-05503-A,,
2025-06-25 4:57:07 p.m.,Jeferson GNV express,,00000185-PHOTO-2025-06-25-16-57-07.jpg,,,,,,,odometro,,,18184,
2025-06-25 4:57:07 p.m.,Jeferson GNV express,,00000186-PHOTO-2025-06-25-16-57-07.jpg,,,,,,,vin_plate,LKL1BAA75SA803633,,,2024-08
2025-06-25 4:57:07 p.m.,Jeferson GNV express,,00000187-PHOTO-2025-06-25-16-57-07.jpg,,,,,,,vin_plate,LKL1BAA7558A03633,A065503A,,
2025-06-25 4:57:07 p.m.,Jeferson GNV express,,00000188-VIDEO-2025-06-25-16-57-07.mp4,,,,,,,,,,,
2025-06-28 12:42:00 p.m.,Jeferson GNV express,,00000195-PHOTO-2025-06-28-12-42-00.jpg,,,,,,,placa_unidad,,A-05503-A,,
2025-06-28 12:42:00 p.m.,Jeferson GNV express,,00000196-PHOTO-2025-06-28-12-42-00.jpg,,,,,,,vin_plate,LKL1BAA75SA803633,,,
2025-06-28 12:42:00 p.m.,Jeferson GNV express,,00000197-PHOTO-2025-06-28-12-42-00.jpg,,,,,,,vin_plate,LKL1BAA75SA803633,A05503A,,
2025-06-28 12:42:00 p.m.,Jeferson GNV express,,00000198-PHOTO-2025-06-28-12-42-00.jpg,,,,,,,fuga_liquido,LJ12DAB19KB017879,,,
2025-06-28 12:42:00 p.m.,Jeferson GNV express,,00000199-PHOTO-2025-06-28-12-42-00.jpg,,,,,,,odometro,,,18184,2023-10-11
2025-06-28 12:42:00 p.m.,Jeferson GNV express,,00000200-PHOTO-2025-06-28-12-42-00.jpg,,,,,,,tablero,,,,
2025-06-28 12:42:01 p.m.,Jeferson GNV express,,00000201-PHOTO-2025-06-28-12-42-01.jpg,,,,,,,vin_plate,LKL1BAA75SA803633,,,2024-08
2025-06-28 12:42:01 p.m.,Jeferson GNV express,,00000202-PHOTO-2025-06-28-12-42-01.jpg,,,,,,,odometro,,,18184,
2025-06-28 12:42:01 p.m.,Jeferson GNV express,,00000203-PHOTO-2025-06-28-12-42-01.jpg,,,,,,,placa_unidad,,A-05503-A,,
2025-06-28 12:42:01 p.m.,Jeferson GNV express,,00000204-PHOTO-2025-06-28-12-42-01.jpg,,,,,,,otro,,,,
2025-06-28 12:42:01 p.m.,Jeferson GNV express,,00000205-PHOTO-2025-06-28-12-42-01.jpg,,,,,,,vin_plate,LKL1BAA75SA803633,A05503A,,2023-03-10
2025-06-28 12:42:01 p.m.,Jeferson GNV express,,00000206-PHOTO-2025-06-28-12-42-01.jpg,,,,,,,vin_plate,LKL1BAA755A703633,,137874,
2025-07-09 9:50:58 a.m.,Jeferson GNV express,,00000211-PHOTO-2025-07-09-09-50-58.jpg,,,,,,,vin_plate,LKL1BAA77SA802872,A05354A,,
2025-07-09 9:50:58 a.m.,Jeferson GNV express,,00000212-PHOTO-2025-07-09-09-50-58.jpg,,,,,,,vin_plate,LKL1BAA175A802872,A-05354-A,49617,2025-09-07
2025-07-09 9:50:58 a.m.,Jeferson GNV express,,00000213-PHOTO-2025-07-09-09-50-58.jpg,,,,,,,otro,,,,
2025-07-09 9:50:59 a.m.,Jeferson GNV express,,00000214-PHOTO-2025-07-09-09-50-59.jpg,,,,,,,odometro,,,49618,
2025-07-09 9:50:59 a.m.,Jeferson GNV express,,00000215-PHOTO-2025-07-09-09-50-59.jpg,,,,,,,tablero,,,,
2025-07-09 9:50:59 a.m.,Jeferson GNV express,,00000216-PHOTO-2025-07-09-09-50-59.jpg,,,,,,,placa_unidad,,A-05354-A,,
2025-07-09 9:50:59 a.m.,Jeferson GNV express,,00000217-PHOTO-2025-07-09-09-50-59.jpg,,,,,,,vin_plate,LKL1BAA77SA802872,,,2024-07-01
2025-07-09 10:16:56 a.m.,Angeles,,00000221-PHOTO-2025-07-09-10-16-56.jpg,,,,,,,otro,,,,
2025-07-09 10:16:56 a.m.,Angeles,,00000222-PHOTO-2025-07-09-10-16-56.jpg,,,,,,,otro,,,,
2025-07-09 10:16:56 a.m.,Angeles,,00000223-PHOTO-2025-07-09-10-16-56.jpg,,,,,,,otro,,,,
2025-07-09 10:16:56 a.m.,Angeles,,00000224-PHOTO-2025-07-09-10-16-56.jpg,,,,,,,otro,,,,
2025-07-30 5:29:54 p.m.,Jeferson GNV express,,00000242-AUDIO-2025-07-30-17-29-54.opus,,,,,,,,,,,
2025-08-01 3:47:38 p.m.,Jeferson GNV express,,00000250-PHOTO-2025-08-01-15-47-38.jpg,,,,,,,vin_plate,LRL1BAA35A702771,A-05356-A,57065,2025-01-07
2025-08-01 3:47:39 p.m.,Jeferson GNV express,,00000251-PHOTO-2025-08-01-15-47-39.jpg,,,,,,,otro,,,,
2025-08-01 3:47:39 p.m.,Jeferson GNV express,,00000252-PHOTO-2025-08-01-15-47-39.jpg,,,,,,,vin_plate,LKL1BAA75SA802871,A05356A,,
2025-08-01 3:47:39 p.m.,Jeferson GNV express,,00000253-PHOTO-2025-08-01-15-47-39.jpg,,,,,,,odometro,,,57055,
2025-08-01 3:47:39 p.m.,Jeferson GNV express,,00000254-PHOTO-2025-08-01-15-47-39.jpg,,,,,,,vin_plate,LKL1BAA75SA802871,,,
2025-08-01 3:47:40 p.m.,Jeferson GNV express,,00000255-PHOTO-2025-08-01-15-47-40.jpg,,,,,,,,,,,
2025-08-01 3:47:40 p.m.,Jeferson GNV express,,00000256-PHOTO-2025-08-01-15-47-40.jpg,,,,,,,placa_unidad,,A-05356-A,,
2025-08-01 3:48:07 p.m.,Jeferson GNV express,,00000257-PHOTO-2025-08-01-15-48-07.jpg,,,,,,,otro,,,,
2025-08-01 3:48:07 p.m.,Jeferson GNV express,,00000258-PHOTO-2025-08-01-15-48-07.jpg,,,,,,,otro,,,,
2025-08-01 3:48:08 p.m.,Jeferson GNV express,,00000260-PHOTO-2025-08-01-15-48-08.jpg,,,,,,,otro,,,,
2025-08-01 3:48:09 p.m.,Jeferson GNV express,,00000261-PHOTO-2025-08-01-15-48-09.jpg,,,,,,,vin_plate,LKL1BAA75BA802771,,57065,2025-01-08
2025-08-01 3:48:09 p.m.,Jeferson GNV express,,00000262-PHOTO-2025-08-01-15-48-09.jpg,,,,,,,odometro,,,57065,
2025-08-01 3:48:09 p.m.,Jeferson GNV express,,00000263-PHOTO-2025-08-01-15-48-09.jpg,,,,,,,vin_plate,LKL1BAA75SA802871,,,
2025-08-01 3:48:09 p.m.,Jeferson GNV express,,00000264-PHOTO-2025-08-01-15-48-09.jpg,,,,,,,vin_plate,LKL1BAAT55A892571,A05356A,,
2025-08-01 3:48:10 p.m.,Jeferson GNV express,,00000265-PHOTO-2025-08-01-15-48-10.jpg,,,,,,,placa_unidad,,A-05356-A,,
2025-08-04 12:27:34 p.m.,Angeles,,00000266-PHOTO-2025-08-04-12-27-34.jpg,,,,,,,odometro,,,,
2025-08-04 12:27:34 p.m.,Angeles,,00000267-PHOTO-2025-08-04-12-27-34.jpg,,,,,,,otro,,,,
2025-08-04 12:36:40 p.m.,Angeles,,00000281-PHOTO-2025-08-04-12-36-40.jpg,,,,,,,grieta_rin,,,,
2025-08-04 12:36:40 p.m.,Angeles,,00000282-PHOTO-2025-08-04-12-36-40.jpg,,,,,,,fuga_liquido,,,,
2025-08-04 12:36:40 p.m.,Angeles,,00000283-PHOTO-2025-08-04-12-36-40.jpg,,,,,,,fuga_liquido,,,,
2025-08-04 12:36:40 p.m.,Angeles,,00000284-PHOTO-2025-08-04-12-36-40.jpg,,,,,,,otro,,,,
2025-08-05 9:29:14 a.m.,Keyrin GNV Express,,00000296-VIDEO-2025-08-05-09-29-14.mp4,,,,,,,,,,,
2025-08-05 9:29:14 a.m.,Keyrin GNV Express,,00000297-VIDEO-2025-08-05-09-29-14.mp4,,,,,,,,,,,
2025-08-05 3:28:00 p.m.,Jeferson GNV express,,00000304-PHOTO-2025-08-05-15-28-00.jpg,,,,,,,otro,,,,
2025-08-06 10:28:43 a.m.,Angeles,,00000316-PHOTO-2025-08-06-10-28-43.jpg,,,,,,,otro,,,,
2025-08-07 10:27:37 a.m.,Keyrin GNV Express,,00000317-PHOTO-2025-08-07-10-27-37.jpg,,,,,,,odometro,,,10501,
2025-08-07 10:27:37 a.m.,Keyrin GNV Express,,00000318-PHOTO-2025-08-07-10-27-37.jpg,,,,,,,placa_unidad,,A-05508-A,,
2025-08-07 10:27:37 a.m.,Keyrin GNV Express,,00000319-PHOTO-2025-08-07-10-27-37.jpg,,,,,,,vin_plate,1KL1BAA77SA803634,,,2022-08
2025-08-07 10:27:37 a.m.,Keyrin GNV Express,,00000320-PHOTO-2025-08-07-10-27-37.jpg,,,,,,,conector,,,,
2025-08-07 3:16:11 p.m.,Angeles,,00000329-AUDIO-2025-08-07-15-16-11.opus,,,,,,,,,,,
2025-08-21 3:44:01 p.m.,Keyrin GNV Express,,00000347-PHOTO-2025-08-21-15-44-01.jpg,,,,,,,vin_plate,LKLBAA755AB02871,,62518,
2025-08-21 3:44:10 p.m.,Keyrin GNV Express,,00000348-PHOTO-2025-08-21-15-44-10.jpg,,,,,,,otro,,,,
2025-09-04 5:46:53 p.m.,Jeferson GNV express,,00000362-PHOTO-2025-09-04-17-46-53.jpg,,,,,,,vin_plate,LKL1BAA715A804472,,48723,
2025-09-04 5:46:53 p.m.,Jeferson GNV express,,00000363-PHOTO-2025-09-04-17-46-53.jpg,,,,,,,otro,,,,
2025-09-04 5:47:04 p.m.,Jeferson GNV express,,00000365-PHOTO-2025-09-04-17-47-04.jpg,,,,,,,conector,JALC4W166L7005070,,,
2025-09-04 5:47:04 p.m.,Jeferson GNV express,,00000366-PHOTO-2025-09-04-17-47-04.jpg,,,,,,,odometro,,,48723,
2025-09-04 5:47:05 p.m.,Jeferson GNV express,,00000367-PHOTO-2025-09-04-17-47-05.jpg,,,,,,,vin_plate,LKL1BAA71SA804472,,,
2025-09-04 5:47:05 p.m.,Jeferson GNV express,,00000368-PHOTO-2025-09-04-17-47-05.jpg,,,,,,,placa_unidad,,A-05502-A,,
